filename,sample_id,room_count,unique_classes,unique_class_count,semantic_nonzero_pixels,outline_pixels,sem_shape,outline_shape,valid,reason,present_in_clean_folder,missing_keys,error
high_quality_architectural_10000_Floor-1.npz,high_quality_architectural/10000/Floor-1,1,"0,4,8",3,7793,7793,256x256,256x256,False,room_count_below_min,False,,
high_quality_architectural_10001_Floor-1.npz,high_quality_architectural/10001/Floor-1,5,"0,1,2,4,5,7,8",7,14425,14425,256x256,256x256,True,kept,True,,
high_quality_architectural_10002_Floor-1.npz,high_quality_architectural/10002/Floor-1,8,"0,1,3,4,5,7,8",7,28359,28359,256x256,256x256,True,kept,True,,
high_quality_architectural_10006_Floor-1.npz,high_quality_architectural/10006/Floor-1,10,"0,1,3,4,5,7,8",7,29899,29899,256x256,256x256,True,kept,True,,
high_quality_architectural_10007_Floor-1.npz,high_quality_architectural/10007/Floor-1,8,"0,3,4,5,7,8",6,21346,21346,256x256,256x256,True,kept,True,,
high_quality_architectural_10008_Floor-1.npz,high_quality_architectural/10008/Floor-1,13,"0,1,2,3,4,5,7,8",8,24578,24578,256x256,256x256,True,kept,True,,
high_quality_architectural_1000_Floor-1.npz,high_quality_architectural/1000/Floor-1,10,"0,1,2,3,4,5,6,7,8",9,25632,25632,256x256,256x256,True,kept,True,,
high_quality_architectural_10013_Floor-1.npz,high_quality_architectural/10013/Floor-1,6,"0,1,2,4,5,8",6,13898,13898,256x256,256x256,True,kept,True,,
high_quality_architectural_10013_Floor-2.npz,high_quality_architectural/10013/Floor-2,8,"0,1,3,4,5,8",6,12466,12466,256x256,256x256,True,kept,True,,
high_quality_architectural_10016_Floor-1.npz,high_quality_architectural/10016/Floor-1,10,"0,1,2,3,4,5,7,8",8,25977,25977,256x256,256x256,True,kept,True,,
high_quality_architectural_10018_Floor-1.npz,high_quality_architectural/10018/Floor-1,3,"0,1,2,4,5,7,8",7,27828,27828,256x256,256x256,True,kept,True,,
high_quality_architectural_10019_Floor-1.npz,high_quality_architectural/10019/Floor-1,2,"0,1,3,5,8",5,32955,32955,256x256,256x256,False,room_count_below_min,False,,
high_quality_architectural_10020_Floor-1.npz,high_quality_architectural/10020/Floor-1,2,"0,1,2,3,4,5,8",7,42682,42682,256x256,256x256,False,room_count_below_min,False,,
high_quality_architectural_10022_Floor-1.npz,high_quality_architectural/10022/Floor-1,13,"0,1,2,3,4,5,6,7,8",9,16012,16012,256x256,256x256,True,kept,True,,
high_quality_architectural_10023_Floor-1.npz,high_quality_architectural/10023/Floor-1,6,"0,1,2,3,4,5,7,8",8,26536,26536,256x256,256x256,True,kept,True,,
high_quality_architectural_10025_Floor-1.npz,high_quality_architectural/10025/Floor-1,7,"0,1,2,4,7,8",6,30196,30196,256x256,256x256,True,kept,True,,
high_quality_architectural_10026_Floor-1.npz,high_quality_architectural/10026/Floor-1,4,"0,2,3,4,8",5,25443,25443,256x256,256x256,True,kept,True,,
high_quality_architectural_10028_Floor-1.npz,high_quality_architectural/10028/Floor-1,1,"0,1,2,8",4,26672,26672,256x256,256x256,False,room_count_below_min,False,,
high_quality_architectural_10029_Floor-1.npz,high_quality_architectural/10029/Floor-1,7,"0,1,2,3,4,5,6,7,8",9,43831,43831,256x256,256x256,True,kept,True,,
high_quality_architectural_10034_Floor-1.npz,high_quality_architectural/10034/Floor-1,4,"0,1,3,4,7,8",6,20653,20653,256x256,256x256,True,kept,True,,
high_quality_architectural_10035_Floor-1.npz,high_quality_architectural/10035/Floor-1,9,"0,2,3,4,5,7,8",7,34080,34080,256x256,256x256,True,kept,True,,
high_quality_architectural_10036_Floor-1.npz,high_quality_architectural/10036/Floor-1,15,"0,1,2,3,4,5,7,8",8,31165,31165,256x256,256x256,True,kept,True,,
high_quality_architectural_10039_Floor-1.npz,high_quality_architectural/10039/Floor-1,10,"0,1,2,3,4,5,7,8",8,42579,42579,256x256,256x256,True,kept,True,,
high_quality_architectural_10043_Floor-1.npz,high_quality_architectural/10043/Floor-1,5,"0,2,3,4,5,6,7,8",8,32074,32074,256x256,256x256,True,kept,True,,
high_quality_architectural_10044_Floor-1.npz,high_quality_architectural/10044/Floor-1,10,"0,1,3,4,5,7,8",7,22254,22254,256x256,256x256,True,kept,True,,
high_quality_architectural_10045_Floor-1.npz,high_quality_architectural/10045/Floor-1,3,"0,1,3,4,5,8",6,26838,26838,256x256,256x256,True,kept,True,,
high_quality_architectural_10046_Floor-1.npz,high_quality_architectural/10046/Floor-1,8,"0,1,2,3,4,5,7,8",8,45080,45080,256x256,256x256,True,kept,True,,
high_quality_architectural_10047_Floor-1.npz,high_quality_architectural/10047/Floor-1,4,"0,1,2,4,5,7,8",7,9444,9444,256x256,256x256,True,kept,True,,
high_quality_architectural_10047_Floor-2.npz,high_quality_architectural/10047/Floor-2,5,"0,2,4,7,8",5,8137,8137,256x256,256x256,True,kept,True,,
high_quality_architectural_1004_Floor-1.npz,high_quality_architectural/1004/Floor-1,5,"0,1,2,4,5,7,8",7,29866,29866,256x256,256x256,True,kept,True,,
high_quality_architectural_10054_Floor-1.npz,high_quality_architectural/10054/Floor-1,12,"0,1,2,3,4,5,7,8",8,37620,37620,256x256,256x256,True,kept,True,,
high_quality_architectural_10058_Floor-1.npz,high_quality_architectural/10058/Floor-1,4,"0,1,2,4,5,6,7,8",8,14406,14406,256x256,256x256,True,kept,True,,
high_quality_architectural_10058_Floor-2.npz,high_quality_architectural/10058/Floor-2,4,"0,3,7,8",4,9388,9388,256x256,256x256,True,kept,True,,
high_quality_architectural_10059_Floor-1.npz,high_quality_architectural/10059/Floor-1,3,"0,1,2,4,8",5,28094,28094,256x256,256x256,True,kept,True,,
high_quality_architectural_10063_Floor-1.npz,high_quality_architectural/10063/Floor-1,10,"0,1,2,4,5,6,7,8",8,25034,25034,256x256,256x256,True,kept,True,,
high_quality_architectural_10063_Floor-2.npz,high_quality_architectural/10063/Floor-2,1,"0,7,8",3,1321,1321,256x256,256x256,False,room_count_below_min,False,,
high_quality_architectural_10069_Floor-1.npz,high_quality_architectural/10069/Floor-1,12,"0,2,3,4,5,7,8",7,38439,38439,256x256,256x256,True,kept,True,,
high_quality_architectural_10070_Floor-1.npz,high_quality_architectural/10070/Floor-1,1,"0,4,8",3,4389,4389,256x256,256x256,False,room_count_below_min,False,,
high_quality_architectural_10074_Floor-1.npz,high_quality_architectural/10074/Floor-1,12,"0,1,2,3,4,5,7,8",8,18513,18513,256x256,256x256,True,kept,True,,
high_quality_architectural_10074_Floor-2.npz,high_quality_architectural/10074/Floor-2,3,"0,3,5,7,8",5,9202,9202,256x256,256x256,True,kept,True,,
high_quality_architectural_10075_Floor-1.npz,high_quality_architectural/10075/Floor-1,3,"0,1,2,3,4,5,8",7,31167,31167,256x256,256x256,True,kept,True,,
high_quality_architectural_10080_Floor-1.npz,high_quality_architectural/10080/Floor-1,2,"0,1,2,4,5,7,8",7,31384,31384,256x256,256x256,False,room_count_below_min,False,,
high_quality_architectural_10082_Floor-1.npz,high_quality_architectural/10082/Floor-1,10,"0,1,2,3,4,5,6,7,8",9,21121,21121,256x256,256x256,True,kept,True,,
high_quality_architectural_10084_Floor-1.npz,high_quality_architectural/10084/Floor-1,4,"0,2,5,8",4,21754,21754,256x256,256x256,True,kept,True,,
high_quality_architectural_10088_Floor-1.npz,high_quality_architectural/10088/Floor-1,12,"0,1,2,3,4,5,7,8",8,30433,30433,256x256,256x256,True,kept,True,,
high_quality_architectural_10089_Floor-1.npz,high_quality_architectural/10089/Floor-1,5,"0,1,2,3,5,7,8",7,20766,20766,256x256,256x256,True,kept,True,,
high_quality_architectural_10092_Floor-1.npz,high_quality_architectural/10092/Floor-1,2,"0,7,8",3,4326,4326,256x256,256x256,False,room_count_below_min,False,,
high_quality_architectural_10092_Floor-2.npz,high_quality_architectural/10092/Floor-2,6,"0,1,2,4,5,7,8",7,11725,11725,256x256,256x256,True,kept,True,,
high_quality_architectural_10092_Floor-3.npz,high_quality_architectural/10092/Floor-3,7,"0,3,4,5,7,8",6,11610,11610,256x256,256x256,True,kept,True,,
high_quality_architectural_10093_Floor-1.npz,high_quality_architectural/10093/Floor-1,8,"0,1,2,3,4,5,6,7,8",9,14383,14383,256x256,256x256,True,kept,True,,
high_quality_architectural_10093_Floor-2.npz,high_quality_architectural/10093/Floor-2,7,"0,3,4,5,7,8",6,8162,8162,256x256,256x256,True,kept,True,,
high_quality_architectural_10095_Floor-1.npz,high_quality_architectural/10095/Floor-1,5,"0,1,2,3,5,7,8",7,31493,31493,256x256,256x256,True,kept,True,,
high_quality_architectural_10096_Floor-1.npz,high_quality_architectural/10096/Floor-1,4,"0,1,2,4,7,8",6,38005,38005,256x256,256x256,True,kept,True,,
high_quality_architectural_10097_Floor-1.npz,high_quality_architectural/10097/Floor-1,11,"0,1,2,3,4,5,7,8",8,37534,37534,256x256,256x256,True,kept,True,,
high_quality_architectural_10102_Floor-1.npz,high_quality_architectural/10102/Floor-1,9,"0,1,2,3,4,5,7,8",8,29693,29693,256x256,256x256,True,kept,True,,
high_quality_architectural_10105_Floor-1.npz,high_quality_architectural/10105/Floor-1,6,"0,1,2,3,4,5,7,8",8,35625,35625,256x256,256x256,True,kept,True,,
high_quality_architectural_10108_Floor-1.npz,high_quality_architectural/10108/Floor-1,12,"0,1,2,3,4,5,7,8",8,14253,14253,256x256,256x256,True,kept,True,,
high_quality_architectural_10108_Floor-2.npz,high_quality_architectural/10108/Floor-2,1,"0,4,8",3,2263,2263,256x256,256x256,False,room_count_below_min,False,,
high_quality_architectural_10113_Floor-1.npz,high_quality_architectural/10113/Floor-1,2,"0,1,4,5,7,8",6,29310,29310,256x256,256x256,False,room_count_below_min,False,,
high_quality_architectural_10114_Floor-1.npz,high_quality_architectural/10114/Floor-1,6,"0,1,2,3,4,5,7,8",8,14037,14037,256x256,256x256,True,kept,True,,
high_quality_architectural_10114_Floor-2.npz,high_quality_architectural/10114/Floor-2,5,"0,3,4,5,7,8",6,12050,12050,256x256,256x256,True,kept,True,,
high_quality_architectural_10116_Floor-1.npz,high_quality_architectural/10116/Floor-1,6,"0,2,3,4,5,7,8",7,36702,36702,256x256,256x256,True,kept,True,,
high_quality_architectural_10118_Floor-1.npz,high_quality_architectural/10118/Floor-1,5,"0,1,2,5,8",5,35849,35849,256x256,256x256,True,kept,True,,
high_quality_architectural_10119_Floor-1.npz,high_quality_architectural/10119/Floor-1,5,"0,1,2,3,4,5,8",7,37597,37597,256x256,256x256,True,kept,True,,
high_quality_architectural_10122_Floor-1.npz,high_quality_architectural/10122/Floor-1,6,"0,1,2,4,5,8",6,38031,38031,256x256,256x256,True,kept,True,,
high_quality_architectural_10125_Floor-1.npz,high_quality_architectural/10125/Floor-1,8,"0,1,2,3,4,5,7,8",8,15658,15658,256x256,256x256,True,kept,True,,
high_quality_architectural_10125_Floor-2.npz,high_quality_architectural/10125/Floor-2,6,"0,2,3,4,7,8",6,7248,7248,256x256,256x256,True,kept,True,,
high_quality_architectural_10126_Floor-1.npz,high_quality_architectural/10126/Floor-1,5,"0,1,2,3,4,8",6,41348,41348,256x256,256x256,True,kept,True,,
high_quality_architectural_10127_Floor-1.npz,high_quality_architectural/10127/Floor-1,1,"0,1,2,8",4,34348,34348,256x256,256x256,False,room_count_below_min,False,,
high_quality_architectural_10128_Floor-1.npz,high_quality_architectural/10128/Floor-1,5,"0,1,2,3,4,5,7,8",8,33156,33156,256x256,256x256,True,kept,True,,
high_quality_architectural_10129_Floor-1.npz,high_quality_architectural/10129/Floor-1,5,"0,1,2,3,4,5,7,8",8,36630,36630,256x256,256x256,True,kept,True,,
high_quality_architectural_10130_Floor-1.npz,high_quality_architectural/10130/Floor-1,7,"0,1,2,3,4,5,7,8",8,37196,37196,256x256,256x256,True,kept,True,,
high_quality_architectural_10131_Floor-1.npz,high_quality_architectural/10131/Floor-1,4,"0,1,2,3,4,8",6,34294,34294,256x256,256x256,True,kept,True,,
high_quality_architectural_10136_Floor-1.npz,high_quality_architectural/10136/Floor-1,0,"0,8",2,2312,2312,256x256,256x256,False,room_count_below_min,False,,
high_quality_architectural_10136_Floor-2.npz,high_quality_architectural/10136/Floor-2,4,"0,1,2,3,4,5,8",7,18697,18697,256x256,256x256,True,kept,True,,
high_quality_architectural_10139_Floor-1.npz,high_quality_architectural/10139/Floor-1,5,"0,1,3,4,5,7,8",7,27685,27685,256x256,256x256,True,kept,True,,
high_quality_architectural_10140_Floor-1.npz,high_quality_architectural/10140/Floor-1,7,"0,1,3,4,5,7,8",7,29448,29448,256x256,256x256,True,kept,True,,
high_quality_architectural_10141_Floor-1.npz,high_quality_architectural/10141/Floor-1,7,"0,1,2,3,4,5,6,7,8",9,13524,13524,256x256,256x256,True,kept,True,,
high_quality_architectural_10142_Floor-1.npz,high_quality_architectural/10142/Floor-1,3,"0,2,3,5,7,8",6,31219,31219,256x256,256x256,True,kept,True,,
high_quality_architectural_10143_Floor-1.npz,high_quality_architectural/10143/Floor-1,10,"0,1,2,3,4,5,6,7,8",9,27833,27833,256x256,256x256,True,kept,True,,
high_quality_architectural_10146_Floor-1.npz,high_quality_architectural/10146/Floor-1,6,"0,1,2,3,4,5,8",7,38826,38826,256x256,256x256,True,kept,True,,
high_quality_architectural_10147_Floor-1.npz,high_quality_architectural/10147/Floor-1,9,"0,1,2,4,5,7,8",7,49093,49093,256x256,256x256,True,kept,True,,
high_quality_architectural_10149_Floor-1.npz,high_quality_architectural/10149/Floor-1,7,"0,1,2,3,4,5,7,8",8,35156,35156,256x256,256x256,True,kept,True,,
high_quality_architectural_1014_Floor-1.npz,high_quality_architectural/1014/Floor-1,13,"0,1,2,3,4,5,7,8",8,29960,29960,256x256,256x256,True,kept,True,,
high_quality_architectural_10150_Floor-1.npz,high_quality_architectural/10150/Floor-1,5,"0,1,3,5,7,8",6,18981,18981,256x256,256x256,True,kept,True,,
high_quality_architectural_10151_Floor-1.npz,high_quality_architectural/10151/Floor-1,16,"0,1,2,3,4,5,6,7,8",9,24375,24375,256x256,256x256,True,kept,True,,
high_quality_architectural_10152_Floor-1.npz,high_quality_architectural/10152/Floor-1,0,"0,8",2,3618,3618,256x256,256x256,False,room_count_below_min,False,,
high_quality_architectural_10153_Floor-1.npz,high_quality_architectural/10153/Floor-1,3,"0,1,3,4,8",5,25954,25954,256x256,256x256,True,kept,True,,
high_quality_architectural_10155_Floor-1.npz,high_quality_architectural/10155/Floor-1,0,"0,8",2,2297,2297,256x256,256x256,False,room_count_below_min,False,,
high_quality_architectural_10156_Floor-1.npz,high_quality_architectural/10156/Floor-1,2,"0,4,7,8",4,4474,4474,256x256,256x256,False,room_count_below_min,False,,
high_quality_architectural_10156_Floor-2.npz,high_quality_architectural/10156/Floor-2,3,"0,3,4,8",4,11668,11668,256x256,256x256,True,kept,True,,
high_quality_architectural_10158_Floor-1.npz,high_quality_architectural/10158/Floor-1,0,"0,8",2,8801,8801,256x256,256x256,False,room_count_below_min,False,,
high_quality_architectural_10159_Floor-1.npz,high_quality_architectural/10159/Floor-1,3,"0,1,2,3,5,7,8",7,22234,22234,256x256,256x256,True,kept,True,,
high_quality_architectural_10160_Floor-1.npz,high_quality_architectural/10160/Floor-1,2,"0,1,2,3,5,8",6,20399,20399,256x256,256x256,False,room_count_below_min,False,,
high_quality_architectural_10161_Floor-1.npz,high_quality_architectural/10161/Floor-1,4,"0,1,3,5,7,8",6,17725,17725,256x256,256x256,True,kept,True,,
high_quality_architectural_10162_Floor-1.npz,high_quality_architectural/10162/Floor-1,4,"0,1,2,3,5,7,8",7,22218,22218,256x256,256x256,True,kept,True,,
high_quality_architectural_10163_Floor-1.npz,high_quality_architectural/10163/Floor-1,0,"0,8",2,7120,7120,256x256,256x256,False,room_count_below_min,False,,
high_quality_architectural_10167_Floor-1.npz,high_quality_architectural/10167/Floor-1,4,"0,1,2,3,4,5,8",7,39166,39166,256x256,256x256,True,kept,True,,
high_quality_architectural_10170_Floor-1.npz,high_quality_architectural/10170/Floor-1,4,"0,1,2,3,4,5,8",7,34363,34363,256x256,256x256,True,kept,True,,
high_quality_architectural_10172_Floor-1.npz,high_quality_architectural/10172/Floor-1,8,"0,1,3,4,5,6,7,8",8,22143,22143,256x256,256x256,True,kept,True,,
high_quality_architectural_10176_Floor-1.npz,high_quality_architectural/10176/Floor-1,17,"0,1,2,3,4,5,7,8",8,35884,35884,256x256,256x256,True,kept,True,,
high_quality_architectural_10179_Floor-1.npz,high_quality_architectural/10179/Floor-1,2,"0,1,4,8",4,15995,15995,256x256,256x256,False,room_count_below_min,False,,
high_quality_architectural_10180_Floor-1.npz,high_quality_architectural/10180/Floor-1,4,"0,1,2,4,5,7,8",7,15454,15454,256x256,256x256,True,kept,True,,
high_quality_architectural_10180_Floor-2.npz,high_quality_architectural/10180/Floor-2,5,"0,3,4,5,8",5,13287,13287,256x256,256x256,True,kept,True,,
high_quality_architectural_10182_Floor-1.npz,high_quality_architectural/10182/Floor-1,3,"0,2,4,5,7,8",6,35111,35111,256x256,256x256,True,kept,True,,
high_quality_architectural_10186_Floor-1.npz,high_quality_architectural/10186/Floor-1,4,"0,1,3,4,5,8",6,28837,28837,256x256,256x256,True,kept,True,,
high_quality_architectural_10187_Floor-1.npz,high_quality_architectural/10187/Floor-1,6,"0,1,2,3,4,5,7,8",8,27678,27678,256x256,256x256,True,kept,True,,
high_quality_architectural_1018_Floor-1.npz,high_quality_architectural/1018/Floor-1,0,"0,8",2,3133,3133,256x256,256x256,False,room_count_below_min,False,,
high_quality_architectural_10190_Floor-1.npz,high_quality_architectural/10190/Floor-1,5,"0,1,2,3,4,7,8",7,36091,36091,256x256,256x256,True,kept,True,,
high_quality_architectural_10195_Floor-1.npz,high_quality_architectural/10195/Floor-1,4,"0,2,7,8",4,14613,14613,256x256,256x256,True,kept,True,,
high_quality_architectural_10195_Floor-2.npz,high_quality_architectural/10195/Floor-2,7,"0,1,2,3,4,5,6,7,8",9,20336,20336,256x256,256x256,True,kept,True,,
high_quality_architectural_10196_Floor-1.npz,high_quality_architectural/10196/Floor-1,4,"0,1,2,4,7,8",6,12960,12960,256x256,256x256,True,kept,True,,
high_quality_architectural_10200_Floor-1.npz,high_quality_architectural/10200/Floor-1,7,"0,2,3,4,5,7,8",7,14156,14156,256x256,256x256,True,kept,True,,
high_quality_architectural_10200_Floor-2.npz,high_quality_architectural/10200/Floor-2,6,"0,3,4,5,7,8",6,14300,14300,256x256,256x256,True,kept,True,,
high_quality_architectural_10203_Floor-1.npz,high_quality_architectural/10203/Floor-1,4,"0,1,2,4,7,8",6,23946,23946,256x256,256x256,True,kept,True,,
high_quality_architectural_10209_Floor-1.npz,high_quality_architectural/10209/Floor-1,9,"0,1,2,3,4,6,7,8",8,38143,38143,256x256,256x256,True,kept,True,,
high_quality_architectural_1020_Floor-1.npz,high_quality_architectural/1020/Floor-1,1,"0,7,8",3,7862,7862,256x256,256x256,False,room_count_below_min,False,,
high_quality_architectural_10211_Floor-1.npz,high_quality_architectural/10211/Floor-1,8,"0,1,2,3,4,5,7,8",8,37344,37344,256x256,256x256,True,kept,True,,
high_quality_architectural_10212_Floor-1.npz,high_quality_architectural/10212/Floor-1,10,"0,2,3,4,5,7,8",7,38011,38011,256x256,256x256,True,kept,True,,
high_quality_architectural_10213_Floor-1.npz,high_quality_architectural/10213/Floor-1,6,"0,1,3,4,5,7,8",7,35532,35532,256x256,256x256,True,kept,True,,
high_quality_architectural_10216_Floor-1.npz,high_quality_architectural/10216/Floor-1,5,"0,1,2,3,7,8",6,40037,40037,256x256,256x256,True,kept,True,,
high_quality_architectural_10217_Floor-1.npz,high_quality_architectural/10217/Floor-1,3,"0,1,2,3,4,5,8",7,36479,36479,256x256,256x256,True,kept,True,,
high_quality_architectural_10218_Floor-1.npz,high_quality_architectural/10218/Floor-1,3,"0,1,2,4,8",5,24643,24643,256x256,256x256,True,kept,True,,
high_quality_architectural_10219_Floor-1.npz,high_quality_architectural/10219/Floor-1,5,"0,2,4,5,7,8",6,15262,15262,256x256,256x256,True,kept,True,,
high_quality_architectural_10219_Floor-2.npz,high_quality_architectural/10219/Floor-2,5,"0,1,2,3,4,5,8",7,17996,17996,256x256,256x256,True,kept,True,,
high_quality_architectural_1021_Floor-1.npz,high_quality_architectural/1021/Floor-1,4,"0,3,4,7,8",5,4850,4850,256x256,256x256,True,kept,True,,
high_quality_architectural_1021_Floor-2.npz,high_quality_architectural/1021/Floor-2,1,"0,5,8",3,7468,7468,256x256,256x256,False,room_count_below_min,False,,
high_quality_architectural_10220_Floor-1.npz,high_quality_architectural/10220/Floor-1,0,"0,8",2,4763,4763,256x256,256x256,False,room_count_below_min,False,,
high_quality_architectural_10222_Floor-1.npz,high_quality_architectural/10222/Floor-1,5,"0,1,2,4,5,7,8",7,26524,26524,256x256,256x256,True,kept,True,,
high_quality_architectural_10224_Floor-1.npz,high_quality_architectural/10224/Floor-1,4,"0,2,3,4,5,8",6,23712,23712,256x256,256x256,True,kept,True,,
high_quality_architectural_10225_Floor-1.npz,high_quality_architectural/10225/Floor-1,5,"0,1,2,3,4,5,8",7,35349,35349,256x256,256x256,True,kept,True,,
high_quality_architectural_10228_Floor-1.npz,high_quality_architectural/10228/Floor-1,14,"0,2,3,4,5,7,8",7,28158,28158,256x256,256x256,True,kept,True,,
high_quality_architectural_10230_Floor-1.npz,high_quality_architectural/10230/Floor-1,5,"0,1,2,3,4,5,7,8",8,37258,37258,256x256,256x256,True,kept,True,,
high_quality_architectural_10231_Floor-1.npz,high_quality_architectural/10231/Floor-1,4,"0,1,2,3,4,5,8",7,37381,37381,256x256,256x256,True,kept,True,,
high_quality_architectural_10234_Floor-1.npz,high_quality_architectural/10234/Floor-1,8,"0,1,2,3,4,5,7,8",8,39928,39928,256x256,256x256,True,kept,True,,
high_quality_architectural_10236_Floor-1.npz,high_quality_architectural/10236/Floor-1,12,"0,1,2,3,4,5,7,8",8,47303,47303,256x256,256x256,True,kept,True,,
high_quality_architectural_10237_Floor-1.npz,high_quality_architectural/10237/Floor-1,0,"0,8",2,1700,1700,256x256,256x256,False,room_count_below_min,False,,
high_quality_architectural_10237_Floor-2.npz,high_quality_architectural/10237/Floor-2,3,"0,2,4,5,8",5,3007,3007,256x256,256x256,True,kept,True,,
high_quality_architectural_10237_Floor-3.npz,high_quality_architectural/10237/Floor-3,2,"0,4,7,8",4,1559,1559,256x256,256x256,False,room_count_below_min,False,,
high_quality_architectural_10238_Floor-1.npz,high_quality_architectural/10238/Floor-1,6,"0,1,2,3,4,5,7,8",8,14212,14212,256x256,256x256,True,kept,True,,
high_quality_architectural_10238_Floor-2.npz,high_quality_architectural/10238/Floor-2,6,"0,2,4,5,7,8",6,13372,13372,256x256,256x256,True,kept,True,,
high_quality_architectural_10240_Floor-1.npz,high_quality_architectural/10240/Floor-1,4,"0,1,2,3,4,5,8",7,15565,15565,256x256,256x256,True,kept,True,,
high_quality_architectural_10240_Floor-2.npz,high_quality_architectural/10240/Floor-2,1,"0,5,8",3,13617,13617,256x256,256x256,False,room_count_below_min,False,,
high_quality_architectural_10242_Floor-1.npz,high_quality_architectural/10242/Floor-1,4,"0,1,2,3,5,6,7,8",8,38130,38130,256x256,256x256,True,kept,True,,
high_quality_architectural_10249_Floor-1.npz,high_quality_architectural/10249/Floor-1,2,"0,1,2,3,8",5,21473,21473,256x256,256x256,False,room_count_below_min,False,,
high_quality_architectural_10251_Floor-1.npz,high_quality_architectural/10251/Floor-1,5,"0,1,3,4,5,7,8",7,25851,25851,256x256,256x256,True,kept,True,,
high_quality_architectural_10252_Floor-1.npz,high_quality_architectural/10252/Floor-1,5,"0,2,4,5,8",5,16859,16859,256x256,256x256,True,kept,True,,
high_quality_architectural_10254_Floor-1.npz,high_quality_architectural/10254/Floor-1,5,"0,2,3,4,5,7,8",7,31080,31080,256x256,256x256,True,kept,True,,
high_quality_architectural_10255_Floor-1.npz,high_quality_architectural/10255/Floor-1,6,"0,1,2,4,5,7,8",7,17480,17480,256x256,256x256,True,kept,True,,
high_quality_architectural_10255_Floor-2.npz,high_quality_architectural/10255/Floor-2,4,"0,3,4,5,7,8",6,10501,10501,256x256,256x256,True,kept,True,,
high_quality_architectural_10260_Floor-1.npz,high_quality_architectural/10260/Floor-1,4,"0,1,2,3,4,5,6,8",8,37554,37554,256x256,256x256,True,kept,True,,
high_quality_architectural_10262_Floor-1.npz,high_quality_architectural/10262/Floor-1,1,"0,2,7,8",4,10199,10199,256x256,256x256,False,room_count_below_min,False,,
high_quality_architectural_10262_Floor-2.npz,high_quality_architectural/10262/Floor-2,1,"0,5,8",3,8699,8699,256x256,256x256,False,room_count_below_min,False,,
high_quality_architectural_10263_Floor-1.npz,high_quality_architectural/10263/Floor-1,6,"0,1,2,3,4,5,7,8",8,17726,17726,256x256,256x256,True,kept,True,,
high_quality_architectural_10263_Floor-2.npz,high_quality_architectural/10263/Floor-2,3,"0,3,5,8",4,8501,8501,256x256,256x256,True,kept,True,,
high_quality_architectural_10267_Floor-1.npz,high_quality_architectural/10267/Floor-1,12,"0,1,2,3,4,5,6,7,8",9,32780,32780,256x256,256x256,True,kept,True,,
high_quality_architectural_10271_Floor-1.npz,high_quality_architectural/10271/Floor-1,0,"0,8",2,2479,2479,256x256,256x256,False,room_count_below_min,False,,
high_quality_architectural_10272_Floor-1.npz,high_quality_architectural/10272/Floor-1,8,"0,1,2,4,5,7,8",7,13263,13263,256x256,256x256,True,kept,True,,
high_quality_architectural_10272_Floor-2.npz,high_quality_architectural/10272/Floor-2,5,"0,3,4,7,8",5,9200,9200,256x256,256x256,True,kept,True,,
high_quality_architectural_10274_Floor-1.npz,high_quality_architectural/10274/Floor-1,4,"0,1,4,5,8",5,9934,9934,256x256,256x256,True,kept,True,,
high_quality_architectural_10275_Floor-1.npz,high_quality_architectural/10275/Floor-1,5,"0,2,3,4,5,7,8",7,36668,36668,256x256,256x256,True,kept,True,,
high_quality_architectural_10276_Floor-1.npz,high_quality_architectural/10276/Floor-1,9,"0,1,2,3,4,5,7,8",8,32618,32618,256x256,256x256,True,kept,True,,
high_quality_architectural_10278_Floor-1.npz,high_quality_architectural/10278/Floor-1,10,"0,1,2,3,4,5,7,8",8,35222,35222,256x256,256x256,True,kept,True,,
high_quality_architectural_10280_Floor-1.npz,high_quality_architectural/10280/Floor-1,5,"0,1,2,3,4,5,8",7,38271,38271,256x256,256x256,True,kept,True,,
high_quality_architectural_10283_Floor-1.npz,high_quality_architectural/10283/Floor-1,5,"0,1,2,3,4,6,7,8",8,12844,12844,256x256,256x256,True,kept,True,,
high_quality_architectural_10283_Floor-2.npz,high_quality_architectural/10283/Floor-2,5,"0,3,4,7,8",5,12348,12348,256x256,256x256,True,kept,True,,
high_quality_architectural_10285_Floor-1.npz,high_quality_architectural/10285/Floor-1,6,"0,1,2,4,5,7,8",7,14903,14903,256x256,256x256,True,kept,True,,
high_quality_architectural_10285_Floor-2.npz,high_quality_architectural/10285/Floor-2,9,"0,3,4,5,7,8",6,21468,21468,256x256,256x256,True,kept,True,,
high_quality_architectural_10288_Floor-1.npz,high_quality_architectural/10288/Floor-1,9,"0,1,2,3,4,5,7,8",8,35451,35451,256x256,256x256,True,kept,True,,
high_quality_architectural_10289_Floor-1.npz,high_quality_architectural/10289/Floor-1,10,"0,1,2,3,4,5,7,8",8,39698,39698,256x256,256x256,True,kept,True,,
high_quality_architectural_10290_Floor-1.npz,high_quality_architectural/10290/Floor-1,6,"0,1,2,3,5,7,8",7,14957,14957,256x256,256x256,True,kept,True,,
high_quality_architectural_10290_Floor-2.npz,high_quality_architectural/10290/Floor-2,3,"0,3,5,8",4,12488,12488,256x256,256x256,True,kept,True,,
high_quality_architectural_10291_Floor-1.npz,high_quality_architectural/10291/Floor-1,3,"0,2,3,4,8",5,18939,18939,256x256,256x256,True,kept,True,,
high_quality_architectural_10295_Floor-1.npz,high_quality_architectural/10295/Floor-1,5,"0,1,2,4,5,6,7,8",8,12973,12973,256x256,256x256,True,kept,True,,
high_quality_architectural_10295_Floor-2.npz,high_quality_architectural/10295/Floor-2,5,"0,2,5,8",4,13011,13011,256x256,256x256,True,kept,True,,
high_quality_architectural_10298_Floor-1.npz,high_quality_architectural/10298/Floor-1,2,"0,2,5,8",4,29574,29574,256x256,256x256,False,room_count_below_min,False,,
high_quality_architectural_1029_Floor-1.npz,high_quality_architectural/1029/Floor-1,6,"0,1,2,3,4,5,7,8",8,28069,28069,256x256,256x256,True,kept,True,,
high_quality_architectural_102_Floor-1.npz,high_quality_architectural/102/Floor-1,14,"0,1,2,3,4,5,6,7,8",9,14495,14495,256x256,256x256,True,kept,True,,
high_quality_architectural_102_Floor-2.npz,high_quality_architectural/102/Floor-2,4,"0,3,4,7,8",5,4049,4049,256x256,256x256,True,kept,True,,
high_quality_architectural_10301_Floor-1.npz,high_quality_architectural/10301/Floor-1,4,"0,4,5,7,8",5,5065,5065,256x256,256x256,True,kept,True,,
high_quality_architectural_10301_Floor-2.npz,high_quality_architectural/10301/Floor-2,7,"0,1,2,4,5,6,8",7,8956,8956,256x256,256x256,True,kept,True,,
high_quality_architectural_10301_Floor-3.npz,high_quality_architectural/10301/Floor-3,6,"0,3,4,5,8",5,6484,6484,256x256,256x256,True,kept,True,,
high_quality_architectural_10302_Floor-1.npz,high_quality_architectural/10302/Floor-1,7,"0,1,2,4,7,8",6,28426,28426,256x256,256x256,True,kept,True,,
high_quality_architectural_10303_Floor-1.npz,high_quality_architectural/10303/Floor-1,3,"0,1,3,4,5,8",6,18952,18952,256x256,256x256,True,kept,True,,
high_quality_architectural_10304_Floor-1.npz,high_quality_architectural/10304/Floor-1,7,"0,2,4,5,7,8",6,41027,41027,256x256,256x256,True,kept,True,,
high_quality_architectural_1030_Floor-1.npz,high_quality_architectural/1030/Floor-1,5,"0,2,3,4,7,8",6,25351,25351,256x256,256x256,True,kept,True,,
high_quality_architectural_10311_Floor-1.npz,high_quality_architectural/10311/Floor-1,3,"0,1,2,3,6,8",6,22654,22654,256x256,256x256,True,kept,True,,
high_quality_architectural_10319_Floor-1.npz,high_quality_architectural/10319/Floor-1,2,"0,1,2,3,6,8",6,28906,28906,256x256,256x256,False,room_count_below_min,False,,
high_quality_architectural_10321_Floor-1.npz,high_quality_architectural/10321/Floor-1,4,"0,1,2,4,5,6,7,8",8,7708,7708,256x256,256x256,True,kept,True,,
high_quality_architectural_10321_Floor-2.npz,high_quality_architectural/10321/Floor-2,5,"0,1,2,3,4,5,6,7,8",9,8483,8483,256x256,256x256,True,kept,True,,
high_quality_architectural_10321_Floor-3.npz,high_quality_architectural/10321/Floor-3,8,"0,3,4,5,7,8",6,5459,5459,256x256,256x256,True,kept,True,,
high_quality_architectural_10321_Floor-4.npz,high_quality_architectural/10321/Floor-4,8,"0,3,4,5,7,8",6,5441,5441,256x256,256x256,True,kept,True,,
high_quality_architectural_10323_Floor-1.npz,high_quality_architectural/10323/Floor-1,11,"0,1,2,4,5,7,8",7,35092,35092,256x256,256x256,True,kept,True,,
high_quality_architectural_10328_Floor-1.npz,high_quality_architectural/10328/Floor-1,6,"0,1,2,3,4,5,6,7,8",9,26747,26747,256x256,256x256,True,kept,True,,
high_quality_architectural_10330_Floor-1.npz,high_quality_architectural/10330/Floor-1,3,"0,1,2,4,5,7,8",7,23830,23830,256x256,256x256,True,kept,True,,
high_quality_architectural_10335_Floor-1.npz,high_quality_architectural/10335/Floor-1,12,"0,1,2,3,4,5,7,8",8,23180,23180,256x256,256x256,True,kept,True,,
high_quality_architectural_10340_Floor-1.npz,high_quality_architectural/10340/Floor-1,4,"0,1,2,4,5,6,7,8",8,14959,14959,256x256,256x256,True,kept,True,,
high_quality_architectural_10340_Floor-2.npz,high_quality_architectural/10340/Floor-2,4,"0,2,4,8",4,12830,12830,256x256,256x256,True,kept,True,,
high_quality_architectural_10341_Floor-1.npz,high_quality_architectural/10341/Floor-1,6,"0,1,2,3,4,5,6,7,8",9,32252,32252,256x256,256x256,True,kept,True,,
high_quality_architectural_10345_Floor-1.npz,high_quality_architectural/10345/Floor-1,4,"0,1,2,3,5,7,8",7,40704,40704,256x256,256x256,True,kept,True,,
high_quality_architectural_10348_Floor-1.npz,high_quality_architectural/10348/Floor-1,1,"0,1,2,8",4,24381,24381,256x256,256x256,False,room_count_below_min,False,,
high_quality_architectural_10349_Floor-1.npz,high_quality_architectural/10349/Floor-1,8,"0,1,2,3,4,5,6,7,8",9,40270,40270,256x256,256x256,True,kept,True,,
high_quality_architectural_10350_Floor-1.npz,high_quality_architectural/10350/Floor-1,2,"0,1,2,8",4,28555,28555,256x256,256x256,False,room_count_below_min,False,,
high_quality_architectural_10351_Floor-1.npz,high_quality_architectural/10351/Floor-1,5,"0,1,2,4,5,7,8",7,34046,34046,256x256,256x256,True,kept,True,,
high_quality_architectural_10352_Floor-1.npz,high_quality_architectural/10352/Floor-1,5,"0,1,2,3,4,5,7,8",8,34947,34947,256x256,256x256,True,kept,True,,
high_quality_architectural_10353_Floor-1.npz,high_quality_architectural/10353/Floor-1,4,"0,1,3,4,5,8",6,23068,23068,256x256,256x256,True,kept,True,,
high_quality_architectural_10354_Floor-1.npz,high_quality_architectural/10354/Floor-1,2,"0,2,4,8",4,28042,28042,256x256,256x256,False,room_count_below_min,False,,
high_quality_architectural_10359_Floor-1.npz,high_quality_architectural/10359/Floor-1,1,"0,1,8",3,13836,13836,256x256,256x256,False,room_count_below_min,False,,
high_quality_architectural_10361_Floor-1.npz,high_quality_architectural/10361/Floor-1,9,"0,1,3,4,5,7,8",7,29988,29988,256x256,256x256,True,kept,True,,
high_quality_architectural_10363_Floor-1.npz,high_quality_architectural/10363/Floor-1,3,"0,1,2,4,5,8",6,17224,17224,256x256,256x256,True,kept,True,,
high_quality_architectural_10363_Floor-2.npz,high_quality_architectural/10363/Floor-2,4,"0,2,4,8",4,15165,15165,256x256,256x256,True,kept,True,,
high_quality_architectural_10365_Floor-1.npz,high_quality_architectural/10365/Floor-1,0,"0,8",2,5543,5543,256x256,256x256,False,room_count_below_min,False,,
high_quality_architectural_10366_Floor-1.npz,high_quality_architectural/10366/Floor-1,2,"0,1,4,5,8",5,20255,20255,256x256,256x256,False,room_count_below_min,False,,
high_quality_architectural_10368_Floor-1.npz,high_quality_architectural/10368/Floor-1,2,"0,1,4,8",4,14666,14666,256x256,256x256,False,room_count_below_min,False,,
high_quality_architectural_10369_Floor-1.npz,high_quality_architectural/10369/Floor-1,3,"0,1,2,4,5,8",6,25737,25737,256x256,256x256,True,kept,True,,
high_quality_architectural_10370_Floor-1.npz,high_quality_architectural/10370/Floor-1,5,"0,1,2,3,4,7,8",7,47096,47096,256x256,256x256,True,kept,True,,
high_quality_architectural_10372_Floor-1.npz,high_quality_architectural/10372/Floor-1,16,"0,1,2,3,4,5,7,8",8,39534,39534,256x256,256x256,True,kept,True,,
high_quality_architectural_10378_Floor-1.npz,high_quality_architectural/10378/Floor-1,5,"0,1,2,3,4,5,8",7,25065,25065,256x256,256x256,True,kept,True,,
high_quality_architectural_10380_Floor-1.npz,high_quality_architectural/10380/Floor-1,7,"0,1,2,3,4,5,6,7,8",9,34577,34577,256x256,256x256,True,kept,True,,
high_quality_architectural_10381_Floor-1.npz,high_quality_architectural/10381/Floor-1,2,"0,1,3,4,8",5,12746,12746,256x256,256x256,False,room_count_below_min,False,,
high_quality_architectural_10389_Floor-1.npz,high_quality_architectural/10389/Floor-1,8,"0,1,2,3,4,5,8",7,31304,31304,256x256,256x256,True,kept,True,,
high_quality_architectural_10393_Floor-1.npz,high_quality_architectural/10393/Floor-1,7,"0,1,2,4,5,6,7,8",8,13069,13069,256x256,256x256,True,kept,True,,
high_quality_architectural_10393_Floor-2.npz,high_quality_architectural/10393/Floor-2,6,"0,3,4,7,8",5,9466,9466,256x256,256x256,True,kept,True,,
high_quality_architectural_10394_Floor-1.npz,high_quality_architectural/10394/Floor-1,14,"0,3,4,5,8",5,12973,12973,256x256,256x256,True,kept,True,,
high_quality_architectural_10394_Floor-2.npz,high_quality_architectural/10394/Floor-2,16,"0,1,2,4,5,6,8",7,15234,15234,256x256,256x256,True,kept,True,,
high_quality_architectural_10396_Floor-1.npz,high_quality_architectural/10396/Floor-1,9,"0,1,2,4,5,6,7,8",8,15444,15444,256x256,256x256,True,kept,True,,
high_quality_architectural_10396_Floor-2.npz,high_quality_architectural/10396/Floor-2,8,"0,2,4,5,7,8",6,10704,10704,256x256,256x256,True,kept,True,,
high_quality_architectural_10397_Floor-1.npz,high_quality_architectural/10397/Floor-1,5,"0,1,3,4,5,6,7,8",8,30172,30172,256x256,256x256,True,kept,True,,
high_quality_architectural_10401_Floor-1.npz,high_quality_architectural/10401/Floor-1,8,"0,1,3,4,5,7,8",7,27431,27431,256x256,256x256,True,kept,True,,
high_quality_architectural_10404_Floor-1.npz,high_quality_architectural/10404/Floor-1,2,"0,2,4,7,8",5,29778,29778,256x256,256x256,False,room_count_below_min,False,,
high_quality_architectural_10409_Floor-1.npz,high_quality_architectural/10409/Floor-1,13,"0,1,2,3,4,5,7,8",8,31685,31685,256x256,256x256,True,kept,True,,
high_quality_architectural_10410_Floor-1.npz,high_quality_architectural/10410/Floor-1,4,"0,1,4,5,7,8",6,22350,22350,256x256,256x256,True,kept,True,,
high_quality_architectural_10411_Floor-1.npz,high_quality_architectural/10411/Floor-1,3,"0,1,4,5,8",5,17266,17266,256x256,256x256,True,kept,True,,
high_quality_architectural_10415_Floor-1.npz,high_quality_architectural/10415/Floor-1,5,"0,1,3,4,5,8",6,23234,23234,256x256,256x256,True,kept,True,,
high_quality_architectural_10419_Floor-1.npz,high_quality_architectural/10419/Floor-1,6,"0,1,2,3,4,7,8",7,37345,37345,256x256,256x256,True,kept,True,,
high_quality_architectural_1041_Floor-1.npz,high_quality_architectural/1041/Floor-1,1,"0,1,2,6,8",5,23374,23374,256x256,256x256,False,room_count_below_min,False,,
high_quality_architectural_10420_Floor-1.npz,high_quality_architectural/10420/Floor-1,6,"0,1,2,3,4,5,7,8",8,34385,34385,256x256,256x256,True,kept,True,,
high_quality_architectural_10421_Floor-1.npz,high_quality_architectural/10421/Floor-1,5,"0,1,2,4,5,7,8",7,31773,31773,256x256,256x256,True,kept,True,,
high_quality_architectural_10424_Floor-1.npz,high_quality_architectural/10424/Floor-1,4,"0,1,2,4,5,8",6,21707,21707,256x256,256x256,True,kept,True,,
high_quality_architectural_10427_Floor-1.npz,high_quality_architectural/10427/Floor-1,6,"0,1,3,4,5,7,8",7,17977,17977,256x256,256x256,True,kept,True,,
high_quality_architectural_10428_Floor-1.npz,high_quality_architectural/10428/Floor-1,5,"0,1,3,4,5,8",6,25672,25672,256x256,256x256,True,kept,True,,
high_quality_architectural_10429_Floor-1.npz,high_quality_architectural/10429/Floor-1,4,"0,2,3,4,5,7,8",7,28462,28462,256x256,256x256,True,kept,True,,
high_quality_architectural_10432_Floor-1.npz,high_quality_architectural/10432/Floor-1,3,"0,1,3,8",4,30424,30424,256x256,256x256,True,kept,True,,
high_quality_architectural_10433_Floor-1.npz,high_quality_architectural/10433/Floor-1,9,"0,2,3,4,5,7,8",7,13706,13706,256x256,256x256,True,kept,True,,
high_quality_architectural_10433_Floor-2.npz,high_quality_architectural/10433/Floor-2,8,"0,1,2,3,4,5,6,7,8",9,11255,11255,256x256,256x256,True,kept,True,,
high_quality_architectural_10434_Floor-1.npz,high_quality_architectural/10434/Floor-1,9,"0,2,3,4,5,7,8",7,36975,36975,256x256,256x256,True,kept,True,,
high_quality_architectural_10435_Floor-1.npz,high_quality_architectural/10435/Floor-1,4,"0,1,2,3,5,6,7,8",8,45569,45569,256x256,256x256,True,kept,True,,
high_quality_architectural_10436_Floor-1.npz,high_quality_architectural/10436/Floor-1,5,"0,1,2,4,5,8",6,10809,10809,256x256,256x256,True,kept,True,,
high_quality_architectural_10436_Floor-2.npz,high_quality_architectural/10436/Floor-2,3,"0,3,5,8",4,12439,12439,256x256,256x256,True,kept,True,,
high_quality_architectural_10437_Floor-1.npz,high_quality_architectural/10437/Floor-1,6,"0,1,2,4,5,7,8",7,11828,11828,256x256,256x256,True,kept,True,,
high_quality_architectural_10437_Floor-2.npz,high_quality_architectural/10437/Floor-2,7,"0,3,4,7,8",5,7147,7147,256x256,256x256,True,kept,True,,
high_quality_architectural_10438_Floor-1.npz,high_quality_architectural/10438/Floor-1,3,"0,1,2,4,8",5,10216,10216,256x256,256x256,True,kept,True,,
high_quality_architectural_10438_Floor-2.npz,high_quality_architectural/10438/Floor-2,5,"0,2,4,5,7,8",6,11284,11284,256x256,256x256,True,kept,True,,
high_quality_architectural_10440_Floor-1.npz,high_quality_architectural/10440/Floor-1,1,"0,1,2,5,6,7,8",7,37729,37729,256x256,256x256,False,room_count_below_min,False,,
high_quality_architectural_10450_Floor-1.npz,high_quality_architectural/10450/Floor-1,2,"0,7,8",3,5561,5561,256x256,256x256,False,room_count_below_min,False,,
high_quality_architectural_10450_Floor-2.npz,high_quality_architectural/10450/Floor-2,6,"0,2,3,4,7,8",6,6982,6982,256x256,256x256,True,kept,True,,
high_quality_architectural_10450_Floor-3.npz,high_quality_architectural/10450/Floor-3,2,"0,3,8",3,2988,2988,256x256,256x256,False,room_count_below_min,False,,
high_quality_architectural_10465_Floor-1.npz,high_quality_architectural/10465/Floor-1,9,"0,3,4,5,7,8",6,23779,23779,256x256,256x256,True,kept,True,,
high_quality_architectural_10468_Floor-1.npz,high_quality_architectural/10468/Floor-1,5,"0,1,2,3,4,5,8",7,18440,18440,256x256,256x256,True,kept,True,,
high_quality_architectural_10468_Floor-2.npz,high_quality_architectural/10468/Floor-2,5,"0,2,3,4,7,8",6,13631,13631,256x256,256x256,True,kept,True,,
high_quality_architectural_1046_Floor-1.npz,high_quality_architectural/1046/Floor-1,7,"0,2,3,4,5,7,8",7,13116,13116,256x256,256x256,True,kept,True,,
high_quality_architectural_1046_Floor-2.npz,high_quality_architectural/1046/Floor-2,7,"0,2,3,7,8",5,11626,11626,256x256,256x256,True,kept,True,,
high_quality_architectural_10478_Floor-1.npz,high_quality_architectural/10478/Floor-1,2,"0,2,4,5,8",5,19677,19677,256x256,256x256,False,room_count_below_min,False,,
high_quality_architectural_10479_Floor-1.npz,high_quality_architectural/10479/Floor-1,3,"0,1,2,3,4,5,6,8",8,36389,36389,256x256,256x256,True,kept,True,,
high_quality_architectural_1047_Floor-1.npz,high_quality_architectural/1047/Floor-1,4,"0,1,2,3,4,8",6,33021,33021,256x256,256x256,True,kept,True,,
high_quality_architectural_10483_Floor-1.npz,high_quality_architectural/10483/Floor-1,8,"0,1,2,4,5,7,8",7,9637,9637,256x256,256x256,True,kept,True,,
high_quality_architectural_10483_Floor-2.npz,high_quality_architectural/10483/Floor-2,5,"0,3,4,5,8",5,12346,12346,256x256,256x256,True,kept,True,,
high_quality_architectural_10487_Floor-1.npz,high_quality_architectural/10487/Floor-1,2,"0,1,2,7,8",5,31136,31136,256x256,256x256,False,room_count_below_min,False,,
high_quality_architectural_10489_Floor-1.npz,high_quality_architectural/10489/Floor-1,3,"0,2,3,7,8",5,21837,21837,256x256,256x256,True,kept,True,,
high_quality_architectural_10490_Floor-1.npz,high_quality_architectural/10490/Floor-1,11,"0,1,2,3,4,5,7,8",8,29088,29088,256x256,256x256,True,kept,True,,
high_quality_architectural_10491_Floor-1.npz,high_quality_architectural/10491/Floor-1,12,"0,1,2,3,4,5,7,8",8,38783,38783,256x256,256x256,True,kept,True,,
high_quality_architectural_10492_Floor-1.npz,high_quality_architectural/10492/Floor-1,10,"0,2,3,4,5,7,8",7,11500,11500,256x256,256x256,True,kept,True,,
high_quality_architectural_10492_Floor-2.npz,high_quality_architectural/10492/Floor-2,5,"0,3,4,5,7,8",6,7624,7624,256x256,256x256,True,kept,True,,
high_quality_architectural_10495_Floor-1.npz,high_quality_architectural/10495/Floor-1,4,"0,1,2,3,5,7,8",7,28418,28418,256x256,256x256,True,kept,True,,
high_quality_architectural_10497_Floor-1.npz,high_quality_architectural/10497/Floor-1,1,"0,1,2,7,8",5,25030,25030,256x256,256x256,False,room_count_below_min,False,,
high_quality_architectural_10498_Floor-1.npz,high_quality_architectural/10498/Floor-1,10,"0,2,3,4,5,7,8",7,32763,32763,256x256,256x256,True,kept,True,,
high_quality_architectural_10499_Floor-1.npz,high_quality_architectural/10499/Floor-1,9,"0,1,2,3,4,5,7,8",8,41700,41700,256x256,256x256,True,kept,True,,
high_quality_architectural_10500_Floor-1.npz,high_quality_architectural/10500/Floor-1,9,"0,1,2,3,4,5,7,8",8,28697,28697,256x256,256x256,True,kept,True,,
high_quality_architectural_10507_Floor-1.npz,high_quality_architectural/10507/Floor-1,4,"0,1,2,3,4,5,7,8",8,31154,31154,256x256,256x256,True,kept,True,,
high_quality_architectural_10510_Floor-1.npz,high_quality_architectural/10510/Floor-1,3,"0,1,3,4,5,6,8",7,27663,27663,256x256,256x256,True,kept,True,,
high_quality_architectural_10512_Floor-1.npz,high_quality_architectural/10512/Floor-1,5,"0,1,2,3,4,8",6,29458,29458,256x256,256x256,True,kept,True,,
high_quality_architectural_10514_Floor-1.npz,high_quality_architectural/10514/Floor-1,3,"0,2,5,8",4,18765,18765,256x256,256x256,True,kept,True,,
high_quality_architectural_10515_Floor-1.npz,high_quality_architectural/10515/Floor-1,16,"0,1,2,3,4,5,7,8",8,22826,22826,256x256,256x256,True,kept,True,,
high_quality_architectural_10516_Floor-1.npz,high_quality_architectural/10516/Floor-1,5,"0,1,2,3,4,8",6,35555,35555,256x256,256x256,True,kept,True,,
high_quality_architectural_1051_Floor-1.npz,high_quality_architectural/1051/Floor-1,10,"0,1,2,3,4,5,6,7,8",9,23505,23505,256x256,256x256,True,kept,True,,
high_quality_architectural_1051_Floor-2.npz,high_quality_architectural/1051/Floor-2,4,"0,4,7,8",4,6695,6695,256x256,256x256,True,kept,True,,
high_quality_architectural_10526_Floor-1.npz,high_quality_architectural/10526/Floor-1,2,"0,1,2,7,8",5,43772,43772,256x256,256x256,False,room_count_below_min,False,,
high_quality_architectural_1052_Floor-1.npz,high_quality_architectural/1052/Floor-1,6,"0,2,4,5,7,8",6,17920,17920,256x256,256x256,True,kept,True,,
high_quality_architectural_1052_Floor-2.npz,high_quality_architectural/1052/Floor-2,5,"0,2,5,8",4,16396,16396,256x256,256x256,True,kept,True,,
high_quality_architectural_10530_Floor-1.npz,high_quality_architectural/10530/Floor-1,9,"0,2,3,4,5,7,8",7,10435,10435,256x256,256x256,True,kept,True,,
high_quality_architectural_10530_Floor-2.npz,high_quality_architectural/10530/Floor-2,5,"0,1,2,3,4,6,8",7,9420,9420,256x256,256x256,True,kept,True,,
high_quality_architectural_10533_Floor-1.npz,high_quality_architectural/10533/Floor-1,10,"0,1,3,4,5,7,8",7,26368,26368,256x256,256x256,True,kept,True,,
high_quality_architectural_10539_Floor-1.npz,high_quality_architectural/10539/Floor-1,2,"0,1,2,3,8",5,26173,26173,256x256,256x256,False,room_count_below_min,False,,
high_quality_architectural_10540_Floor-1.npz,high_quality_architectural/10540/Floor-1,2,"0,1,2,3,5,8",6,31832,31832,256x256,256x256,False,room_count_below_min,False,,
high_quality_architectural_10542_Floor-1.npz,high_quality_architectural/10542/Floor-1,6,"0,1,2,3,4,5,7,8",8,33163,33163,256x256,256x256,True,kept,True,,
high_quality_architectural_10543_Floor-1.npz,high_quality_architectural/10543/Floor-1,7,"0,1,2,3,4,5,7,8",8,30605,30605,256x256,256x256,True,kept,True,,
high_quality_architectural_10545_Floor-1.npz,high_quality_architectural/10545/Floor-1,5,"0,1,2,3,4,5,7,8",8,36226,36226,256x256,256x256,True,kept,True,,
high_quality_architectural_10546_Floor-1.npz,high_quality_architectural/10546/Floor-1,6,"0,1,3,5,7,8",6,27708,27708,256x256,256x256,True,kept,True,,
high_quality_architectural_10547_Floor-1.npz,high_quality_architectural/10547/Floor-1,2,"0,1,2,3,5,8",6,29232,29232,256x256,256x256,False,room_count_below_min,False,,
high_quality_architectural_10548_Floor-1.npz,high_quality_architectural/10548/Floor-1,2,"0,1,2,3,5,8",6,32210,32210,256x256,256x256,False,room_count_below_min,False,,
high_quality_architectural_10549_Floor-1.npz,high_quality_architectural/10549/Floor-1,1,"0,1,2,5,8",5,32661,32661,256x256,256x256,False,room_count_below_min,False,,
high_quality_architectural_1054_Floor-1.npz,high_quality_architectural/1054/Floor-1,3,"0,1,2,3,5,8",6,12337,12337,256x256,256x256,True,kept,True,,
high_quality_architectural_10550_Floor-1.npz,high_quality_architectural/10550/Floor-1,2,"0,1,7,8",4,11904,11904,256x256,256x256,False,room_count_below_min,False,,
high_quality_architectural_10550_Floor-2.npz,high_quality_architectural/10550/Floor-2,1,"0,2,3,8",4,12404,12404,256x256,256x256,False,room_count_below_min,False,,
high_quality_architectural_10550_Floor-3.npz,high_quality_architectural/10550/Floor-3,4,"0,3,4,5,8",5,12315,12315,256x256,256x256,True,kept,True,,
high_quality_architectural_10553_Floor-1.npz,high_quality_architectural/10553/Floor-1,4,"0,1,4,5,7,8",6,26700,26700,256x256,256x256,True,kept,True,,
high_quality_architectural_10557_Floor-1.npz,high_quality_architectural/10557/Floor-1,11,"0,1,2,3,4,5,6,7,8",9,30323,30323,256x256,256x256,True,kept,True,,
high_quality_architectural_10560_Floor-1.npz,high_quality_architectural/10560/Floor-1,9,"0,1,2,3,4,5,6,7,8",9,29625,29625,256x256,256x256,True,kept,True,,
high_quality_architectural_10565_Floor-1.npz,high_quality_architectural/10565/Floor-1,3,"0,1,2,4,8",5,23965,23965,256x256,256x256,True,kept,True,,
high_quality_architectural_10567_Floor-1.npz,high_quality_architectural/10567/Floor-1,3,"0,1,2,8",4,21143,21143,256x256,256x256,True,kept,True,,
high_quality_architectural_10569_Floor-1.npz,high_quality_architectural/10569/Floor-1,9,"0,2,3,4,5,7,8",7,35648,35648,256x256,256x256,True,kept,True,,
high_quality_architectural_10570_Floor-1.npz,high_quality_architectural/10570/Floor-1,3,"0,1,2,3,4,5,8",7,26035,26035,256x256,256x256,True,kept,True,,
high_quality_architectural_10571_Floor-1.npz,high_quality_architectural/10571/Floor-1,3,"0,1,4,7,8",5,16695,16695,256x256,256x256,True,kept,True,,
high_quality_architectural_10572_Floor-1.npz,high_quality_architectural/10572/Floor-1,1,"0,1,5,8",4,14080,14080,256x256,256x256,False,room_count_below_min,False,,
high_quality_architectural_10575_Floor-1.npz,high_quality_architectural/10575/Floor-1,5,"0,1,2,3,4,5,6,7,8",9,14793,14793,256x256,256x256,True,kept,True,,
high_quality_architectural_10575_Floor-2.npz,high_quality_architectural/10575/Floor-2,5,"0,3,5,7,8",5,12494,12494,256x256,256x256,True,kept,True,,
high_quality_architectural_10576_Floor-1.npz,high_quality_architectural/10576/Floor-1,2,"0,4,7,8",4,6894,6894,256x256,256x256,False,room_count_below_min,False,,
high_quality_architectural_10578_Floor-1.npz,high_quality_architectural/10578/Floor-1,4,"0,1,2,5,6,7,8",7,13224,13224,256x256,256x256,True,kept,True,,
high_quality_architectural_10578_Floor-2.npz,high_quality_architectural/10578/Floor-2,4,"0,3,4,8",4,12000,12000,256x256,256x256,True,kept,True,,
high_quality_architectural_10579_Floor-1.npz,high_quality_architectural/10579/Floor-1,3,"0,1,2,7,8",5,33916,33916,256x256,256x256,True,kept,True,,
high_quality_architectural_10580_Floor-1.npz,high_quality_architectural/10580/Floor-1,4,"0,2,3,4,5,8",6,11284,11284,256x256,256x256,True,kept,True,,
high_quality_architectural_10581_Floor-1.npz,high_quality_architectural/10581/Floor-1,3,"0,2,4,5,7,8",6,10299,10299,256x256,256x256,True,kept,True,,
high_quality_architectural_10584_Floor-1.npz,high_quality_architectural/10584/Floor-1,1,"0,2,7,8",4,32595,32595,256x256,256x256,False,room_count_below_min,False,,
high_quality_architectural_10588_Floor-1.npz,high_quality_architectural/10588/Floor-1,1,"0,7,8",3,2725,2725,256x256,256x256,False,room_count_below_min,False,,
high_quality_architectural_10588_Floor-2.npz,high_quality_architectural/10588/Floor-2,7,"0,1,2,3,4,5,7,8",8,16552,16552,256x256,256x256,True,kept,True,,
high_quality_architectural_10589_Floor-1.npz,high_quality_architectural/10589/Floor-1,9,"0,2,4,5,7,8",6,7308,7308,256x256,256x256,True,kept,True,,
high_quality_architectural_10589_Floor-2.npz,high_quality_architectural/10589/Floor-2,7,"0,1,2,3,4,5,7,8",8,9896,9896,256x256,256x256,True,kept,True,,
high_quality_architectural_10589_Floor-3.npz,high_quality_architectural/10589/Floor-3,5,"0,3,4,5,7,8",6,6775,6775,256x256,256x256,True,kept,True,,
high_quality_architectural_10595_Floor-1.npz,high_quality_architectural/10595/Floor-1,6,"0,1,2,3,4,5,7,8",8,32695,32695,256x256,256x256,True,kept,True,,
high_quality_architectural_10599_Floor-1.npz,high_quality_architectural/10599/Floor-1,4,"0,1,2,4,5,7,8",7,16384,16384,256x256,256x256,True,kept,True,,
high_quality_architectural_1059_Floor-1.npz,high_quality_architectural/1059/Floor-1,6,"0,1,3,4,5,7,8",7,9842,9842,256x256,256x256,True,kept,True,,
high_quality_architectural_1059_Floor-2.npz,high_quality_architectural/1059/Floor-2,3,"0,3,7,8",4,8402,8402,256x256,256x256,True,kept,True,,
high_quality_architectural_10605_Floor-1.npz,high_quality_architectural/10605/Floor-1,6,"0,1,2,3,4,6,7,8",8,37059,37059,256x256,256x256,True,kept,True,,
high_quality_architectural_10614_Floor-1.npz,high_quality_architectural/10614/Floor-1,1,"0,1,2,5,8",5,31737,31737,256x256,256x256,False,room_count_below_min,False,,
high_quality_architectural_10616_Floor-1.npz,high_quality_architectural/10616/Floor-1,6,"0,1,3,4,5,8",6,28308,28308,256x256,256x256,True,kept,True,,
high_quality_architectural_10618_Floor-1.npz,high_quality_architectural/10618/Floor-1,5,"0,2,3,4,7,8",6,37951,37951,256x256,256x256,True,kept,True,,
high_quality_architectural_10619_Floor-1.npz,high_quality_architectural/10619/Floor-1,7,"0,1,2,3,4,6,7,8",8,22202,22202,256x256,256x256,True,kept,True,,
high_quality_architectural_1061_Floor-1.npz,high_quality_architectural/1061/Floor-1,9,"0,1,2,3,4,5,7,8",8,33487,33487,256x256,256x256,True,kept,True,,
high_quality_architectural_10620_Floor-1.npz,high_quality_architectural/10620/Floor-1,0,"0,8",2,5115,5115,256x256,256x256,False,room_count_below_min,False,,
high_quality_architectural_10624_Floor-1.npz,high_quality_architectural/10624/Floor-1,2,"0,1,2,5,7,8",6,12863,12863,256x256,256x256,False,room_count_below_min,False,,
high_quality_architectural_10624_Floor-2.npz,high_quality_architectural/10624/Floor-2,0,"0,8",2,3616,3616,256x256,256x256,False,room_count_below_min,False,,
high_quality_architectural_10626_Floor-1.npz,high_quality_architectural/10626/Floor-1,6,"0,1,2,3,4,5,8",7,14489,14489,256x256,256x256,True,kept,True,,
high_quality_architectural_10626_Floor-2.npz,high_quality_architectural/10626/Floor-2,3,"0,2,3,4,8",5,10004,10004,256x256,256x256,True,kept,True,,
high_quality_architectural_10628_Floor-1.npz,high_quality_architectural/10628/Floor-1,8,"0,1,2,3,4,5,7,8",8,35069,35069,256x256,256x256,True,kept,True,,
high_quality_architectural_10630_Floor-1.npz,high_quality_architectural/10630/Floor-1,10,"0,1,2,3,4,5,6,7,8",9,26174,26174,256x256,256x256,True,kept,True,,
high_quality_architectural_10632_Floor-1.npz,high_quality_architectural/10632/Floor-1,3,"0,1,2,3,4,5,8",7,30553,30553,256x256,256x256,True,kept,True,,
high_quality_architectural_10634_Floor-1.npz,high_quality_architectural/10634/Floor-1,7,"0,1,2,3,4,7,8",7,33387,33387,256x256,256x256,True,kept,True,,
high_quality_architectural_10636_Floor-1.npz,high_quality_architectural/10636/Floor-1,6,"0,1,2,3,4,5,6,7,8",9,19486,19486,256x256,256x256,True,kept,True,,
high_quality_architectural_10638_Floor-1.npz,high_quality_architectural/10638/Floor-1,2,"0,1,2,8",4,37879,37879,256x256,256x256,False,room_count_below_min,False,,
high_quality_architectural_10639_Floor-1.npz,high_quality_architectural/10639/Floor-1,3,"0,1,2,5,8",5,34448,34448,256x256,256x256,True,kept,True,,
high_quality_architectural_10640_Floor-1.npz,high_quality_architectural/10640/Floor-1,3,"0,1,4,5,8",5,14934,14934,256x256,256x256,True,kept,True,,
high_quality_architectural_10641_Floor-1.npz,high_quality_architectural/10641/Floor-1,7,"0,2,4,5,7,8",6,6932,6932,256x256,256x256,True,kept,True,,
high_quality_architectural_10641_Floor-2.npz,high_quality_architectural/10641/Floor-2,4,"0,1,2,3,4,5,6,8",8,10780,10780,256x256,256x256,True,kept,True,,
high_quality_architectural_10641_Floor-3.npz,high_quality_architectural/10641/Floor-3,4,"0,3,4,5,8",5,5639,5639,256x256,256x256,True,kept,True,,
high_quality_architectural_10643_Floor-1.npz,high_quality_architectural/10643/Floor-1,4,"0,1,3,4,8",5,20495,20495,256x256,256x256,True,kept,True,,
high_quality_architectural_10644_Floor-1.npz,high_quality_architectural/10644/Floor-1,8,"0,1,3,4,5,6,7,8",8,33581,33581,256x256,256x256,True,kept,True,,
high_quality_architectural_10646_Floor-1.npz,high_quality_architectural/10646/Floor-1,3,"0,2,3,5,8",5,33817,33817,256x256,256x256,True,kept,True,,
high_quality_architectural_10647_Floor-1.npz,high_quality_architectural/10647/Floor-1,7,"0,2,3,4,5,6,8",7,35440,35440,256x256,256x256,True,kept,True,,
high_quality_architectural_10649_Floor-1.npz,high_quality_architectural/10649/Floor-1,10,"0,1,2,3,4,5,6,7,8",9,25207,25207,256x256,256x256,True,kept,True,,
high_quality_architectural_10650_Floor-1.npz,high_quality_architectural/10650/Floor-1,6,"0,1,2,3,4,8",6,31579,31579,256x256,256x256,True,kept,True,,
high_quality_architectural_10659_Floor-1.npz,high_quality_architectural/10659/Floor-1,9,"0,1,2,4,5,7,8",7,14835,14835,256x256,256x256,True,kept,True,,
high_quality_architectural_10659_Floor-2.npz,high_quality_architectural/10659/Floor-2,5,"0,3,4,7,8",5,9676,9676,256x256,256x256,True,kept,True,,
high_quality_architectural_10662_Floor-1.npz,high_quality_architectural/10662/Floor-1,1,"0,1,3,5,7,8",6,23113,23113,256x256,256x256,False,room_count_below_min,False,,
high_quality_architectural_10668_Floor-1.npz,high_quality_architectural/10668/Floor-1,6,"0,1,2,3,4,5,7,8",8,44396,44396,256x256,256x256,True,kept,True,,
high_quality_architectural_1066_Floor-1.npz,high_quality_architectural/1066/Floor-1,6,"0,1,2,3,4,5,8",7,29825,29825,256x256,256x256,True,kept,True,,
high_quality_architectural_10670_Floor-1.npz,high_quality_architectural/10670/Floor-1,3,"0,1,2,7,8",5,32655,32655,256x256,256x256,True,kept,True,,
high_quality_architectural_10672_Floor-1.npz,high_quality_architectural/10672/Floor-1,4,"0,1,2,3,4,5,6,7,8",9,35595,35595,256x256,256x256,True,kept,True,,
high_quality_architectural_10678_Floor-1.npz,high_quality_architectural/10678/Floor-1,4,"0,1,2,3,4,8",6,35357,35357,256x256,256x256,True,kept,True,,
high_quality_architectural_1067_Floor-1.npz,high_quality_architectural/1067/Floor-1,4,"0,1,2,3,4,5,6,7,8",9,33271,33271,256x256,256x256,True,kept,True,,
high_quality_architectural_10685_Floor-1.npz,high_quality_architectural/10685/Floor-1,1,"0,1,2,7,8",5,20137,20137,256x256,256x256,False,room_count_below_min,False,,
high_quality_architectural_10690_Floor-1.npz,high_quality_architectural/10690/Floor-1,4,"0,1,5,7,8",5,15744,15744,256x256,256x256,True,kept,True,,
high_quality_architectural_10692_Floor-1.npz,high_quality_architectural/10692/Floor-1,3,"0,1,2,3,4,5,8",7,38514,38514,256x256,256x256,True,kept,True,,
high_quality_architectural_10695_Floor-1.npz,high_quality_architectural/10695/Floor-1,12,"0,1,2,3,4,5,6,7,8",9,27121,27121,256x256,256x256,True,kept,True,,
high_quality_architectural_10697_Floor-1.npz,high_quality_architectural/10697/Floor-1,0,"0,8",2,6586,6586,256x256,256x256,False,room_count_below_min,False,,
high_quality_architectural_10699_Floor-1.npz,high_quality_architectural/10699/Floor-1,11,"0,1,2,3,4,5,7,8",8,29814,29814,256x256,256x256,True,kept,True,,
high_quality_architectural_10700_Floor-1.npz,high_quality_architectural/10700/Floor-1,0,"0,8",2,8753,8753,256x256,256x256,False,room_count_below_min,False,,
high_quality_architectural_10702_Floor-1.npz,high_quality_architectural/10702/Floor-1,8,"0,1,2,3,4,5,7,8",8,16758,16758,256x256,256x256,True,kept,True,,
high_quality_architectural_10702_Floor-2.npz,high_quality_architectural/10702/Floor-2,3,"0,2,3,4,8",5,13094,13094,256x256,256x256,True,kept,True,,
high_quality_architectural_10705_Floor-1.npz,high_quality_architectural/10705/Floor-1,7,"0,1,2,3,4,5,6,7,8",9,37534,37534,256x256,256x256,True,kept,True,,
high_quality_architectural_10707_Floor-1.npz,high_quality_architectural/10707/Floor-1,5,"0,2,4,7,8",5,28742,28742,256x256,256x256,True,kept,True,,
high_quality_architectural_1070_Floor-1.npz,high_quality_architectural/1070/Floor-1,7,"0,1,3,4,5,7,8",7,36036,36036,256x256,256x256,True,kept,True,,
high_quality_architectural_10712_Floor-1.npz,high_quality_architectural/10712/Floor-1,5,"0,1,2,3,4,5,7,8",8,36490,36490,256x256,256x256,True,kept,True,,
high_quality_architectural_10714_Floor-1.npz,high_quality_architectural/10714/Floor-1,10,"0,1,2,3,4,5,7,8",8,24624,24624,256x256,256x256,True,kept,True,,
high_quality_architectural_10715_Floor-1.npz,high_quality_architectural/10715/Floor-1,4,"0,1,2,3,4,5,7,8",8,27831,27831,256x256,256x256,True,kept,True,,
high_quality_architectural_10717_Floor-1.npz,high_quality_architectural/10717/Floor-1,4,"0,1,2,3,4,5,8",7,38664,38664,256x256,256x256,True,kept,True,,
high_quality_architectural_10718_Floor-1.npz,high_quality_architectural/10718/Floor-1,9,"0,1,2,4,5,6,7,8",8,18561,18561,256x256,256x256,True,kept,True,,
high_quality_architectural_10718_Floor-2.npz,high_quality_architectural/10718/Floor-2,12,"0,3,4,5,7,8",6,13278,13278,256x256,256x256,True,kept,True,,
high_quality_architectural_10719_Floor-1.npz,high_quality_architectural/10719/Floor-1,6,"0,1,3,4,7,8",6,31957,31957,256x256,256x256,True,kept,True,,
high_quality_architectural_1071_Floor-1.npz,high_quality_architectural/1071/Floor-1,11,"0,1,3,4,5,7,8",7,22631,22631,256x256,256x256,True,kept,True,,
high_quality_architectural_10723_Floor-1.npz,high_quality_architectural/10723/Floor-1,4,"0,2,4,7,8",5,5965,5965,256x256,256x256,True,kept,True,,
high_quality_architectural_10723_Floor-2.npz,high_quality_architectural/10723/Floor-2,7,"0,1,2,3,4,5,6,7,8",9,7553,7553,256x256,256x256,True,kept,True,,
high_quality_architectural_10723_Floor-3.npz,high_quality_architectural/10723/Floor-3,6,"0,3,4,5,8",5,4003,4003,256x256,256x256,True,kept,True,,
high_quality_architectural_10726_Floor-1.npz,high_quality_architectural/10726/Floor-1,7,"0,1,3,4,5,7,8",7,19948,19948,256x256,256x256,True,kept,True,,
high_quality_architectural_10727_Floor-1.npz,high_quality_architectural/10727/Floor-1,3,"0,2,3,4,5,8",6,32305,32305,256x256,256x256,True,kept,True,,
high_quality_architectural_10728_Floor-1.npz,high_quality_architectural/10728/Floor-1,3,"0,1,2,3,8",5,27233,27233,256x256,256x256,True,kept,True,,
high_quality_architectural_10730_Floor-1.npz,high_quality_architectural/10730/Floor-1,5,"0,1,2,3,4,5,7,8",8,37247,37247,256x256,256x256,True,kept,True,,
high_quality_architectural_10731_Floor-1.npz,high_quality_architectural/10731/Floor-1,2,"0,4,7,8",4,4676,4676,256x256,256x256,False,room_count_below_min,False,,
high_quality_architectural_10731_Floor-2.npz,high_quality_architectural/10731/Floor-2,5,"0,1,2,3,4,5,8",7,11141,11141,256x256,256x256,True,kept,True,,
high_quality_architectural_10731_Floor-3.npz,high_quality_architectural/10731/Floor-3,2,"0,2,7,8",4,5814,5814,256x256,256x256,False,room_count_below_min,False,,
high_quality_architectural_10732_Floor-1.npz,high_quality_architectural/10732/Floor-1,11,"0,1,2,3,4,5,7,8",8,27764,27764,256x256,256x256,True,kept,True,,
high_quality_architectural_10733_Floor-1.npz,high_quality_architectural/10733/Floor-1,0,"0,8",2,5038,5038,256x256,256x256,False,room_count_below_min,False,,
high_quality_architectural_10735_Floor-1.npz,high_quality_architectural/10735/Floor-1,5,"0,1,4,5,7,8",6,27190,27190,256x256,256x256,True,kept,True,,
high_quality_architectural_10736_Floor-1.npz,high_quality_architectural/10736/Floor-1,3,"0,1,2,3,4,5,8",7,39196,39196,256x256,256x256,True,kept,True,,
high_quality_architectural_10737_Floor-1.npz,high_quality_architectural/10737/Floor-1,4,"0,1,2,3,4,5,7,8",8,33217,33217,256x256,256x256,True,kept,True,,
high_quality_architectural_10738_Floor-1.npz,high_quality_architectural/10738/Floor-1,2,"0,1,2,4,5,8",6,34623,34623,256x256,256x256,False,room_count_below_min,False,,
high_quality_architectural_10739_Floor-1.npz,high_quality_architectural/10739/Floor-1,1,"0,1,2,5,8",5,37488,37488,256x256,256x256,False,room_count_below_min,False,,
high_quality_architectural_10740_Floor-1.npz,high_quality_architectural/10740/Floor-1,2,"0,1,4,5,8",5,21206,21206,256x256,256x256,False,room_count_below_min,False,,
high_quality_architectural_10741_Floor-1.npz,high_quality_architectural/10741/Floor-1,3,"0,1,2,4,5,8",6,36973,36973,256x256,256x256,True,kept,True,,
high_quality_architectural_10742_Floor-1.npz,high_quality_architectural/10742/Floor-1,5,"0,1,2,3,4,5,7,8",8,21147,21147,256x256,256x256,True,kept,True,,
high_quality_architectural_10742_Floor-2.npz,high_quality_architectural/10742/Floor-2,4,"0,3,4,5,8",5,13887,13887,256x256,256x256,True,kept,True,,
high_quality_architectural_10745_Floor-1.npz,high_quality_architectural/10745/Floor-1,7,"0,1,2,3,4,5,6,7,8",9,33690,33690,256x256,256x256,True,kept,True,,
high_quality_architectural_10746_Floor-1.npz,high_quality_architectural/10746/Floor-1,4,"0,1,2,3,4,5,7,8",8,29278,29278,256x256,256x256,True,kept,True,,
high_quality_architectural_10749_Floor-1.npz,high_quality_architectural/10749/Floor-1,2,"0,1,2,3,5,8",6,31587,31587,256x256,256x256,False,room_count_below_min,False,,
high_quality_architectural_10750_Floor-1.npz,high_quality_architectural/10750/Floor-1,4,"0,1,2,3,4,5,6,7,8",9,35595,35595,256x256,256x256,True,kept,True,,
high_quality_architectural_10752_Floor-1.npz,high_quality_architectural/10752/Floor-1,4,"0,3,4,7,8",5,8015,8015,256x256,256x256,True,kept,True,,
high_quality_architectural_10752_Floor-2.npz,high_quality_architectural/10752/Floor-2,6,"0,1,2,4,5,7,8",7,16420,16420,256x256,256x256,True,kept,True,,
high_quality_architectural_10754_Floor-1.npz,high_quality_architectural/10754/Floor-1,13,"0,1,2,3,4,5,6,7,8",9,33663,33663,256x256,256x256,True,kept,True,,
high_quality_architectural_10755_Floor-1.npz,high_quality_architectural/10755/Floor-1,4,"0,1,2,3,7,8",6,33895,33895,256x256,256x256,True,kept,True,,
high_quality_architectural_10756_Floor-1.npz,high_quality_architectural/10756/Floor-1,0,"0,8",2,7379,7379,256x256,256x256,False,room_count_below_min,False,,
high_quality_architectural_10759_Floor-1.npz,high_quality_architectural/10759/Floor-1,4,"0,1,2,3,4,7,8",7,24658,24658,256x256,256x256,True,kept,True,,
high_quality_architectural_1075_Floor-1.npz,high_quality_architectural/1075/Floor-1,2,"0,1,2,5,6,7,8",7,12853,12853,256x256,256x256,False,room_count_below_min,False,,
high_quality_architectural_1075_Floor-2.npz,high_quality_architectural/1075/Floor-2,5,"0,3,4,7,8",5,10355,10355,256x256,256x256,True,kept,True,,
high_quality_architectural_10762_Floor-1.npz,high_quality_architectural/10762/Floor-1,3,"0,1,2,3,5,7,8",7,30180,30180,256x256,256x256,True,kept,True,,
high_quality_architectural_10765_Floor-1.npz,high_quality_architectural/10765/Floor-1,6,"0,1,3,4,5,8",6,33427,33427,256x256,256x256,True,kept,True,,
high_quality_architectural_10767_Floor-1.npz,high_quality_architectural/10767/Floor-1,6,"0,1,2,3,4,5,7,8",8,24869,24869,256x256,256x256,True,kept,True,,
high_quality_architectural_10768_Floor-1.npz,high_quality_architectural/10768/Floor-1,0,"0,8",2,7171,7171,256x256,256x256,False,room_count_below_min,False,,
high_quality_architectural_10768_Floor-2.npz,high_quality_architectural/10768/Floor-2,0,"0,8",2,5730,5730,256x256,256x256,False,room_count_below_min,False,,
high_quality_architectural_10768_Floor-3.npz,high_quality_architectural/10768/Floor-3,0,"0,8",2,1843,1843,256x256,256x256,False,room_count_below_min,False,,
high_quality_architectural_10769_Floor-1.npz,high_quality_architectural/10769/Floor-1,6,"0,1,2,3,4,5,6,8",8,37968,37968,256x256,256x256,True,kept,True,,
high_quality_architectural_10770_Floor-1.npz,high_quality_architectural/10770/Floor-1,2,"0,1,2,4,5,8",6,26817,26817,256x256,256x256,False,room_count_below_min,False,,
high_quality_architectural_10771_Floor-1.npz,high_quality_architectural/10771/Floor-1,6,"0,1,2,4,5,7,8",7,13825,13825,256x256,256x256,True,kept,True,,
high_quality_architectural_10771_Floor-2.npz,high_quality_architectural/10771/Floor-2,1,"0,5,8",3,2951,2951,256x256,256x256,False,room_count_below_min,False,,
high_quality_architectural_10772_Floor-1.npz,high_quality_architectural/10772/Floor-1,5,"0,1,2,3,4,5,8",7,14598,14598,256x256,256x256,True,kept,True,,
high_quality_architectural_10775_Floor-1.npz,high_quality_architectural/10775/Floor-1,2,"0,2,7,8",4,5858,5858,256x256,256x256,False,room_count_below_min,False,,
high_quality_architectural_10775_Floor-2.npz,high_quality_architectural/10775/Floor-2,0,"0,8",2,1467,1467,256x256,256x256,False,room_count_below_min,False,,
high_quality_architectural_10778_Floor-1.npz,high_quality_architectural/10778/Floor-1,8,"0,1,3,4,5,7,8",7,30456,30456,256x256,256x256,True,kept,True,,
high_quality_architectural_10779_Floor-1.npz,high_quality_architectural/10779/Floor-1,5,"0,1,2,3,4,5,7,8",8,32530,32530,256x256,256x256,True,kept,True,,
high_quality_architectural_10781_Floor-1.npz,high_quality_architectural/10781/Floor-1,5,"0,2,4,8",4,11683,11683,256x256,256x256,True,kept,True,,
high_quality_architectural_10782_Floor-1.npz,high_quality_architectural/10782/Floor-1,4,"0,1,4,7,8",5,19784,19784,256x256,256x256,True,kept,True,,
high_quality_architectural_10783_Floor-1.npz,high_quality_architectural/10783/Floor-1,7,"0,1,2,3,4,5,7,8",8,29176,29176,256x256,256x256,True,kept,True,,
high_quality_architectural_10786_Floor-1.npz,high_quality_architectural/10786/Floor-1,9,"0,1,2,3,4,5,7,8",8,27975,27975,256x256,256x256,True,kept,True,,
high_quality_architectural_10787_Floor-1.npz,high_quality_architectural/10787/Floor-1,2,"0,2,7,8",4,33233,33233,256x256,256x256,False,room_count_below_min,False,,
high_quality_architectural_1079_Floor-1.npz,high_quality_architectural/1079/Floor-1,4,"0,1,2,3,4,8",6,33480,33480,256x256,256x256,True,kept,True,,
high_quality_architectural_1088_Floor-1.npz,high_quality_architectural/1088/Floor-1,6,"0,1,2,3,4,5,7,8",8,28510,28510,256x256,256x256,True,kept,True,,
high_quality_architectural_1089_Floor-1.npz,high_quality_architectural/1089/Floor-1,3,"0,1,2,3,5,7,8",7,25597,25597,256x256,256x256,True,kept,True,,
high_quality_architectural_1099_Floor-1.npz,high_quality_architectural/1099/Floor-1,4,"0,1,2,3,7,8",6,33210,33210,256x256,256x256,True,kept,True,,
high_quality_architectural_10_Floor-1.npz,high_quality_architectural/10/Floor-1,0,"0,8",2,1580,1580,256x256,256x256,False,room_count_below_min,False,,
high_quality_architectural_10_Floor-2.npz,high_quality_architectural/10/Floor-2,5,"0,1,2,5,8",5,7740,7740,256x256,256x256,True,kept,True,,
high_quality_architectural_10_Floor-3.npz,high_quality_architectural/10/Floor-3,3,"0,3,4,8",4,5220,5220,256x256,256x256,True,kept,True,,
high_quality_architectural_11000_Floor-1.npz,high_quality_architectural/11000/Floor-1,7,"0,1,3,4,5,6,7,8",8,35293,35293,256x256,256x256,True,kept,True,,
high_quality_architectural_11001_Floor-1.npz,high_quality_architectural/11001/Floor-1,5,"0,1,2,3,4,5,6,8",8,43996,43996,256x256,256x256,True,kept,True,,
high_quality_architectural_11002_Floor-1.npz,high_quality_architectural/11002/Floor-1,4,"0,1,2,4,5,8",6,39461,39461,256x256,256x256,True,kept,True,,
high_quality_architectural_11003_Floor-1.npz,high_quality_architectural/11003/Floor-1,4,"0,2,3,4,5,6,8",7,44028,44028,256x256,256x256,True,kept,True,,
high_quality_architectural_11004_Floor-1.npz,high_quality_architectural/11004/Floor-1,4,"0,1,2,4,5,8",6,40897,40897,256x256,256x256,True,kept,True,,
high_quality_architectural_11005_Floor-1.npz,high_quality_architectural/11005/Floor-1,4,"0,1,2,4,5,8",6,39065,39065,256x256,256x256,True,kept,True,,
high_quality_architectural_11006_Floor-1.npz,high_quality_architectural/11006/Floor-1,3,"0,1,4,5,8",5,18542,18542,256x256,256x256,True,kept,True,,
high_quality_architectural_11007_Floor-1.npz,high_quality_architectural/11007/Floor-1,0,"0,8",2,6575,6575,256x256,256x256,False,room_count_below_min,False,,
high_quality_architectural_11008_Floor-1.npz,high_quality_architectural/11008/Floor-1,2,"0,1,2,8",4,43136,43136,256x256,256x256,False,room_count_below_min,False,,
high_quality_architectural_11009_Floor-1.npz,high_quality_architectural/11009/Floor-1,1,"0,2,8",3,16940,16940,256x256,256x256,False,room_count_below_min,False,,
high_quality_architectural_1100_Floor-1.npz,high_quality_architectural/1100/Floor-1,6,"0,1,2,3,4,5,7,8",8,24286,24286,256x256,256x256,True,kept,True,,
high_quality_architectural_11010_Floor-1.npz,high_quality_architectural/11010/Floor-1,3,"0,2,8",3,29527,29527,256x256,256x256,True,kept,True,,
high_quality_architectural_11011_Floor-1.npz,high_quality_architectural/11011/Floor-1,1,"0,2,8",3,14287,14287,256x256,256x256,False,room_count_below_min,False,,
high_quality_architectural_11012_Floor-1.npz,high_quality_architectural/11012/Floor-1,2,"0,1,2,8",4,42168,42168,256x256,256x256,False,room_count_below_min,False,,
high_quality_architectural_11013_Floor-1.npz,high_quality_architectural/11013/Floor-1,4,"0,1,2,4,5,8",6,38198,38198,256x256,256x256,True,kept,True,,
high_quality_architectural_11014_Floor-1.npz,high_quality_architectural/11014/Floor-1,4,"0,1,2,4,5,8",6,37363,37363,256x256,256x256,True,kept,True,,
high_quality_architectural_11015_Floor-1.npz,high_quality_architectural/11015/Floor-1,3,"0,1,2,4,5,8",6,46012,46012,256x256,256x256,True,kept,True,,
high_quality_architectural_11016_Floor-1.npz,high_quality_architectural/11016/Floor-1,4,"0,1,4,5,8",5,24390,24390,256x256,256x256,True,kept,True,,
high_quality_architectural_11017_Floor-1.npz,high_quality_architectural/11017/Floor-1,4,"0,1,4,5,8",5,22406,22406,256x256,256x256,True,kept,True,,
high_quality_architectural_11018_Floor-1.npz,high_quality_architectural/11018/Floor-1,2,"0,2,4,8",4,20991,20991,256x256,256x256,False,room_count_below_min,False,,
high_quality_architectural_11019_Floor-1.npz,high_quality_architectural/11019/Floor-1,2,"0,2,5,8",4,33937,33937,256x256,256x256,False,room_count_below_min,False,,
high_quality_architectural_1101_Floor-1.npz,high_quality_architectural/1101/Floor-1,5,"0,1,2,3,4,7,8",7,33815,33815,256x256,256x256,True,kept,True,,
high_quality_architectural_11020_Floor-1.npz,high_quality_architectural/11020/Floor-1,3,"0,2,4,5,8",5,19271,19271,256x256,256x256,True,kept,True,,
high_quality_architectural_11021_Floor-1.npz,high_quality_architectural/11021/Floor-1,3,"0,2,4,5,8",5,35094,35094,256x256,256x256,True,kept,True,,
high_quality_architectural_11022_Floor-1.npz,high_quality_architectural/11022/Floor-1,3,"0,2,4,5,8",5,36992,36992,256x256,256x256,True,kept,True,,
high_quality_architectural_11023_Floor-1.npz,high_quality_architectural/11023/Floor-1,1,"0,5,8",3,24340,24340,256x256,256x256,False,room_count_below_min,False,,
high_quality_architectural_11024_Floor-1.npz,high_quality_architectural/11024/Floor-1,3,"0,2,4,5,8",5,38682,38682,256x256,256x256,True,kept,True,,
high_quality_architectural_11025_Floor-1.npz,high_quality_architectural/11025/Floor-1,1,"0,4,8",3,9650,9650,256x256,256x256,False,room_count_below_min,False,,
high_quality_architectural_11026_Floor-1.npz,high_quality_architectural/11026/Floor-1,0,"0,8",2,8158,8158,256x256,256x256,False,room_count_below_min,False,,
high_quality_architectural_11027_Floor-1.npz,high_quality_architectural/11027/Floor-1,4,"0,2,4,5,8",5,28820,28820,256x256,256x256,True,kept,True,,
high_quality_architectural_11028_Floor-1.npz,high_quality_architectural/11028/Floor-1,2,"0,2,4,8",4,17361,17361,256x256,256x256,False,room_count_below_min,False,,
high_quality_architectural_11029_Floor-1.npz,high_quality_architectural/11029/Floor-1,5,"0,1,3,4,8",5,19705,19705,256x256,256x256,True,kept,True,,
high_quality_architectural_1102_Floor-1.npz,high_quality_architectural/1102/Floor-1,2,"0,1,2,4,5,8",6,24695,24695,256x256,256x256,False,room_count_below_min,False,,
high_quality_architectural_11032_Floor-1.npz,high_quality_architectural/11032/Floor-1,10,"0,1,2,3,4,5,7,8",8,32068,32068,256x256,256x256,True,kept,True,,
high_quality_architectural_11033_Floor-1.npz,high_quality_architectural/11033/Floor-1,5,"0,1,2,3,4,5,7,8",8,24052,24052,256x256,256x256,True,kept,True,,
high_quality_architectural_11034_Floor-1.npz,high_quality_architectural/11034/Floor-1,11,"0,1,2,3,4,5,7,8",8,39204,39204,256x256,256x256,True,kept,True,,
high_quality_architectural_11035_Floor-1.npz,high_quality_architectural/11035/Floor-1,5,"0,2,7,8",4,10905,10905,256x256,256x256,True,kept,True,,
high_quality_architectural_11035_Floor-2.npz,high_quality_architectural/11035/Floor-2,4,"0,1,2,4,5,7,8",7,8844,8844,256x256,256x256,True,kept,True,,
high_quality_architectural_11035_Floor-3.npz,high_quality_architectural/11035/Floor-3,5,"0,3,4,5,7,8",6,7767,7767,256x256,256x256,True,kept,True,,
high_quality_architectural_11041_Floor-1.npz,high_quality_architectural/11041/Floor-1,10,"0,1,2,3,4,7,8",7,35221,35221,256x256,256x256,True,kept,True,,
high_quality_architectural_11046_Floor-1.npz,high_quality_architectural/11046/Floor-1,3,"0,1,2,5,7,8",6,36458,36458,256x256,256x256,True,kept,True,,
high_quality_architectural_11048_Floor-1.npz,high_quality_architectural/11048/Floor-1,6,"0,1,3,4,5,7,8",7,22280,22280,256x256,256x256,True,kept,True,,
high_quality_architectural_11049_Floor-1.npz,high_quality_architectural/11049/Floor-1,6,"0,1,2,3,4,6,7,8",8,31355,31355,256x256,256x256,True,kept,True,,
high_quality_architectural_1104_Floor-1.npz,high_quality_architectural/1104/Floor-1,1,"0,1,2,5,8",5,30445,30445,256x256,256x256,False,room_count_below_min,False,,
high_quality_architectural_11051_Floor-1.npz,high_quality_architectural/11051/Floor-1,2,"0,1,4,8",4,13380,13380,256x256,256x256,False,room_count_below_min,False,,
high_quality_architectural_11053_Floor-1.npz,high_quality_architectural/11053/Floor-1,5,"0,1,2,3,5,7,8",7,11926,11926,256x256,256x256,True,kept,True,,
high_quality_architectural_11053_Floor-2.npz,high_quality_architectural/11053/Floor-2,4,"0,3,4,5,8",5,6370,6370,256x256,256x256,True,kept,True,,
high_quality_architectural_11055_Floor-1.npz,high_quality_architectural/11055/Floor-1,6,"0,1,2,4,5,6,7,8",8,12205,12205,256x256,256x256,True,kept,True,,
high_quality_architectural_11055_Floor-2.npz,high_quality_architectural/11055/Floor-2,7,"0,3,4,7,8",5,10897,10897,256x256,256x256,True,kept,True,,
high_quality_architectural_11056_Floor-1.npz,high_quality_architectural/11056/Floor-1,5,"0,1,2,3,4,5,6,8",8,29241,29241,256x256,256x256,True,kept,True,,
high_quality_architectural_11058_Floor-1.npz,high_quality_architectural/11058/Floor-1,6,"0,1,4,5,7,8",6,24127,24127,256x256,256x256,True,kept,True,,
high_quality_architectural_11059_Floor-1.npz,high_quality_architectural/11059/Floor-1,6,"0,1,2,3,4,5,7,8",8,14500,14500,256x256,256x256,True,kept,True,,
high_quality_architectural_11059_Floor-2.npz,high_quality_architectural/11059/Floor-2,8,"0,3,4,5,7,8",6,14975,14975,256x256,256x256,True,kept,True,,
high_quality_architectural_1105_Floor-1.npz,high_quality_architectural/1105/Floor-1,4,"0,1,4,5,7,8",6,29558,29558,256x256,256x256,True,kept,True,,
high_quality_architectural_11061_Floor-1.npz,high_quality_architectural/11061/Floor-1,4,"0,1,2,4,5,8",6,32947,32947,256x256,256x256,True,kept,True,,
high_quality_architectural_11062_Floor-1.npz,high_quality_architectural/11062/Floor-1,9,"0,1,2,4,5,7,8",7,8220,8220,256x256,256x256,True,kept,True,,
high_quality_architectural_11062_Floor-2.npz,high_quality_architectural/11062/Floor-2,5,"0,3,5,7,8",5,3953,3953,256x256,256x256,True,kept,True,,
high_quality_architectural_11063_Floor-1.npz,high_quality_architectural/11063/Floor-1,2,"0,4,5,8",4,22657,22657,256x256,256x256,False,room_count_below_min,False,,
high_quality_architectural_11066_Floor-1.npz,high_quality_architectural/11066/Floor-1,4,"0,1,2,3,4,5,8",7,21163,21163,256x256,256x256,True,kept,True,,
high_quality_architectural_11067_Floor-1.npz,high_quality_architectural/11067/Floor-1,9,"0,1,2,3,4,5,6,7,8",9,35328,35328,256x256,256x256,True,kept,True,,
high_quality_architectural_11068_Floor-1.npz,high_quality_architectural/11068/Floor-1,0,"0,8",2,5360,5360,256x256,256x256,False,room_count_below_min,False,,
high_quality_architectural_11069_Floor-1.npz,high_quality_architectural/11069/Floor-1,10,"0,1,2,3,4,5,6,7,8",9,16994,16994,256x256,256x256,True,kept,True,,
high_quality_architectural_11069_Floor-2.npz,high_quality_architectural/11069/Floor-2,8,"0,2,3,4,5,7,8",7,17486,17486,256x256,256x256,True,kept,True,,
high_quality_architectural_1106_Floor-1.npz,high_quality_architectural/1106/Floor-1,2,"0,1,3,5,8",5,22073,22073,256x256,256x256,False,room_count_below_min,False,,
high_quality_architectural_11071_Floor-1.npz,high_quality_architectural/11071/Floor-1,11,"0,1,2,3,4,5,7,8",8,44570,44570,256x256,256x256,True,kept,True,,
high_quality_architectural_11072_Floor-1.npz,high_quality_architectural/11072/Floor-1,7,"0,1,2,3,4,5,8",7,18197,18197,256x256,256x256,True,kept,True,,
high_quality_architectural_11079_Floor-1.npz,high_quality_architectural/11079/Floor-1,3,"0,1,4,7,8",5,38466,38466,256x256,256x256,True,kept,True,,
high_quality_architectural_1107_Floor-1.npz,high_quality_architectural/1107/Floor-1,7,"0,1,2,4,5,7,8",7,16807,16807,256x256,256x256,True,kept,True,,
high_quality_architectural_1107_Floor-2.npz,high_quality_architectural/1107/Floor-2,5,"0,3,4,5,7,8",6,12919,12919,256x256,256x256,True,kept,True,,
high_quality_architectural_11080_Floor-1.npz,high_quality_architectural/11080/Floor-1,5,"0,1,2,4,5,7,8",7,11635,11635,256x256,256x256,True,kept,True,,
high_quality_architectural_11080_Floor-2.npz,high_quality_architectural/11080/Floor-2,6,"0,3,4,7,8",5,9251,9251,256x256,256x256,True,kept,True,,
high_quality_architectural_11081_Floor-1.npz,high_quality_architectural/11081/Floor-1,3,"0,2,4,8",4,29291,29291,256x256,256x256,True,kept,True,,
high_quality_architectural_11083_Floor-1.npz,high_quality_architectural/11083/Floor-1,5,"0,1,2,3,7,8",6,32254,32254,256x256,256x256,True,kept,True,,
high_quality_architectural_11084_Floor-1.npz,high_quality_architectural/11084/Floor-1,2,"0,1,2,4,5,8",6,32752,32752,256x256,256x256,False,room_count_below_min,False,,
high_quality_architectural_11085_Floor-1.npz,high_quality_architectural/11085/Floor-1,8,"0,1,2,3,4,7,8",7,40517,40517,256x256,256x256,True,kept,True,,
high_quality_architectural_11086_Floor-1.npz,high_quality_architectural/11086/Floor-1,3,"0,1,2,3,4,5,8",7,30352,30352,256x256,256x256,True,kept,True,,
high_quality_architectural_11089_Floor-1.npz,high_quality_architectural/11089/Floor-1,0,"0,8",2,3554,3554,256x256,256x256,False,room_count_below_min,False,,
high_quality_architectural_11096_Floor-1.npz,high_quality_architectural/11096/Floor-1,2,"0,1,2,5,7,8",6,43801,43801,256x256,256x256,False,room_count_below_min,False,,
high_quality_architectural_11098_Floor-1.npz,high_quality_architectural/11098/Floor-1,3,"0,2,3,4,5,8",6,34644,34644,256x256,256x256,True,kept,True,,
high_quality_architectural_1109_Floor-1.npz,high_quality_architectural/1109/Floor-1,8,"0,1,2,3,4,5,7,8",8,26620,26620,256x256,256x256,True,kept,True,,
high_quality_architectural_11100_Floor-1.npz,high_quality_architectural/11100/Floor-1,6,"0,1,2,3,4,7,8",7,44087,44087,256x256,256x256,True,kept,True,,
high_quality_architectural_11101_Floor-1.npz,high_quality_architectural/11101/Floor-1,2,"0,2,7,8",4,30343,30343,256x256,256x256,False,room_count_below_min,False,,
high_quality_architectural_11108_Floor-1.npz,high_quality_architectural/11108/Floor-1,5,"0,2,3,4,5,7,8",7,27369,27369,256x256,256x256,True,kept,True,,
high_quality_architectural_11109_Floor-1.npz,high_quality_architectural/11109/Floor-1,0,"0,8",2,6278,6278,256x256,256x256,False,room_count_below_min,False,,
high_quality_architectural_11110_Floor-1.npz,high_quality_architectural/11110/Floor-1,5,"0,2,4,5,7,8",6,21513,21513,256x256,256x256,True,kept,True,,
high_quality_architectural_11110_Floor-2.npz,high_quality_architectural/11110/Floor-2,4,"0,1,2,3,4,5,8",7,21873,21873,256x256,256x256,True,kept,True,,
high_quality_architectural_11112_Floor-1.npz,high_quality_architectural/11112/Floor-1,4,"0,1,2,3,4,8",6,30741,30741,256x256,256x256,True,kept,True,,
high_quality_architectural_11118_Floor-1.npz,high_quality_architectural/11118/Floor-1,1,"0,1,2,5,8",5,31931,31931,256x256,256x256,False,room_count_below_min,False,,
high_quality_architectural_1111_Floor-1.npz,high_quality_architectural/1111/Floor-1,7,"0,1,2,3,4,5,7,8",8,31235,31235,256x256,256x256,True,kept,True,,
high_quality_architectural_11121_Floor-1.npz,high_quality_architectural/11121/Floor-1,3,"0,1,2,3,4,5,6,8",8,49777,49777,256x256,256x256,True,kept,True,,
high_quality_architectural_11122_Floor-1.npz,high_quality_architectural/11122/Floor-1,10,"0,1,2,3,4,5,7,8",8,26579,26579,256x256,256x256,True,kept,True,,
high_quality_architectural_11123_Floor-1.npz,high_quality_architectural/11123/Floor-1,6,"0,1,2,3,4,5,7,8",8,31355,31355,256x256,256x256,True,kept,True,,
high_quality_architectural_11125_Floor-1.npz,high_quality_architectural/11125/Floor-1,8,"0,1,2,3,4,5,7,8",8,27508,27508,256x256,256x256,True,kept,True,,
high_quality_architectural_11127_Floor-1.npz,high_quality_architectural/11127/Floor-1,8,"0,2,3,4,5,7,8",7,10062,10062,256x256,256x256,True,kept,True,,
high_quality_architectural_11127_Floor-2.npz,high_quality_architectural/11127/Floor-2,5,"0,1,2,3,4,5,7,8",8,11115,11115,256x256,256x256,True,kept,True,,
high_quality_architectural_11127_Floor-3.npz,high_quality_architectural/11127/Floor-3,6,"0,3,4,5,7,8",6,8168,8168,256x256,256x256,True,kept,True,,
high_quality_architectural_11130_Floor-1.npz,high_quality_architectural/11130/Floor-1,8,"0,1,2,4,5,7,8",7,18433,18433,256x256,256x256,True,kept,True,,
high_quality_architectural_11130_Floor-2.npz,high_quality_architectural/11130/Floor-2,7,"0,1,2,3,4,5,6,7,8",9,20786,20786,256x256,256x256,True,kept,True,,
high_quality_architectural_11133_Floor-1.npz,high_quality_architectural/11133/Floor-1,3,"0,1,2,5,7,8",6,42189,42189,256x256,256x256,True,kept,True,,
high_quality_architectural_11136_Floor-1.npz,high_quality_architectural/11136/Floor-1,5,"0,1,3,4,5,8",6,10895,10895,256x256,256x256,True,kept,True,,
high_quality_architectural_11136_Floor-2.npz,high_quality_architectural/11136/Floor-2,0,"0,8",2,2026,2026,256x256,256x256,False,room_count_below_min,False,,
high_quality_architectural_11140_Floor-1.npz,high_quality_architectural/11140/Floor-1,5,"0,1,2,4,6,7,8",7,16961,16961,256x256,256x256,True,kept,True,,
high_quality_architectural_11140_Floor-2.npz,high_quality_architectural/11140/Floor-2,4,"0,3,4,8",4,12354,12354,256x256,256x256,True,kept,True,,
high_quality_architectural_11141_Floor-1.npz,high_quality_architectural/11141/Floor-1,7,"0,1,2,3,4,5,7,8",8,31834,31834,256x256,256x256,True,kept,True,,
high_quality_architectural_11142_Floor-1.npz,high_quality_architectural/11142/Floor-1,4,"0,1,2,3,4,8",6,27496,27496,256x256,256x256,True,kept,True,,
high_quality_architectural_11144_Floor-1.npz,high_quality_architectural/11144/Floor-1,5,"0,1,2,3,4,5,8",7,41580,41580,256x256,256x256,True,kept,True,,
high_quality_architectural_11145_Floor-1.npz,high_quality_architectural/11145/Floor-1,7,"0,1,2,4,5,6,7,8",8,16657,16657,256x256,256x256,True,kept,True,,
high_quality_architectural_11145_Floor-2.npz,high_quality_architectural/11145/Floor-2,7,"0,2,3,4,5,7,8",7,12992,12992,256x256,256x256,True,kept,True,,
high_quality_architectural_1114_Floor-1.npz,high_quality_architectural/1114/Floor-1,11,"0,1,2,4,5,6,7,8",8,32159,32159,256x256,256x256,True,kept,True,,
high_quality_architectural_11152_Floor-1.npz,high_quality_architectural/11152/Floor-1,4,"0,2,4,5,8",5,41403,41403,256x256,256x256,True,kept,True,,
high_quality_architectural_11153_Floor-1.npz,high_quality_architectural/11153/Floor-1,0,"0,8",2,6681,6681,256x256,256x256,False,room_count_below_min,False,,
high_quality_architectural_11154_Floor-1.npz,high_quality_architectural/11154/Floor-1,6,"0,3,4,5,8",5,16361,16361,256x256,256x256,True,kept,True,,
high_quality_architectural_11154_Floor-2.npz,high_quality_architectural/11154/Floor-2,0,"0,8",2,3361,3361,256x256,256x256,False,room_count_below_min,False,,
high_quality_architectural_11158_Floor-1.npz,high_quality_architectural/11158/Floor-1,7,"0,1,2,4,5,6,7,8",8,14613,14613,256x256,256x256,True,kept,True,,
high_quality_architectural_11158_Floor-2.npz,high_quality_architectural/11158/Floor-2,4,"0,3,4,7,8",5,6866,6866,256x256,256x256,True,kept,True,,
high_quality_architectural_11159_Floor-1.npz,high_quality_architectural/11159/Floor-1,9,"0,3,4,5,7,8",6,18491,18491,256x256,256x256,True,kept,True,,
high_quality_architectural_11159_Floor-2.npz,high_quality_architectural/11159/Floor-2,4,"0,1,2,3,4,8",6,21009,21009,256x256,256x256,True,kept,True,,
high_quality_architectural_11160_Floor-1.npz,high_quality_architectural/11160/Floor-1,6,"0,1,2,3,4,5,7,8",8,20080,20080,256x256,256x256,True,kept,True,,
high_quality_architectural_11163_Floor-1.npz,high_quality_architectural/11163/Floor-1,9,"0,1,3,4,5,6,7,8",8,24041,24041,256x256,256x256,True,kept,True,,
high_quality_architectural_11168_Floor-1.npz,high_quality_architectural/11168/Floor-1,3,"0,2,4,5,8",5,19638,19638,256x256,256x256,True,kept,True,,
high_quality_architectural_11169_Floor-1.npz,high_quality_architectural/11169/Floor-1,3,"0,2,4,5,8",5,18629,18629,256x256,256x256,True,kept,True,,
high_quality_architectural_1116_Floor-1.npz,high_quality_architectural/1116/Floor-1,5,"0,3,5,7,8",5,8995,8995,256x256,256x256,True,kept,True,,
high_quality_architectural_1116_Floor-2.npz,high_quality_architectural/1116/Floor-2,9,"0,1,2,3,4,5,7,8",8,18769,18769,256x256,256x256,True,kept,True,,
high_quality_architectural_11171_Floor-1.npz,high_quality_architectural/11171/Floor-1,3,"0,1,2,4,8",5,28095,28095,256x256,256x256,True,kept,True,,
high_quality_architectural_11172_Floor-1.npz,high_quality_architectural/11172/Floor-1,3,"0,2,4,5,8",5,16537,16537,256x256,256x256,True,kept,True,,
high_quality_architectural_11173_Floor-1.npz,high_quality_architectural/11173/Floor-1,3,"0,1,2,4,5,8",6,30000,30000,256x256,256x256,True,kept,True,,
high_quality_architectural_11174_Floor-1.npz,high_quality_architectural/11174/Floor-1,3,"0,2,4,5,8",5,15542,15542,256x256,256x256,True,kept,True,,
high_quality_architectural_11176_Floor-1.npz,high_quality_architectural/11176/Floor-1,3,"0,1,2,4,5,8",6,31125,31125,256x256,256x256,True,kept,True,,
high_quality_architectural_11177_Floor-1.npz,high_quality_architectural/11177/Floor-1,3,"0,1,2,4,5,8",6,39924,39924,256x256,256x256,True,kept,True,,
high_quality_architectural_11178_Floor-1.npz,high_quality_architectural/11178/Floor-1,7,"0,1,2,3,4,5,8",7,21475,21475,256x256,256x256,True,kept,True,,
high_quality_architectural_11180_Floor-1.npz,high_quality_architectural/11180/Floor-1,3,"0,1,2,4,5,8",6,27308,27308,256x256,256x256,True,kept,True,,
high_quality_architectural_11181_Floor-1.npz,high_quality_architectural/11181/Floor-1,5,"0,3,4,5,6,8",6,15892,15892,256x256,256x256,True,kept,True,,
high_quality_architectural_11182_Floor-1.npz,high_quality_architectural/11182/Floor-1,4,"0,2,3,4,5,8",6,34894,34894,256x256,256x256,True,kept,True,,
high_quality_architectural_11184_Floor-1.npz,high_quality_architectural/11184/Floor-1,5,"0,2,3,4,5,8",6,33071,33071,256x256,256x256,True,kept,True,,
high_quality_architectural_11185_Floor-1.npz,high_quality_architectural/11185/Floor-1,9,"0,2,3,4,7,8",6,14084,14084,256x256,256x256,True,kept,True,,
high_quality_architectural_11185_Floor-2.npz,high_quality_architectural/11185/Floor-2,6,"0,1,2,3,4,5,6,7,8",9,14265,14265,256x256,256x256,True,kept,True,,
high_quality_architectural_11189_Floor-1.npz,high_quality_architectural/11189/Floor-1,6,"0,1,2,4,5,7,8",7,18218,18218,256x256,256x256,True,kept,True,,
high_quality_architectural_11200_Floor-1.npz,high_quality_architectural/11200/Floor-1,5,"0,2,3,4,5,7,8",7,28356,28356,256x256,256x256,True,kept,True,,
high_quality_architectural_11201_Floor-1.npz,high_quality_architectural/11201/Floor-1,7,"0,1,3,4,5,7,8",7,25661,25661,256x256,256x256,True,kept,True,,
high_quality_architectural_11202_Floor-1.npz,high_quality_architectural/11202/Floor-1,8,"0,1,2,3,4,5,6,7,8",9,17983,17983,256x256,256x256,True,kept,True,,
high_quality_architectural_11202_Floor-2.npz,high_quality_architectural/11202/Floor-2,7,"0,3,4,5,7,8",6,14431,14431,256x256,256x256,True,kept,True,,
high_quality_architectural_11204_Floor-1.npz,high_quality_architectural/11204/Floor-1,7,"0,2,4,5,7,8",6,12208,12208,256x256,256x256,True,kept,True,,
high_quality_architectural_11204_Floor-2.npz,high_quality_architectural/11204/Floor-2,3,"0,1,2,3,6,8",6,9523,9523,256x256,256x256,True,kept,True,,
high_quality_architectural_11206_Floor-1.npz,high_quality_architectural/11206/Floor-1,12,"0,1,2,3,4,5,7,8",8,31455,31455,256x256,256x256,True,kept,True,,
high_quality_architectural_11209_Floor-1.npz,high_quality_architectural/11209/Floor-1,0,"0,8",2,4732,4732,256x256,256x256,False,room_count_below_min,False,,
high_quality_architectural_11213_Floor-1.npz,high_quality_architectural/11213/Floor-1,2,"0,1,2,8",4,22008,22008,256x256,256x256,False,room_count_below_min,False,,
high_quality_architectural_11218_Floor-1.npz,high_quality_architectural/11218/Floor-1,4,"0,1,2,3,4,8",6,30457,30457,256x256,256x256,True,kept,True,,
high_quality_architectural_1121_Floor-1.npz,high_quality_architectural/1121/Floor-1,10,"0,1,2,3,4,5,7,8",8,33378,33378,256x256,256x256,True,kept,True,,
high_quality_architectural_11220_Floor-1.npz,high_quality_architectural/11220/Floor-1,8,"0,1,2,3,4,5,6,8",8,28443,28443,256x256,256x256,True,kept,True,,
high_quality_architectural_11224_Floor-1.npz,high_quality_architectural/11224/Floor-1,4,"0,1,3,4,5,7,8",7,30473,30473,256x256,256x256,True,kept,True,,
high_quality_architectural_11227_Floor-1.npz,high_quality_architectural/11227/Floor-1,13,"0,1,2,3,4,5,6,7,8",9,29897,29897,256x256,256x256,True,kept,True,,
high_quality_architectural_11230_Floor-1.npz,high_quality_architectural/11230/Floor-1,8,"0,1,2,3,4,5,6,7,8",9,14906,14906,256x256,256x256,True,kept,True,,
high_quality_architectural_11230_Floor-2.npz,high_quality_architectural/11230/Floor-2,4,"0,2,3,4,7,8",6,12893,12893,256x256,256x256,True,kept,True,,
high_quality_architectural_11232_Floor-1.npz,high_quality_architectural/11232/Floor-1,5,"0,1,2,3,4,5,6,7,8",9,43328,43328,256x256,256x256,True,kept,True,,
high_quality_architectural_11237_Floor-1.npz,high_quality_architectural/11237/Floor-1,4,"0,1,3,4,7,8",6,23767,23767,256x256,256x256,True,kept,True,,
high_quality_architectural_11238_Floor-1.npz,high_quality_architectural/11238/Floor-1,7,"0,1,2,3,4,5,6,7,8",9,17357,17357,256x256,256x256,True,kept,True,,
high_quality_architectural_11241_Floor-1.npz,high_quality_architectural/11241/Floor-1,7,"0,3,4,5,7,8",6,6073,6073,256x256,256x256,True,kept,True,,
high_quality_architectural_11241_Floor-2.npz,high_quality_architectural/11241/Floor-2,6,"0,2,3,7,8",5,10667,10667,256x256,256x256,True,kept,True,,
high_quality_architectural_11242_Floor-1.npz,high_quality_architectural/11242/Floor-1,6,"0,1,2,3,5,6,7,8",8,16059,16059,256x256,256x256,True,kept,True,,
high_quality_architectural_11243_Floor-1.npz,high_quality_architectural/11243/Floor-1,5,"0,1,3,4,8",5,28171,28171,256x256,256x256,True,kept,True,,
high_quality_architectural_11244_Floor-1.npz,high_quality_architectural/11244/Floor-1,0,"0,8",2,3440,3440,256x256,256x256,False,room_count_below_min,False,,
high_quality_architectural_11244_Floor-2.npz,high_quality_architectural/11244/Floor-2,0,"0,8",2,1961,1961,256x256,256x256,False,room_count_below_min,False,,
high_quality_architectural_11248_Floor-1.npz,high_quality_architectural/11248/Floor-1,4,"0,1,2,3,4,5,8",7,36943,36943,256x256,256x256,True,kept,True,,
high_quality_architectural_11250_Floor-1.npz,high_quality_architectural/11250/Floor-1,6,"0,1,2,3,4,5,7,8",8,12857,12857,256x256,256x256,True,kept,True,,
high_quality_architectural_11250_Floor-2.npz,high_quality_architectural/11250/Floor-2,4,"0,2,3,4,8",5,11472,11472,256x256,256x256,True,kept,True,,
high_quality_architectural_11251_Floor-1.npz,high_quality_architectural/11251/Floor-1,7,"0,1,2,3,4,5,6,7,8",9,21990,21990,256x256,256x256,True,kept,True,,
high_quality_architectural_11252_Floor-1.npz,high_quality_architectural/11252/Floor-1,5,"0,1,2,3,4,7,8",7,34276,34276,256x256,256x256,True,kept,True,,
high_quality_architectural_11257_Floor-1.npz,high_quality_architectural/11257/Floor-1,10,"0,1,2,3,4,5,7,8",8,43273,43273,256x256,256x256,True,kept,True,,
high_quality_architectural_11258_Floor-1.npz,high_quality_architectural/11258/Floor-1,2,"0,3,4,8",4,7052,7052,256x256,256x256,False,room_count_below_min,False,,
high_quality_architectural_11258_Floor-2.npz,high_quality_architectural/11258/Floor-2,5,"0,1,2,3,4,5,7,8",8,14319,14319,256x256,256x256,True,kept,True,,
high_quality_architectural_11268_Floor-1.npz,high_quality_architectural/11268/Floor-1,2,"0,1,2,3,5,8",6,35236,35236,256x256,256x256,False,room_count_below_min,False,,
high_quality_architectural_11279_Floor-1.npz,high_quality_architectural/11279/Floor-1,1,"0,1,2,5,8",5,37503,37503,256x256,256x256,False,room_count_below_min,False,,
high_quality_architectural_11280_Floor-1.npz,high_quality_architectural/11280/Floor-1,5,"0,1,2,3,5,7,8",7,28962,28962,256x256,256x256,True,kept,True,,
high_quality_architectural_11281_Floor-1.npz,high_quality_architectural/11281/Floor-1,4,"0,1,2,3,5,8",6,35498,35498,256x256,256x256,True,kept,True,,
high_quality_architectural_11282_Floor-1.npz,high_quality_architectural/11282/Floor-1,4,"0,2,3,4,5,8",6,29117,29117,256x256,256x256,True,kept,True,,
high_quality_architectural_11284_Floor-1.npz,high_quality_architectural/11284/Floor-1,7,"0,1,3,4,5,7,8",7,33007,33007,256x256,256x256,True,kept,True,,
high_quality_architectural_11285_Floor-1.npz,high_quality_architectural/11285/Floor-1,7,"0,1,2,4,5,6,7,8",8,16813,16813,256x256,256x256,True,kept,True,,
high_quality_architectural_11285_Floor-2.npz,high_quality_architectural/11285/Floor-2,6,"0,3,4,5,7,8",6,17039,17039,256x256,256x256,True,kept,True,,
high_quality_architectural_11287_Floor-1.npz,high_quality_architectural/11287/Floor-1,3,"0,2,3,7,8",5,31136,31136,256x256,256x256,True,kept,True,,
high_quality_architectural_1128_Floor-1.npz,high_quality_architectural/1128/Floor-1,12,"0,1,2,3,4,5,7,8",8,33100,33100,256x256,256x256,True,kept,True,,
high_quality_architectural_1128_Floor-2.npz,high_quality_architectural/1128/Floor-2,0,0,1,0,0,256x256,256x256,False,room_count_below_min,False,,
high_quality_architectural_11297_Floor-1.npz,high_quality_architectural/11297/Floor-1,2,"0,2,8",3,24866,24866,256x256,256x256,False,room_count_below_min,False,,
high_quality_architectural_11298_Floor-1.npz,high_quality_architectural/11298/Floor-1,11,"0,1,2,3,4,5,7,8",8,14460,14460,256x256,256x256,True,kept,True,,
high_quality_architectural_11298_Floor-2.npz,high_quality_architectural/11298/Floor-2,2,"0,5,7,8",4,16674,16674,256x256,256x256,False,room_count_below_min,False,,
high_quality_architectural_11299_Floor-1.npz,high_quality_architectural/11299/Floor-1,11,"0,1,3,4,5,7,8",7,34019,34019,256x256,256x256,True,kept,True,,
high_quality_architectural_1129_Floor-1.npz,high_quality_architectural/1129/Floor-1,4,"0,1,2,4,5,7,8",7,12647,12647,256x256,256x256,True,kept,True,,
high_quality_architectural_1129_Floor-2.npz,high_quality_architectural/1129/Floor-2,6,"0,3,4,5,8",5,10678,10678,256x256,256x256,True,kept,True,,
high_quality_architectural_11300_Floor-1.npz,high_quality_architectural/11300/Floor-1,4,"0,1,3,4,5,8",6,24524,24524,256x256,256x256,True,kept,True,,
high_quality_architectural_11301_Floor-1.npz,high_quality_architectural/11301/Floor-1,4,"0,2,4,5,7,8",6,8505,8505,256x256,256x256,True,kept,True,,
high_quality_architectural_11301_Floor-2.npz,high_quality_architectural/11301/Floor-2,0,"0,8",2,3501,3501,256x256,256x256,False,room_count_below_min,False,,
high_quality_architectural_11302_Floor-1.npz,high_quality_architectural/11302/Floor-1,2,"0,1,2,5,8",5,39412,39412,256x256,256x256,False,room_count_below_min,False,,
high_quality_architectural_11303_Floor-1.npz,high_quality_architectural/11303/Floor-1,2,"0,1,2,4,8",5,36681,36681,256x256,256x256,False,room_count_below_min,False,,
high_quality_architectural_11304_Floor-1.npz,high_quality_architectural/11304/Floor-1,0,"0,8",2,5342,5342,256x256,256x256,False,room_count_below_min,False,,
high_quality_architectural_11308_Floor-1.npz,high_quality_architectural/11308/Floor-1,8,"0,1,2,3,4,5,7,8",8,23422,23422,256x256,256x256,True,kept,True,,
high_quality_architectural_11309_Floor-1.npz,high_quality_architectural/11309/Floor-1,8,"0,1,2,4,5,7,8",7,35207,35207,256x256,256x256,True,kept,True,,
high_quality_architectural_11310_Floor-1.npz,high_quality_architectural/11310/Floor-1,6,"0,1,2,3,4,8",6,33921,33921,256x256,256x256,True,kept,True,,
high_quality_architectural_11311_Floor-1.npz,high_quality_architectural/11311/Floor-1,8,"0,2,3,4,5,7,8",7,29450,29450,256x256,256x256,True,kept,True,,
high_quality_architectural_11315_Floor-1.npz,high_quality_architectural/11315/Floor-1,8,"0,1,2,4,5,6,7,8",8,13686,13686,256x256,256x256,True,kept,True,,
high_quality_architectural_11315_Floor-2.npz,high_quality_architectural/11315/Floor-2,14,"0,2,4,5,7,8",6,12651,12651,256x256,256x256,True,kept,True,,
high_quality_architectural_11319_Floor-1.npz,high_quality_architectural/11319/Floor-1,3,"0,2,4,7,8",5,26339,26339,256x256,256x256,True,kept,True,,
high_quality_architectural_11320_Floor-1.npz,high_quality_architectural/11320/Floor-1,3,"0,2,4,7,8",5,18233,18233,256x256,256x256,True,kept,True,,
high_quality_architectural_11321_Floor-1.npz,high_quality_architectural/11321/Floor-1,10,"0,1,2,3,4,5,7,8",8,35714,35714,256x256,256x256,True,kept,True,,
high_quality_architectural_11327_Floor-1.npz,high_quality_architectural/11327/Floor-1,0,"0,8",2,4827,4827,256x256,256x256,False,room_count_below_min,False,,
high_quality_architectural_11330_Floor-1.npz,high_quality_architectural/11330/Floor-1,12,"0,1,2,3,4,5,6,7,8",9,17639,17639,256x256,256x256,True,kept,True,,
high_quality_architectural_11330_Floor-2.npz,high_quality_architectural/11330/Floor-2,2,"0,3,4,8",4,2732,2732,256x256,256x256,False,room_count_below_min,False,,
high_quality_architectural_11331_Floor-1.npz,high_quality_architectural/11331/Floor-1,9,"0,1,3,4,5,6,7,8",8,24267,24267,256x256,256x256,True,kept,True,,
high_quality_architectural_11335_Floor-1.npz,high_quality_architectural/11335/Floor-1,8,"0,2,3,4,5,7,8",7,23520,23520,256x256,256x256,True,kept,True,,
high_quality_architectural_11339_Floor-1.npz,high_quality_architectural/11339/Floor-1,10,"0,1,2,3,4,5,6,7,8",9,24241,24241,256x256,256x256,True,kept,True,,
high_quality_architectural_11340_Floor-1.npz,high_quality_architectural/11340/Floor-1,7,"0,2,3,4,5,6,7,8",8,31492,31492,256x256,256x256,True,kept,True,,
high_quality_architectural_11345_Floor-1.npz,high_quality_architectural/11345/Floor-1,1,"0,3,8",3,3058,3058,256x256,256x256,False,room_count_below_min,False,,
high_quality_architectural_11345_Floor-2.npz,high_quality_architectural/11345/Floor-2,3,"0,1,2,8",4,17323,17323,256x256,256x256,True,kept,True,,
high_quality_architectural_11347_Floor-1.npz,high_quality_architectural/11347/Floor-1,12,"0,1,2,3,4,5,6,7,8",9,32643,32643,256x256,256x256,True,kept,True,,
high_quality_architectural_11348_Floor-1.npz,high_quality_architectural/11348/Floor-1,7,"0,2,4,5,7,8",6,10873,10873,256x256,256x256,True,kept,True,,
high_quality_architectural_11348_Floor-2.npz,high_quality_architectural/11348/Floor-2,6,"0,3,4,5,7,8",6,8733,8733,256x256,256x256,True,kept,True,,
high_quality_architectural_11351_Floor-1.npz,high_quality_architectural/11351/Floor-1,5,"0,1,2,3,4,5,8",7,27644,27644,256x256,256x256,True,kept,True,,
high_quality_architectural_11353_Floor-1.npz,high_quality_architectural/11353/Floor-1,4,"0,1,2,4,5,7,8",7,12399,12399,256x256,256x256,True,kept,True,,
high_quality_architectural_11353_Floor-2.npz,high_quality_architectural/11353/Floor-2,5,"0,3,4,7,8",5,10060,10060,256x256,256x256,True,kept,True,,
high_quality_architectural_11354_Floor-1.npz,high_quality_architectural/11354/Floor-1,0,"0,8",2,5552,5552,256x256,256x256,False,room_count_below_min,False,,
high_quality_architectural_11356_Floor-1.npz,high_quality_architectural/11356/Floor-1,4,"0,1,2,4,5,6,8",7,16516,16516,256x256,256x256,True,kept,True,,
high_quality_architectural_11356_Floor-2.npz,high_quality_architectural/11356/Floor-2,5,"0,3,4,5,7,8",6,9566,9566,256x256,256x256,True,kept,True,,
high_quality_architectural_11358_Floor-1.npz,high_quality_architectural/11358/Floor-1,4,"0,1,2,4,5,6,8",7,14950,14950,256x256,256x256,True,kept,True,,
high_quality_architectural_11358_Floor-2.npz,high_quality_architectural/11358/Floor-2,5,"0,3,4,7,8",5,12602,12602,256x256,256x256,True,kept,True,,
high_quality_architectural_11359_Floor-1.npz,high_quality_architectural/11359/Floor-1,4,"0,1,2,4,5,7,8",7,27085,27085,256x256,256x256,True,kept,True,,
high_quality_architectural_11361_Floor-1.npz,high_quality_architectural/11361/Floor-1,4,"0,1,4,5,7,8",6,5724,5724,256x256,256x256,True,kept,True,,
high_quality_architectural_11361_Floor-2.npz,high_quality_architectural/11361/Floor-2,7,"0,3,4,5,8",5,6085,6085,256x256,256x256,True,kept,True,,
high_quality_architectural_11361_Floor-3.npz,high_quality_architectural/11361/Floor-3,0,"0,8",2,1287,1287,256x256,256x256,False,room_count_below_min,False,,
high_quality_architectural_11368_Floor-1.npz,high_quality_architectural/11368/Floor-1,9,"0,1,2,3,4,5,7,8",8,23744,23744,256x256,256x256,True,kept,True,,
high_quality_architectural_11369_Floor-1.npz,high_quality_architectural/11369/Floor-1,7,"0,1,2,3,4,5,7,8",8,36684,36684,256x256,256x256,True,kept,True,,
high_quality_architectural_11374_Floor-1.npz,high_quality_architectural/11374/Floor-1,2,"0,1,2,7,8",5,19421,19421,256x256,256x256,False,room_count_below_min,False,,
high_quality_architectural_11375_Floor-1.npz,high_quality_architectural/11375/Floor-1,3,"0,7,8",3,7432,7432,256x256,256x256,True,kept,True,,
high_quality_architectural_11375_Floor-2.npz,high_quality_architectural/11375/Floor-2,8,"0,1,2,3,4,5,7,8",8,8909,8909,256x256,256x256,True,kept,True,,
high_quality_architectural_11375_Floor-3.npz,high_quality_architectural/11375/Floor-3,7,"0,2,4,5,7,8",6,7854,7854,256x256,256x256,True,kept,True,,
high_quality_architectural_11376_Floor-1.npz,high_quality_architectural/11376/Floor-1,7,"0,1,2,3,4,5,6,7,8",9,35661,35661,256x256,256x256,True,kept,True,,
high_quality_architectural_11378_Floor-1.npz,high_quality_architectural/11378/Floor-1,6,"0,3,4,5,7,8",6,8484,8484,256x256,256x256,True,kept,True,,
high_quality_architectural_11378_Floor-2.npz,high_quality_architectural/11378/Floor-2,6,"0,1,2,3,4,7,8",7,14850,14850,256x256,256x256,True,kept,True,,
high_quality_architectural_11380_Floor-1.npz,high_quality_architectural/11380/Floor-1,4,"0,1,2,3,4,5,8",7,37818,37818,256x256,256x256,True,kept,True,,
high_quality_architectural_11381_Floor-1.npz,high_quality_architectural/11381/Floor-1,11,"0,1,2,3,4,5,7,8",8,27844,27844,256x256,256x256,True,kept,True,,
high_quality_architectural_11382_Floor-1.npz,high_quality_architectural/11382/Floor-1,9,"0,1,2,3,5,6,7,8",8,28337,28337,256x256,256x256,True,kept,True,,
high_quality_architectural_11383_Floor-1.npz,high_quality_architectural/11383/Floor-1,16,"0,1,2,4,5,8",6,10161,10161,256x256,256x256,True,kept,True,,
high_quality_architectural_11383_Floor-2.npz,high_quality_architectural/11383/Floor-2,3,"0,2,3,5,8",5,1500,1500,256x256,256x256,True,kept,True,,
high_quality_architectural_11386_Floor-1.npz,high_quality_architectural/11386/Floor-1,4,"0,1,2,4,5,8",6,30443,30443,256x256,256x256,True,kept,True,,
high_quality_architectural_11390_Floor-1.npz,high_quality_architectural/11390/Floor-1,3,"0,1,4,5,7,8",6,15580,15580,256x256,256x256,True,kept,True,,
high_quality_architectural_11401_Floor-1.npz,high_quality_architectural/11401/Floor-1,6,"0,1,2,4,5,7,8",7,36374,36374,256x256,256x256,True,kept,True,,
high_quality_architectural_11404_Floor-1.npz,high_quality_architectural/11404/Floor-1,7,"0,1,2,3,4,5,6,7,8",9,24341,24341,256x256,256x256,True,kept,True,,
high_quality_architectural_11406_Floor-1.npz,high_quality_architectural/11406/Floor-1,5,"0,1,2,3,4,5,6,7,8",9,27488,27488,256x256,256x256,True,kept,True,,
high_quality_architectural_11407_Floor-1.npz,high_quality_architectural/11407/Floor-1,6,"0,1,2,3,5,6,7,8",8,21349,21349,256x256,256x256,True,kept,True,,
high_quality_architectural_11408_Floor-1.npz,high_quality_architectural/11408/Floor-1,3,"0,1,2,7,8",5,20010,20010,256x256,256x256,True,kept,True,,
high_quality_architectural_11409_Floor-1.npz,high_quality_architectural/11409/Floor-1,2,"0,2,3,5,8",5,21417,21417,256x256,256x256,False,room_count_below_min,False,,
high_quality_architectural_11410_Floor-1.npz,high_quality_architectural/11410/Floor-1,5,"0,1,2,3,4,5,8",7,27616,27616,256x256,256x256,True,kept,True,,
high_quality_architectural_11411_Floor-1.npz,high_quality_architectural/11411/Floor-1,4,"0,1,4,5,7,8",6,28260,28260,256x256,256x256,True,kept,True,,
high_quality_architectural_11412_Floor-1.npz,high_quality_architectural/11412/Floor-1,4,"0,2,8",3,25666,25666,256x256,256x256,True,kept,True,,
high_quality_architectural_11418_Floor-1.npz,high_quality_architectural/11418/Floor-1,3,"0,1,2,3,5,8",6,25948,25948,256x256,256x256,True,kept,True,,
high_quality_architectural_1141_Floor-1.npz,high_quality_architectural/1141/Floor-1,2,"0,1,3,5,8",5,30122,30122,256x256,256x256,False,room_count_below_min,False,,
high_quality_architectural_11420_Floor-1.npz,high_quality_architectural/11420/Floor-1,6,"0,1,2,3,4,5,6,7,8",9,29297,29297,256x256,256x256,True,kept,True,,
high_quality_architectural_11421_Floor-1.npz,high_quality_architectural/11421/Floor-1,5,"0,1,2,4,7,8",6,40081,40081,256x256,256x256,True,kept,True,,
high_quality_architectural_11426_Floor-1.npz,high_quality_architectural/11426/Floor-1,5,"0,1,2,3,4,5,7,8",8,15131,15131,256x256,256x256,True,kept,True,,
high_quality_architectural_11426_Floor-2.npz,high_quality_architectural/11426/Floor-2,5,"0,3,4,5,8",5,7947,7947,256x256,256x256,True,kept,True,,
high_quality_architectural_11428_Floor-1.npz,high_quality_architectural/11428/Floor-1,4,"0,1,2,4,5,6,8",7,9412,9412,256x256,256x256,True,kept,True,,
high_quality_architectural_11428_Floor-2.npz,high_quality_architectural/11428/Floor-2,6,"0,3,4,5,7,8",6,10472,10472,256x256,256x256,True,kept,True,,
high_quality_architectural_1142_Floor-1.npz,high_quality_architectural/1142/Floor-1,4,"0,1,2,3,5,6,7,8",8,33414,33414,256x256,256x256,True,kept,True,,
high_quality_architectural_11430_Floor-1.npz,high_quality_architectural/11430/Floor-1,14,"0,3,4,5,8",5,12973,12973,256x256,256x256,True,kept,True,,
high_quality_architectural_11430_Floor-2.npz,high_quality_architectural/11430/Floor-2,16,"0,1,2,4,5,6,8",7,15234,15234,256x256,256x256,True,kept,True,,
high_quality_architectural_11438_Floor-1.npz,high_quality_architectural/11438/Floor-1,4,"0,1,2,4,5,7,8",7,13909,13909,256x256,256x256,True,kept,True,,
high_quality_architectural_11438_Floor-2.npz,high_quality_architectural/11438/Floor-2,3,"0,3,4,8",4,11052,11052,256x256,256x256,True,kept,True,,
high_quality_architectural_11439_Floor-1.npz,high_quality_architectural/11439/Floor-1,7,"0,1,2,3,4,5,6,7,8",9,9840,9840,256x256,256x256,True,kept,True,,
high_quality_architectural_11439_Floor-2.npz,high_quality_architectural/11439/Floor-2,5,"0,3,4,5,7,8",6,3427,3427,256x256,256x256,True,kept,True,,
high_quality_architectural_1143_Floor-1.npz,high_quality_architectural/1143/Floor-1,9,"0,1,2,3,4,5,6,7,8",9,10849,10849,256x256,256x256,True,kept,True,,
high_quality_architectural_1143_Floor-2.npz,high_quality_architectural/1143/Floor-2,4,"0,3,4,5,7,8",6,3020,3020,256x256,256x256,True,kept,True,,
high_quality_architectural_11440_Floor-1.npz,high_quality_architectural/11440/Floor-1,9,"0,1,3,4,5,6,7,8",8,26930,26930,256x256,256x256,True,kept,True,,
high_quality_architectural_11447_Floor-1.npz,high_quality_architectural/11447/Floor-1,5,"0,3,4,7,8",5,14627,14627,256x256,256x256,True,kept,True,,
high_quality_architectural_11447_Floor-2.npz,high_quality_architectural/11447/Floor-2,4,"0,1,2,3,4,5,8",7,15795,15795,256x256,256x256,True,kept,True,,
high_quality_architectural_11449_Floor-1.npz,high_quality_architectural/11449/Floor-1,5,"0,1,2,3,4,5,8",7,27659,27659,256x256,256x256,True,kept,True,,
high_quality_architectural_11450_Floor-1.npz,high_quality_architectural/11450/Floor-1,4,"0,1,2,3,5,7,8",7,26172,26172,256x256,256x256,True,kept,True,,
high_quality_architectural_11451_Floor-1.npz,high_quality_architectural/11451/Floor-1,11,"0,1,2,3,4,5,7,8",8,44232,44232,256x256,256x256,True,kept,True,,
high_quality_architectural_11452_Floor-1.npz,high_quality_architectural/11452/Floor-1,4,"0,1,2,4,5,7,8",7,24602,24602,256x256,256x256,True,kept,True,,
high_quality_architectural_11453_Floor-1.npz,high_quality_architectural/11453/Floor-1,5,"0,1,3,4,5,7,8",7,11136,11136,256x256,256x256,True,kept,True,,
high_quality_architectural_11453_Floor-2.npz,high_quality_architectural/11453/Floor-2,5,"0,3,4,5,7,8",6,9365,9365,256x256,256x256,True,kept,True,,
high_quality_architectural_11460_Floor-1.npz,high_quality_architectural/11460/Floor-1,4,"0,1,2,3,5,8",6,40487,40487,256x256,256x256,True,kept,True,,
high_quality_architectural_11461_Floor-1.npz,high_quality_architectural/11461/Floor-1,3,"0,1,3,4,5,8",6,24138,24138,256x256,256x256,True,kept,True,,
high_quality_architectural_11462_Floor-1.npz,high_quality_architectural/11462/Floor-1,8,"0,2,4,7,8",5,13811,13811,256x256,256x256,True,kept,True,,
high_quality_architectural_11462_Floor-2.npz,high_quality_architectural/11462/Floor-2,8,"0,1,2,3,4,5,7,8",8,10561,10561,256x256,256x256,True,kept,True,,
high_quality_architectural_11465_Floor-1.npz,high_quality_architectural/11465/Floor-1,1,"0,1,2,5,6,8",6,12256,12256,256x256,256x256,False,room_count_below_min,False,,
high_quality_architectural_11465_Floor-2.npz,high_quality_architectural/11465/Floor-2,2,"0,3,4,8",4,6962,6962,256x256,256x256,False,room_count_below_min,False,,
high_quality_architectural_11475_Floor-1.npz,high_quality_architectural/11475/Floor-1,5,"0,2,3,4,5,7,8",7,7627,7627,256x256,256x256,True,kept,True,,
high_quality_architectural_11476_Floor-1.npz,high_quality_architectural/11476/Floor-1,6,"0,2,3,4,5,7,8",7,29047,29047,256x256,256x256,True,kept,True,,
high_quality_architectural_11477_Floor-1.npz,high_quality_architectural/11477/Floor-1,6,"0,1,2,3,4,5,6,7,8",9,25493,25493,256x256,256x256,True,kept,True,,
high_quality_architectural_11478_Floor-1.npz,high_quality_architectural/11478/Floor-1,6,"0,1,2,4,5,7,8",7,23031,23031,256x256,256x256,True,kept,True,,
high_quality_architectural_11479_Floor-1.npz,high_quality_architectural/11479/Floor-1,3,"0,1,2,3,5,7,8",7,31327,31327,256x256,256x256,True,kept,True,,
high_quality_architectural_11480_Floor-1.npz,high_quality_architectural/11480/Floor-1,7,"0,1,2,3,4,5,6,7,8",9,20797,20797,256x256,256x256,True,kept,True,,
high_quality_architectural_11486_Floor-1.npz,high_quality_architectural/11486/Floor-1,3,"0,1,2,4,5,8",6,30027,30027,256x256,256x256,True,kept,True,,
high_quality_architectural_11487_Floor-1.npz,high_quality_architectural/11487/Floor-1,9,"0,2,3,4,5,7,8",7,35081,35081,256x256,256x256,True,kept,True,,
high_quality_architectural_11488_Floor-1.npz,high_quality_architectural/11488/Floor-1,7,"0,1,2,3,4,5,7,8",8,23485,23485,256x256,256x256,True,kept,True,,
high_quality_architectural_11491_Floor-1.npz,high_quality_architectural/11491/Floor-1,4,"0,1,2,3,4,5,6,8",8,39949,39949,256x256,256x256,True,kept,True,,
high_quality_architectural_11493_Floor-1.npz,high_quality_architectural/11493/Floor-1,10,"0,1,2,3,4,5,7,8",8,25906,25906,256x256,256x256,True,kept,True,,
high_quality_architectural_11494_Floor-1.npz,high_quality_architectural/11494/Floor-1,4,"0,1,2,5,7,8",6,23419,23419,256x256,256x256,True,kept,True,,
high_quality_architectural_11506_Floor-1.npz,high_quality_architectural/11506/Floor-1,3,"0,1,3,4,5,8",6,22681,22681,256x256,256x256,True,kept,True,,
high_quality_architectural_11508_Floor-1.npz,high_quality_architectural/11508/Floor-1,5,"0,1,2,3,7,8",6,14632,14632,256x256,256x256,True,kept,True,,
high_quality_architectural_11511_Floor-1.npz,high_quality_architectural/11511/Floor-1,0,"0,8",2,4754,4754,256x256,256x256,False,room_count_below_min,False,,
high_quality_architectural_11512_Floor-1.npz,high_quality_architectural/11512/Floor-1,1,"0,1,8",3,6948,6948,256x256,256x256,False,room_count_below_min,False,,
high_quality_architectural_11514_Floor-1.npz,high_quality_architectural/11514/Floor-1,6,"0,1,2,3,4,5,7,8",8,35003,35003,256x256,256x256,True,kept,True,,
high_quality_architectural_11515_Floor-1.npz,high_quality_architectural/11515/Floor-1,8,"0,1,2,3,4,5,7,8",8,14117,14117,256x256,256x256,True,kept,True,,
high_quality_architectural_11515_Floor-2.npz,high_quality_architectural/11515/Floor-2,5,"0,3,5,7,8",5,10420,10420,256x256,256x256,True,kept,True,,
high_quality_architectural_11520_Floor-1.npz,high_quality_architectural/11520/Floor-1,1,"0,2,8",3,15345,15345,256x256,256x256,False,room_count_below_min,False,,
high_quality_architectural_11525_Floor-1.npz,high_quality_architectural/11525/Floor-1,4,"0,1,2,3,4,5,8",7,32418,32418,256x256,256x256,True,kept,True,,
high_quality_architectural_11526_Floor-1.npz,high_quality_architectural/11526/Floor-1,5,"0,1,2,4,5,7,8",7,29844,29844,256x256,256x256,True,kept,True,,
high_quality_architectural_11529_Floor-1.npz,high_quality_architectural/11529/Floor-1,6,"0,2,3,4,5,7,8",7,39078,39078,256x256,256x256,True,kept,True,,
high_quality_architectural_11530_Floor-1.npz,high_quality_architectural/11530/Floor-1,4,"0,1,2,3,4,5,8",7,38589,38589,256x256,256x256,True,kept,True,,
high_quality_architectural_11533_Floor-1.npz,high_quality_architectural/11533/Floor-1,7,"0,1,3,4,5,6,7,8",8,9658,9658,256x256,256x256,True,kept,True,,
high_quality_architectural_11533_Floor-2.npz,high_quality_architectural/11533/Floor-2,5,"0,3,4,5,8",5,4699,4699,256x256,256x256,True,kept,True,,
high_quality_architectural_11536_Floor-1.npz,high_quality_architectural/11536/Floor-1,3,"0,1,2,5,8",5,10719,10719,256x256,256x256,True,kept,True,,
high_quality_architectural_11536_Floor-2.npz,high_quality_architectural/11536/Floor-2,2,"0,3,8",3,7348,7348,256x256,256x256,False,room_count_below_min,False,,
high_quality_architectural_11536_Floor-3.npz,high_quality_architectural/11536/Floor-3,6,"0,2,4,7,8",5,8495,8495,256x256,256x256,True,kept,True,,
high_quality_architectural_1153_Floor-1.npz,high_quality_architectural/1153/Floor-1,8,"0,1,2,3,4,5,7,8",8,15086,15086,256x256,256x256,True,kept,True,,
high_quality_architectural_1153_Floor-2.npz,high_quality_architectural/1153/Floor-2,4,"0,3,4,5,8",5,5540,5540,256x256,256x256,True,kept,True,,
high_quality_architectural_11542_Floor-1.npz,high_quality_architectural/11542/Floor-1,7,"0,1,2,3,4,7,8",7,32701,32701,256x256,256x256,True,kept,True,,
high_quality_architectural_11545_Floor-1.npz,high_quality_architectural/11545/Floor-1,6,"0,1,2,4,5,6,8",7,18131,18131,256x256,256x256,True,kept,True,,
high_quality_architectural_11551_Floor-1.npz,high_quality_architectural/11551/Floor-1,3,"0,2,3,7,8",5,21128,21128,256x256,256x256,True,kept,True,,
high_quality_architectural_11554_Floor-1.npz,high_quality_architectural/11554/Floor-1,3,"0,1,2,3,4,8",6,49072,49072,256x256,256x256,True,kept,True,,
high_quality_architectural_11556_Floor-1.npz,high_quality_architectural/11556/Floor-1,6,"0,1,2,3,4,5,7,8",8,34240,34240,256x256,256x256,True,kept,True,,
high_quality_architectural_11557_Floor-1.npz,high_quality_architectural/11557/Floor-1,0,"0,8",2,5484,5484,256x256,256x256,False,room_count_below_min,False,,
high_quality_architectural_11559_Floor-1.npz,high_quality_architectural/11559/Floor-1,4,"0,1,2,3,4,6,7,8",8,30812,30812,256x256,256x256,True,kept,True,,
high_quality_architectural_11563_Floor-1.npz,high_quality_architectural/11563/Floor-1,4,"0,1,2,5,7,8",6,26341,26341,256x256,256x256,True,kept,True,,
high_quality_architectural_11566_Floor-1.npz,high_quality_architectural/11566/Floor-1,8,"0,1,2,3,4,5,7,8",8,33748,33748,256x256,256x256,True,kept,True,,
high_quality_architectural_11567_Floor-1.npz,high_quality_architectural/11567/Floor-1,5,"0,1,2,3,4,5,6,8",8,17487,17487,256x256,256x256,True,kept,True,,
high_quality_architectural_11572_Floor-1.npz,high_quality_architectural/11572/Floor-1,8,"0,1,2,3,4,5,7,8",8,18980,18980,256x256,256x256,True,kept,True,,
high_quality_architectural_11575_Floor-1.npz,high_quality_architectural/11575/Floor-1,4,"0,1,3,4,7,8",6,26740,26740,256x256,256x256,True,kept,True,,
high_quality_architectural_11577_Floor-1.npz,high_quality_architectural/11577/Floor-1,7,"0,1,2,3,4,5,6,7,8",9,10598,10598,256x256,256x256,True,kept,True,,
high_quality_architectural_11577_Floor-2.npz,high_quality_architectural/11577/Floor-2,3,"0,3,4,8",4,5767,5767,256x256,256x256,True,kept,True,,
high_quality_architectural_11580_Floor-1.npz,high_quality_architectural/11580/Floor-1,1,"0,1,3,5,8",5,27721,27721,256x256,256x256,False,room_count_below_min,False,,
high_quality_architectural_11587_Floor-1.npz,high_quality_architectural/11587/Floor-1,0,"0,8",2,3953,3953,256x256,256x256,False,room_count_below_min,False,,
high_quality_architectural_11593_Floor-1.npz,high_quality_architectural/11593/Floor-1,0,"0,8",2,6149,6149,256x256,256x256,False,room_count_below_min,False,,
high_quality_architectural_11594_Floor-1.npz,high_quality_architectural/11594/Floor-1,6,"0,1,2,3,4,5,7,8",8,37882,37882,256x256,256x256,True,kept,True,,
high_quality_architectural_11599_Floor-1.npz,high_quality_architectural/11599/Floor-1,8,"0,3,4,5,7,8",6,15811,15811,256x256,256x256,True,kept,True,,
high_quality_architectural_11599_Floor-2.npz,high_quality_architectural/11599/Floor-2,5,"0,1,2,3,4,5,6,7,8",9,17309,17309,256x256,256x256,True,kept,True,,
high_quality_architectural_11601_Floor-1.npz,high_quality_architectural/11601/Floor-1,7,"0,1,2,4,5,6,7,8",8,18592,18592,256x256,256x256,True,kept,True,,
high_quality_architectural_11601_Floor-2.npz,high_quality_architectural/11601/Floor-2,5,"0,3,4,5,8",5,10454,10454,256x256,256x256,True,kept,True,,
high_quality_architectural_11602_Floor-1.npz,high_quality_architectural/11602/Floor-1,3,"0,1,2,5,7,8",6,31070,31070,256x256,256x256,True,kept,True,,
high_quality_architectural_11604_Floor-1.npz,high_quality_architectural/11604/Floor-1,8,"0,1,2,3,4,5,7,8",8,37808,37808,256x256,256x256,True,kept,True,,
high_quality_architectural_11606_Floor-1.npz,high_quality_architectural/11606/Floor-1,5,"0,1,2,3,4,5,8",7,20430,20430,256x256,256x256,True,kept,True,,
high_quality_architectural_1160_Floor-1.npz,high_quality_architectural/1160/Floor-1,9,"0,1,2,3,4,5,7,8",8,29668,29668,256x256,256x256,True,kept,True,,
high_quality_architectural_11612_Floor-1.npz,high_quality_architectural/11612/Floor-1,10,"0,1,3,4,5,7,8",7,21085,21085,256x256,256x256,True,kept,True,,
high_quality_architectural_11615_Floor-1.npz,high_quality_architectural/11615/Floor-1,3,"0,1,2,4,5,7,8",7,35766,35766,256x256,256x256,True,kept,True,,
high_quality_architectural_11616_Floor-1.npz,high_quality_architectural/11616/Floor-1,2,"0,1,2,4,8",5,8733,8733,256x256,256x256,False,room_count_below_min,False,,
high_quality_architectural_11616_Floor-2.npz,high_quality_architectural/11616/Floor-2,2,"0,5,8",3,7572,7572,256x256,256x256,False,room_count_below_min,False,,
high_quality_architectural_11621_Floor-1.npz,high_quality_architectural/11621/Floor-1,8,"0,1,2,3,4,5,7,8",8,37274,37274,256x256,256x256,True,kept,True,,
high_quality_architectural_11623_Floor-1.npz,high_quality_architectural/11623/Floor-1,10,"0,1,3,4,5,7,8",7,37989,37989,256x256,256x256,True,kept,True,,
high_quality_architectural_11624_Floor-1.npz,high_quality_architectural/11624/Floor-1,6,"0,1,2,4,5,8",6,34353,34353,256x256,256x256,True,kept,True,,
high_quality_architectural_11625_Floor-1.npz,high_quality_architectural/11625/Floor-1,5,"0,1,2,3,5,6,7,8",8,38744,38744,256x256,256x256,True,kept,True,,
high_quality_architectural_1162_Floor-1.npz,high_quality_architectural/1162/Floor-1,11,"0,1,2,3,5,7,8",7,31316,31316,256x256,256x256,True,kept,True,,
high_quality_architectural_11638_Floor-1.npz,high_quality_architectural/11638/Floor-1,3,"0,1,2,3,4,5,8",7,31997,31997,256x256,256x256,True,kept,True,,
high_quality_architectural_11639_Floor-1.npz,high_quality_architectural/11639/Floor-1,4,"0,1,2,4,5,8",6,28235,28235,256x256,256x256,True,kept,True,,
high_quality_architectural_11642_Floor-1.npz,high_quality_architectural/11642/Floor-1,5,"0,1,2,3,4,7,8",7,27272,27272,256x256,256x256,True,kept,True,,
high_quality_architectural_11643_Floor-1.npz,high_quality_architectural/11643/Floor-1,5,"0,2,4,7,8",5,7537,7537,256x256,256x256,True,kept,True,,
high_quality_architectural_11643_Floor-2.npz,high_quality_architectural/11643/Floor-2,8,"0,1,2,3,5,7,8",7,11839,11839,256x256,256x256,True,kept,True,,
high_quality_architectural_11644_Floor-1.npz,high_quality_architectural/11644/Floor-1,4,"0,1,2,4,5,6,8",7,15325,15325,256x256,256x256,True,kept,True,,
high_quality_architectural_11644_Floor-2.npz,high_quality_architectural/11644/Floor-2,3,"0,3,4,8",4,12447,12447,256x256,256x256,True,kept,True,,
high_quality_architectural_11645_Floor-1.npz,high_quality_architectural/11645/Floor-1,6,"0,1,2,3,5,7,8",7,35930,35930,256x256,256x256,True,kept,True,,
high_quality_architectural_11647_Floor-1.npz,high_quality_architectural/11647/Floor-1,4,"0,1,2,4,5,6,7,8",8,32827,32827,256x256,256x256,True,kept,True,,
high_quality_architectural_11648_Floor-1.npz,high_quality_architectural/11648/Floor-1,7,"0,2,3,4,7,8",6,11314,11314,256x256,256x256,True,kept,True,,
high_quality_architectural_11648_Floor-2.npz,high_quality_architectural/11648/Floor-2,5,"0,1,2,3,5,6,8",7,17059,17059,256x256,256x256,True,kept,True,,
high_quality_architectural_1164_Floor-1.npz,high_quality_architectural/1164/Floor-1,1,"0,1,2,8",4,30327,30327,256x256,256x256,False,room_count_below_min,False,,
high_quality_architectural_11650_Floor-1.npz,high_quality_architectural/11650/Floor-1,9,"0,1,2,3,4,5,6,7,8",9,39131,39131,256x256,256x256,True,kept,True,,
high_quality_architectural_11651_Floor-1.npz,high_quality_architectural/11651/Floor-1,17,"0,1,2,3,4,5,7,8",8,32450,32450,256x256,256x256,True,kept,True,,
high_quality_architectural_11653_Floor-1.npz,high_quality_architectural/11653/Floor-1,4,"0,1,2,3,4,5,8",7,29696,29696,256x256,256x256,True,kept,True,,
high_quality_architectural_11654_Floor-1.npz,high_quality_architectural/11654/Floor-1,11,"0,1,2,3,4,5,7,8",8,36572,36572,256x256,256x256,True,kept,True,,
high_quality_architectural_11655_Floor-1.npz,high_quality_architectural/11655/Floor-1,7,"0,1,2,4,8",5,8429,8429,256x256,256x256,True,kept,True,,
high_quality_architectural_11656_Floor-1.npz,high_quality_architectural/11656/Floor-1,1,"0,1,2,5,7,8",6,29287,29287,256x256,256x256,False,room_count_below_min,False,,
high_quality_architectural_11659_Floor-1.npz,high_quality_architectural/11659/Floor-1,8,"0,1,2,3,4,5,7,8",8,24244,24244,256x256,256x256,True,kept,True,,
high_quality_architectural_1165_Floor-1.npz,high_quality_architectural/1165/Floor-1,0,"0,8",2,6973,6973,256x256,256x256,False,room_count_below_min,False,,
high_quality_architectural_11661_Floor-1.npz,high_quality_architectural/11661/Floor-1,9,"0,2,3,4,5,7,8",7,31535,31535,256x256,256x256,True,kept,True,,
high_quality_architectural_11662_Floor-1.npz,high_quality_architectural/11662/Floor-1,3,"0,3,5,7,8",5,4386,4386,256x256,256x256,True,kept,True,,
high_quality_architectural_11662_Floor-2.npz,high_quality_architectural/11662/Floor-2,0,"0,8",2,2770,2770,256x256,256x256,False,room_count_below_min,False,,
high_quality_architectural_11663_Floor-1.npz,high_quality_architectural/11663/Floor-1,3,"0,1,2,4,8",5,26563,26563,256x256,256x256,True,kept,True,,
high_quality_architectural_1166_Floor-1.npz,high_quality_architectural/1166/Floor-1,4,"0,1,2,3,4,5,8",7,35522,35522,256x256,256x256,True,kept,True,,
high_quality_architectural_11674_Floor-1.npz,high_quality_architectural/11674/Floor-1,4,"0,3,4,7,8",5,8105,8105,256x256,256x256,True,kept,True,,
high_quality_architectural_11674_Floor-2.npz,high_quality_architectural/11674/Floor-2,6,"0,1,2,3,4,5,8",7,15961,15961,256x256,256x256,True,kept,True,,
high_quality_architectural_11677_Floor-1.npz,high_quality_architectural/11677/Floor-1,9,"0,1,2,3,4,5,7,8",8,32894,32894,256x256,256x256,True,kept,True,,
high_quality_architectural_11678_Floor-1.npz,high_quality_architectural/11678/Floor-1,5,"0,1,2,3,4,5,8",7,33335,33335,256x256,256x256,True,kept,True,,
high_quality_architectural_11679_Floor-1.npz,high_quality_architectural/11679/Floor-1,4,"0,1,2,4,5,8",6,32722,32722,256x256,256x256,True,kept,True,,
high_quality_architectural_11683_Floor-1.npz,high_quality_architectural/11683/Floor-1,4,"0,1,2,3,7,8",6,29493,29493,256x256,256x256,True,kept,True,,
high_quality_architectural_11684_Floor-1.npz,high_quality_architectural/11684/Floor-1,12,"0,1,2,3,4,5,6,7,8",9,32643,32643,256x256,256x256,True,kept,True,,
high_quality_architectural_11689_Floor-1.npz,high_quality_architectural/11689/Floor-1,14,"0,1,2,3,4,5,6,7,8",9,42869,42869,256x256,256x256,True,kept,True,,
high_quality_architectural_1168_Floor-1.npz,high_quality_architectural/1168/Floor-1,1,"0,2,3,8",4,24919,24919,256x256,256x256,False,room_count_below_min,False,,
high_quality_architectural_11691_Floor-1.npz,high_quality_architectural/11691/Floor-1,2,"0,2,4,5,8",5,26067,26067,256x256,256x256,False,room_count_below_min,False,,
high_quality_architectural_11692_Floor-1.npz,high_quality_architectural/11692/Floor-1,5,"0,1,2,4,5,7,8",7,27275,27275,256x256,256x256,True,kept,True,,
high_quality_architectural_11693_Floor-1.npz,high_quality_architectural/11693/Floor-1,4,"0,2,3,4,8",5,24604,24604,256x256,256x256,True,kept,True,,
high_quality_architectural_11694_Floor-1.npz,high_quality_architectural/11694/Floor-1,2,"0,2,8",3,21470,21470,256x256,256x256,False,room_count_below_min,False,,
high_quality_architectural_11694_Floor-2.npz,high_quality_architectural/11694/Floor-2,1,"0,2,5,8",4,16262,16262,256x256,256x256,False,room_count_below_min,False,,
high_quality_architectural_11696_Floor-1.npz,high_quality_architectural/11696/Floor-1,3,"0,2,4,5,8",5,33303,33303,256x256,256x256,True,kept,True,,
high_quality_architectural_11697_Floor-1.npz,high_quality_architectural/11697/Floor-1,3,"0,1,4,5,7,8",6,22560,22560,256x256,256x256,True,kept,True,,
high_quality_architectural_11699_Floor-1.npz,high_quality_architectural/11699/Floor-1,6,"0,1,2,3,4,5,7,8",8,45163,45163,256x256,256x256,True,kept,True,,
high_quality_architectural_1169_Floor-1.npz,high_quality_architectural/1169/Floor-1,3,"0,1,2,3,8",5,33328,33328,256x256,256x256,True,kept,True,,
high_quality_architectural_116_Floor-1.npz,high_quality_architectural/116/Floor-1,4,"0,1,2,4,5,8",6,28957,28957,256x256,256x256,True,kept,True,,
high_quality_architectural_11702_Floor-1.npz,high_quality_architectural/11702/Floor-1,7,"0,1,2,3,4,5,7,8",8,20155,20155,256x256,256x256,True,kept,True,,
high_quality_architectural_11702_Floor-2.npz,high_quality_architectural/11702/Floor-2,2,"0,2,3,8",4,13846,13846,256x256,256x256,False,room_count_below_min,False,,
high_quality_architectural_11708_Floor-1.npz,high_quality_architectural/11708/Floor-1,8,"0,1,2,3,4,5,7,8",8,47354,47354,256x256,256x256,True,kept,True,,
high_quality_architectural_11709_Floor-1.npz,high_quality_architectural/11709/Floor-1,6,"0,1,2,3,8",5,27819,27819,256x256,256x256,True,kept,True,,
high_quality_architectural_11714_Floor-1.npz,high_quality_architectural/11714/Floor-1,1,"0,1,8",3,12779,12779,256x256,256x256,False,room_count_below_min,False,,
high_quality_architectural_11716_Floor-1.npz,high_quality_architectural/11716/Floor-1,3,"0,2,3,5,8",5,33817,33817,256x256,256x256,True,kept,True,,
high_quality_architectural_11718_Floor-1.npz,high_quality_architectural/11718/Floor-1,2,"0,1,2,8",4,29645,29645,256x256,256x256,False,room_count_below_min,False,,
high_quality_architectural_1171_Floor-1.npz,high_quality_architectural/1171/Floor-1,8,"0,1,2,3,4,5,7,8",8,31610,31610,256x256,256x256,True,kept,True,,
high_quality_architectural_11721_Floor-1.npz,high_quality_architectural/11721/Floor-1,6,"0,5,7,8",4,12361,12361,256x256,256x256,True,kept,True,,
high_quality_architectural_11721_Floor-2.npz,high_quality_architectural/11721/Floor-2,14,"0,1,2,3,4,5,7,8",8,21986,21986,256x256,256x256,True,kept,True,,
high_quality_architectural_11722_Floor-1.npz,high_quality_architectural/11722/Floor-1,3,"0,2,3,4,5,8",6,35450,35450,256x256,256x256,True,kept,True,,
high_quality_architectural_11723_Floor-1.npz,high_quality_architectural/11723/Floor-1,10,"0,1,2,3,4,5,8",7,24107,24107,256x256,256x256,True,kept,True,,
high_quality_architectural_11724_Floor-1.npz,high_quality_architectural/11724/Floor-1,7,"0,2,3,4,5,7,8",7,25611,25611,256x256,256x256,True,kept,True,,
high_quality_architectural_11727_Floor-1.npz,high_quality_architectural/11727/Floor-1,3,"0,1,2,3,8",5,32656,32656,256x256,256x256,True,kept,True,,
high_quality_architectural_11730_Floor-1.npz,high_quality_architectural/11730/Floor-1,8,"0,1,2,3,4,5,7,8",8,13777,13777,256x256,256x256,True,kept,True,,
high_quality_architectural_11730_Floor-2.npz,high_quality_architectural/11730/Floor-2,4,"0,3,4,5,8",5,8041,8041,256x256,256x256,True,kept,True,,
high_quality_architectural_11731_Floor-1.npz,high_quality_architectural/11731/Floor-1,5,"0,2,3,4,7,8",6,22935,22935,256x256,256x256,True,kept,True,,
high_quality_architectural_11740_Floor-1.npz,high_quality_architectural/11740/Floor-1,12,"0,1,3,4,5,7,8",7,25705,25705,256x256,256x256,True,kept,True,,
high_quality_architectural_11742_Floor-1.npz,high_quality_architectural/11742/Floor-1,4,"0,4,7,8",4,8576,8576,256x256,256x256,True,kept,True,,
high_quality_architectural_11742_Floor-2.npz,high_quality_architectural/11742/Floor-2,7,"0,1,2,5,7,8",6,17196,17196,256x256,256x256,True,kept,True,,
high_quality_architectural_11743_Floor-1.npz,high_quality_architectural/11743/Floor-1,4,"0,1,2,3,4,5,7,8",8,28099,28099,256x256,256x256,True,kept,True,,
high_quality_architectural_11746_Floor-1.npz,high_quality_architectural/11746/Floor-1,2,"0,2,3,7,8",5,33367,33367,256x256,256x256,False,room_count_below_min,False,,
high_quality_architectural_11749_Floor-1.npz,high_quality_architectural/11749/Floor-1,7,"0,1,2,3,4,5,7,8",8,23482,23482,256x256,256x256,True,kept,True,,
high_quality_architectural_11754_Floor-1.npz,high_quality_architectural/11754/Floor-1,13,"0,1,2,3,4,5,7,8",8,35990,35990,256x256,256x256,True,kept,True,,
high_quality_architectural_11756_Floor-1.npz,high_quality_architectural/11756/Floor-1,5,"0,1,2,3,4,5,7,8",8,34570,34570,256x256,256x256,True,kept,True,,
high_quality_architectural_11758_Floor-1.npz,high_quality_architectural/11758/Floor-1,5,"0,1,2,4,5,7,8",7,9994,9994,256x256,256x256,True,kept,True,,
high_quality_architectural_11758_Floor-2.npz,high_quality_architectural/11758/Floor-2,5,"0,2,4,5,8",5,7707,7707,256x256,256x256,True,kept,True,,
high_quality_architectural_11761_Floor-1.npz,high_quality_architectural/11761/Floor-1,9,"0,2,3,4,5,7,8",7,11278,11278,256x256,256x256,True,kept,True,,
high_quality_architectural_11761_Floor-2.npz,high_quality_architectural/11761/Floor-2,3,"0,1,3,5,8",5,5430,5430,256x256,256x256,True,kept,True,,
high_quality_architectural_11762_Floor-1.npz,high_quality_architectural/11762/Floor-1,13,"0,1,2,3,4,5,6,7,8",9,28605,28605,256x256,256x256,True,kept,True,,
high_quality_architectural_11765_Floor-1.npz,high_quality_architectural/11765/Floor-1,7,"0,1,3,4,5,7,8",7,29025,29025,256x256,256x256,True,kept,True,,
high_quality_architectural_11766_Floor-1.npz,high_quality_architectural/11766/Floor-1,5,"0,1,2,3,4,5,7,8",8,33328,33328,256x256,256x256,True,kept,True,,
high_quality_architectural_11769_Floor-1.npz,high_quality_architectural/11769/Floor-1,11,"0,1,2,3,4,5,7,8",8,42436,42436,256x256,256x256,True,kept,True,,
high_quality_architectural_11777_Floor-1.npz,high_quality_architectural/11777/Floor-1,14,"0,1,2,3,4,5,6,7,8",9,22189,22189,256x256,256x256,True,kept,True,,
high_quality_architectural_11779_Floor-1.npz,high_quality_architectural/11779/Floor-1,5,"0,1,2,3,4,5,7,8",8,35809,35809,256x256,256x256,True,kept,True,,
high_quality_architectural_11784_Floor-1.npz,high_quality_architectural/11784/Floor-1,12,"0,4,5,7,8",5,2863,2863,256x256,256x256,True,kept,True,,
high_quality_architectural_11784_Floor-2.npz,high_quality_architectural/11784/Floor-2,3,"0,4,8",3,701,701,256x256,256x256,True,kept,True,,
high_quality_architectural_11786_Floor-1.npz,high_quality_architectural/11786/Floor-1,16,"0,1,2,3,4,5,7,8",8,27329,27329,256x256,256x256,True,kept,True,,
high_quality_architectural_11787_Floor-1.npz,high_quality_architectural/11787/Floor-1,7,"0,1,3,4,7,8",6,19159,19159,256x256,256x256,True,kept,True,,
high_quality_architectural_11792_Floor-1.npz,high_quality_architectural/11792/Floor-1,11,"0,1,2,4,5,7,8",7,14060,14060,256x256,256x256,True,kept,True,,
high_quality_architectural_11792_Floor-2.npz,high_quality_architectural/11792/Floor-2,2,"0,2,5,8",4,6741,6741,256x256,256x256,False,room_count_below_min,False,,
high_quality_architectural_11800_Floor-1.npz,high_quality_architectural/11800/Floor-1,1,"0,1,2,3,6,8",6,34617,34617,256x256,256x256,False,room_count_below_min,False,,
high_quality_architectural_11801_Floor-1.npz,high_quality_architectural/11801/Floor-1,4,"0,1,2,3,7,8",6,29832,29832,256x256,256x256,True,kept,True,,
high_quality_architectural_11802_Floor-1.npz,high_quality_architectural/11802/Floor-1,2,"0,1,2,3,5,8",6,30107,30107,256x256,256x256,False,room_count_below_min,False,,
high_quality_architectural_11807_Floor-1.npz,high_quality_architectural/11807/Floor-1,3,"0,1,2,3,4,8",6,30315,30315,256x256,256x256,True,kept,True,,
high_quality_architectural_11809_Floor-1.npz,high_quality_architectural/11809/Floor-1,4,"0,1,2,3,4,5,7,8",8,38436,38436,256x256,256x256,True,kept,True,,
high_quality_architectural_11810_Floor-1.npz,high_quality_architectural/11810/Floor-1,4,"0,1,2,4,5,8",6,49707,49707,256x256,256x256,True,kept,True,,
high_quality_architectural_11811_Floor-1.npz,high_quality_architectural/11811/Floor-1,12,"0,1,2,3,4,5,6,7,8",9,46735,46735,256x256,256x256,True,kept,True,,
high_quality_architectural_11814_Floor-1.npz,high_quality_architectural/11814/Floor-1,3,"0,1,2,4,5,6,8",7,8318,8318,256x256,256x256,True,kept,True,,
high_quality_architectural_11814_Floor-2.npz,high_quality_architectural/11814/Floor-2,6,"0,3,4,7,8",5,7032,7032,256x256,256x256,True,kept,True,,
high_quality_architectural_11814_Floor-3.npz,high_quality_architectural/11814/Floor-3,5,"0,4,7,8",4,5030,5030,256x256,256x256,True,kept,True,,
high_quality_architectural_11815_Floor-1.npz,high_quality_architectural/11815/Floor-1,3,"0,1,2,8",4,33529,33529,256x256,256x256,True,kept,True,,
high_quality_architectural_11816_Floor-1.npz,high_quality_architectural/11816/Floor-1,3,"0,1,2,3,8",5,19482,19482,256x256,256x256,True,kept,True,,
high_quality_architectural_11825_Floor-1.npz,high_quality_architectural/11825/Floor-1,8,"0,2,4,5,7,8",6,12608,12608,256x256,256x256,True,kept,True,,
high_quality_architectural_11825_Floor-2.npz,high_quality_architectural/11825/Floor-2,6,"0,3,4,5,7,8",6,7311,7311,256x256,256x256,True,kept,True,,
high_quality_architectural_11826_Floor-1.npz,high_quality_architectural/11826/Floor-1,2,"0,1,3,8",4,12944,12944,256x256,256x256,False,room_count_below_min,False,,
high_quality_architectural_11827_Floor-1.npz,high_quality_architectural/11827/Floor-1,8,"0,1,2,3,4,5,8",7,21969,21969,256x256,256x256,True,kept,True,,
high_quality_architectural_11828_Floor-1.npz,high_quality_architectural/11828/Floor-1,5,"0,1,2,4,5,7,8",7,12258,12258,256x256,256x256,True,kept,True,,
high_quality_architectural_11828_Floor-2.npz,high_quality_architectural/11828/Floor-2,5,"0,3,4,5,7,8",6,8470,8470,256x256,256x256,True,kept,True,,
high_quality_architectural_11832_Floor-1.npz,high_quality_architectural/11832/Floor-1,9,"0,1,2,3,4,5,7,8",8,27444,27444,256x256,256x256,True,kept,True,,
high_quality_architectural_11833_Floor-1.npz,high_quality_architectural/11833/Floor-1,5,"0,1,2,3,4,5,8",7,24413,24413,256x256,256x256,True,kept,True,,
high_quality_architectural_11837_Floor-1.npz,high_quality_architectural/11837/Floor-1,6,"0,1,2,3,4,5,7,8",8,30111,30111,256x256,256x256,True,kept,True,,
high_quality_architectural_11841_Floor-1.npz,high_quality_architectural/11841/Floor-1,2,"0,1,2,5,7,8",6,28851,28851,256x256,256x256,False,room_count_below_min,False,,
high_quality_architectural_11845_Floor-1.npz,high_quality_architectural/11845/Floor-1,4,"0,1,2,3,6,7,8",7,34760,34760,256x256,256x256,True,kept,True,,
high_quality_architectural_11846_Floor-1.npz,high_quality_architectural/11846/Floor-1,5,"0,1,2,3,7,8",6,24563,24563,256x256,256x256,True,kept,True,,
high_quality_architectural_11849_Floor-1.npz,high_quality_architectural/11849/Floor-1,3,"0,1,2,3,8",5,36944,36944,256x256,256x256,True,kept,True,,
high_quality_architectural_1184_Floor-1.npz,high_quality_architectural/1184/Floor-1,3,"0,1,2,3,4,5,8",7,21906,21906,256x256,256x256,True,kept,True,,
high_quality_architectural_11851_Floor-1.npz,high_quality_architectural/11851/Floor-1,3,"0,1,2,3,4,5,8",7,29763,29763,256x256,256x256,True,kept,True,,
high_quality_architectural_11852_Floor-1.npz,high_quality_architectural/11852/Floor-1,4,"0,1,3,5,7,8",6,21289,21289,256x256,256x256,True,kept,True,,
high_quality_architectural_11853_Floor-1.npz,high_quality_architectural/11853/Floor-1,6,"0,4,7,8",4,12275,12275,256x256,256x256,True,kept,True,,
high_quality_architectural_11853_Floor-2.npz,high_quality_architectural/11853/Floor-2,4,"0,1,2,3,4,5,8",7,11038,11038,256x256,256x256,True,kept,True,,
high_quality_architectural_11853_Floor-3.npz,high_quality_architectural/11853/Floor-3,3,"0,3,4,8",4,4053,4053,256x256,256x256,True,kept,True,,
high_quality_architectural_11854_Floor-1.npz,high_quality_architectural/11854/Floor-1,3,"0,1,2,4,5,8",6,28627,28627,256x256,256x256,True,kept,True,,
high_quality_architectural_11856_Floor-1.npz,high_quality_architectural/11856/Floor-1,8,"0,3,4,5,7,8",6,16393,16393,256x256,256x256,True,kept,True,,
high_quality_architectural_11856_Floor-2.npz,high_quality_architectural/11856/Floor-2,2,"0,2,3,6,8",5,13590,13590,256x256,256x256,False,room_count_below_min,False,,
high_quality_architectural_1185_Floor-1.npz,high_quality_architectural/1185/Floor-1,6,"0,1,2,3,4,5,7,8",8,9601,9601,256x256,256x256,True,kept,True,,
high_quality_architectural_1185_Floor-2.npz,high_quality_architectural/1185/Floor-2,7,"0,3,4,5,7,8",6,11308,11308,256x256,256x256,True,kept,True,,
high_quality_architectural_11860_Floor-1.npz,high_quality_architectural/11860/Floor-1,4,"0,1,3,4,5,8",6,35532,35532,256x256,256x256,True,kept,True,,
high_quality_architectural_11862_Floor-1.npz,high_quality_architectural/11862/Floor-1,3,"0,2,3,8",4,24061,24061,256x256,256x256,True,kept,True,,
high_quality_architectural_11865_Floor-1.npz,high_quality_architectural/11865/Floor-1,3,"0,1,2,3,5,8",6,20335,20335,256x256,256x256,True,kept,True,,
high_quality_architectural_11866_Floor-1.npz,high_quality_architectural/11866/Floor-1,7,"0,1,2,3,4,5,7,8",8,33041,33041,256x256,256x256,True,kept,True,,
high_quality_architectural_11868_Floor-1.npz,high_quality_architectural/11868/Floor-1,13,"0,2,3,4,5,7,8",7,34774,34774,256x256,256x256,True,kept,True,,
high_quality_architectural_11869_Floor-1.npz,high_quality_architectural/11869/Floor-1,0,"0,8",2,4473,4473,256x256,256x256,False,room_count_below_min,False,,
high_quality_architectural_1186_Floor-1.npz,high_quality_architectural/1186/Floor-1,9,"0,1,2,3,4,5,6,7,8",9,31783,31783,256x256,256x256,True,kept,True,,
high_quality_architectural_11874_Floor-1.npz,high_quality_architectural/11874/Floor-1,3,"0,1,2,4,8",5,28851,28851,256x256,256x256,True,kept,True,,
high_quality_architectural_11875_Floor-1.npz,high_quality_architectural/11875/Floor-1,2,"0,1,2,4,5,7,8",7,27483,27483,256x256,256x256,False,room_count_below_min,False,,
high_quality_architectural_11877_Floor-1.npz,high_quality_architectural/11877/Floor-1,6,"0,1,3,4,5,8",6,26677,26677,256x256,256x256,True,kept,True,,
high_quality_architectural_11878_Floor-1.npz,high_quality_architectural/11878/Floor-1,1,"0,1,2,5,8",5,27899,27899,256x256,256x256,False,room_count_below_min,False,,
high_quality_architectural_11880_Floor-1.npz,high_quality_architectural/11880/Floor-1,8,"0,1,2,3,4,5,7,8",8,30200,30200,256x256,256x256,True,kept,True,,
high_quality_architectural_11883_Floor-1.npz,high_quality_architectural/11883/Floor-1,8,"0,1,3,4,5,7,8",7,15657,15657,256x256,256x256,True,kept,True,,
high_quality_architectural_11885_Floor-1.npz,high_quality_architectural/11885/Floor-1,6,"0,1,2,3,4,8",6,30596,30596,256x256,256x256,True,kept,True,,
high_quality_architectural_11888_Floor-1.npz,high_quality_architectural/11888/Floor-1,6,"0,1,2,3,4,5,7,8",8,24957,24957,256x256,256x256,True,kept,True,,
high_quality_architectural_11889_Floor-1.npz,high_quality_architectural/11889/Floor-1,10,"0,1,2,4,5,7,8",7,15440,15440,256x256,256x256,True,kept,True,,
high_quality_architectural_11889_Floor-2.npz,high_quality_architectural/11889/Floor-2,6,"0,3,4,5,8",5,8797,8797,256x256,256x256,True,kept,True,,
high_quality_architectural_11891_Floor-1.npz,high_quality_architectural/11891/Floor-1,12,"0,2,3,4,5,7,8",7,34175,34175,256x256,256x256,True,kept,True,,
high_quality_architectural_11892_Floor-1.npz,high_quality_architectural/11892/Floor-1,3,"0,1,4,5,8",5,28594,28594,256x256,256x256,True,kept,True,,
high_quality_architectural_11900_Floor-1.npz,high_quality_architectural/11900/Floor-1,3,"0,1,2,8",4,33384,33384,256x256,256x256,True,kept,True,,
high_quality_architectural_11917_Floor-1.npz,high_quality_architectural/11917/Floor-1,3,"0,1,2,3,5,6,7,8",8,34210,34210,256x256,256x256,True,kept,True,,
high_quality_architectural_11919_Floor-1.npz,high_quality_architectural/11919/Floor-1,2,"0,2,4,7,8",5,29816,29816,256x256,256x256,False,room_count_below_min,False,,
high_quality_architectural_1191_Floor-1.npz,high_quality_architectural/1191/Floor-1,11,"0,1,2,3,4,5,7,8",8,25831,25831,256x256,256x256,True,kept,True,,
high_quality_architectural_11921_Floor-1.npz,high_quality_architectural/11921/Floor-1,3,"0,1,3,4,5,8",6,18763,18763,256x256,256x256,True,kept,True,,
high_quality_architectural_11925_Floor-1.npz,high_quality_architectural/11925/Floor-1,0,"0,8",2,5677,5677,256x256,256x256,False,room_count_below_min,False,,
high_quality_architectural_11926_Floor-1.npz,high_quality_architectural/11926/Floor-1,5,"0,1,2,3,4,5,8",7,37007,37007,256x256,256x256,True,kept,True,,
high_quality_architectural_1192_Floor-1.npz,high_quality_architectural/1192/Floor-1,10,"0,2,4,5,7,8",6,16293,16293,256x256,256x256,True,kept,True,,
high_quality_architectural_1192_Floor-2.npz,high_quality_architectural/1192/Floor-2,6,"0,1,2,3,4,6,7,8",8,12941,12941,256x256,256x256,True,kept,True,,
high_quality_architectural_11930_Floor-1.npz,high_quality_architectural/11930/Floor-1,11,"0,1,2,3,4,5,7,8",8,28765,28765,256x256,256x256,True,kept,True,,
high_quality_architectural_11931_Floor-1.npz,high_quality_architectural/11931/Floor-1,5,"0,1,2,3,4,7,8",7,36709,36709,256x256,256x256,True,kept,True,,
high_quality_architectural_11932_Floor-1.npz,high_quality_architectural/11932/Floor-1,2,"0,1,2,4,5,8",6,25080,25080,256x256,256x256,False,room_count_below_min,False,,
high_quality_architectural_1193_Floor-1.npz,high_quality_architectural/1193/Floor-1,3,"0,1,2,3,5,7,8",7,34204,34204,256x256,256x256,True,kept,True,,
high_quality_architectural_11947_Floor-1.npz,high_quality_architectural/11947/Floor-1,2,"0,1,2,4,8",5,22481,22481,256x256,256x256,False,room_count_below_min,False,,
high_quality_architectural_11948_Floor-1.npz,high_quality_architectural/11948/Floor-1,7,"0,1,3,4,5,7,8",7,25037,25037,256x256,256x256,True,kept,True,,
high_quality_architectural_11949_Floor-1.npz,high_quality_architectural/11949/Floor-1,6,"0,1,2,3,4,7,8",7,33746,33746,256x256,256x256,True,kept,True,,
high_quality_architectural_11950_Floor-1.npz,high_quality_architectural/11950/Floor-1,11,"0,1,2,3,4,5,7,8",8,32055,32055,256x256,256x256,True,kept,True,,
high_quality_architectural_11951_Floor-1.npz,high_quality_architectural/11951/Floor-1,4,"0,4,7,8",4,7176,7176,256x256,256x256,True,kept,True,,
high_quality_architectural_11951_Floor-2.npz,high_quality_architectural/11951/Floor-2,7,"0,1,2,3,5,7,8",7,10883,10883,256x256,256x256,True,kept,True,,
high_quality_architectural_11951_Floor-3.npz,high_quality_architectural/11951/Floor-3,3,"0,3,4,8",4,4654,4654,256x256,256x256,True,kept,True,,
high_quality_architectural_11953_Floor-1.npz,high_quality_architectural/11953/Floor-1,7,"0,1,3,4,5,7,8",7,12960,12960,256x256,256x256,True,kept,True,,
high_quality_architectural_11953_Floor-2.npz,high_quality_architectural/11953/Floor-2,6,"0,3,4,5,7,8",6,16197,16197,256x256,256x256,True,kept,True,,
high_quality_architectural_11957_Floor-1.npz,high_quality_architectural/11957/Floor-1,3,"0,1,2,4,8",5,39240,39240,256x256,256x256,True,kept,True,,
high_quality_architectural_11959_Floor-1.npz,high_quality_architectural/11959/Floor-1,8,"0,2,4,5,6,7,8",7,21579,21579,256x256,256x256,True,kept,True,,
high_quality_architectural_1195_Floor-1.npz,high_quality_architectural/1195/Floor-1,6,"0,1,2,3,4,5,6,7,8",9,38838,38838,256x256,256x256,True,kept,True,,
high_quality_architectural_11965_Floor-1.npz,high_quality_architectural/11965/Floor-1,8,"0,1,3,4,5,6,7,8",8,28969,28969,256x256,256x256,True,kept,True,,
high_quality_architectural_11967_Floor-1.npz,high_quality_architectural/11967/Floor-1,10,"0,1,2,3,4,5,6,7,8",9,31984,31984,256x256,256x256,True,kept,True,,
high_quality_architectural_11971_Floor-1.npz,high_quality_architectural/11971/Floor-1,4,"0,1,2,3,4,5,7,8",8,35549,35549,256x256,256x256,True,kept,True,,
high_quality_architectural_11975_Floor-1.npz,high_quality_architectural/11975/Floor-1,1,"0,1,2,8",4,27511,27511,256x256,256x256,False,room_count_below_min,False,,
high_quality_architectural_11977_Floor-1.npz,high_quality_architectural/11977/Floor-1,5,"0,1,3,4,5,8",6,31140,31140,256x256,256x256,True,kept,True,,
high_quality_architectural_11978_Floor-1.npz,high_quality_architectural/11978/Floor-1,4,"0,1,2,3,4,5,8",7,13980,13980,256x256,256x256,True,kept,True,,
high_quality_architectural_11978_Floor-2.npz,high_quality_architectural/11978/Floor-2,2,"0,2,8",3,9669,9669,256x256,256x256,False,room_count_below_min,False,,
high_quality_architectural_1197_Floor-1.npz,high_quality_architectural/1197/Floor-1,5,"0,4,5,7,8",5,9991,9991,256x256,256x256,True,kept,True,,
high_quality_architectural_1197_Floor-2.npz,high_quality_architectural/1197/Floor-2,9,"0,1,2,3,4,5,7,8",8,18202,18202,256x256,256x256,True,kept,True,,
high_quality_architectural_1199_Floor-1.npz,high_quality_architectural/1199/Floor-1,10,"0,1,2,3,4,5,7,8",8,30274,30274,256x256,256x256,True,kept,True,,
high_quality_architectural_11_Floor-1.npz,high_quality_architectural/11/Floor-1,5,"0,1,2,4,5,6,8",7,10948,10948,256x256,256x256,True,kept,True,,
high_quality_architectural_11_Floor-2.npz,high_quality_architectural/11/Floor-2,1,"0,5,8",3,8082,8082,256x256,256x256,False,room_count_below_min,False,,
high_quality_architectural_12007_Floor-1.npz,high_quality_architectural/12007/Floor-1,1,"0,1,2,5,8",5,36189,36189,256x256,256x256,False,room_count_below_min,False,,
high_quality_architectural_12008_Floor-1.npz,high_quality_architectural/12008/Floor-1,2,"0,1,4,5,8",5,25695,25695,256x256,256x256,False,room_count_below_min,False,,
high_quality_architectural_12009_Floor-1.npz,high_quality_architectural/12009/Floor-1,12,"0,2,4,5,7,8",6,14995,14995,256x256,256x256,True,kept,True,,
high_quality_architectural_12009_Floor-2.npz,high_quality_architectural/12009/Floor-2,6,"0,1,2,3,4,5,6,8",8,7918,7918,256x256,256x256,True,kept,True,,
high_quality_architectural_12012_Floor-1.npz,high_quality_architectural/12012/Floor-1,2,"0,4,5,8",4,23286,23286,256x256,256x256,False,room_count_below_min,False,,
high_quality_architectural_12014_Floor-1.npz,high_quality_architectural/12014/Floor-1,4,"0,2,3,4,5,8",6,33376,33376,256x256,256x256,True,kept,True,,
high_quality_architectural_12019_Floor-1.npz,high_quality_architectural/12019/Floor-1,5,"0,2,3,4,5,7,8",7,25023,25023,256x256,256x256,True,kept,True,,
high_quality_architectural_12020_Floor-1.npz,high_quality_architectural/12020/Floor-1,4,"0,1,2,5,7,8",6,32048,32048,256x256,256x256,True,kept,True,,
high_quality_architectural_12022_Floor-1.npz,high_quality_architectural/12022/Floor-1,2,"0,1,2,4,5,8",6,32713,32713,256x256,256x256,False,room_count_below_min,False,,
high_quality_architectural_12023_Floor-1.npz,high_quality_architectural/12023/Floor-1,4,"0,3,4,5,7,8",6,9868,9868,256x256,256x256,True,kept,True,,
high_quality_architectural_12023_Floor-2.npz,high_quality_architectural/12023/Floor-2,5,"0,1,2,3,4,5,6,7,8",9,12165,12165,256x256,256x256,True,kept,True,,
high_quality_architectural_12027_Floor-1.npz,high_quality_architectural/12027/Floor-1,5,"0,1,2,3,4,5,7,8",8,45726,45726,256x256,256x256,True,kept,True,,
high_quality_architectural_12029_Floor-1.npz,high_quality_architectural/12029/Floor-1,9,"0,1,2,4,5,7,8",7,38211,38211,256x256,256x256,True,kept,True,,
high_quality_architectural_1202_Floor-1.npz,high_quality_architectural/1202/Floor-1,10,"0,1,2,3,4,5,6,7,8",9,31184,31184,256x256,256x256,True,kept,True,,
high_quality_architectural_12034_Floor-1.npz,high_quality_architectural/12034/Floor-1,6,"0,1,2,3,4,5,8",7,35093,35093,256x256,256x256,True,kept,True,,
high_quality_architectural_12036_Floor-1.npz,high_quality_architectural/12036/Floor-1,3,"0,1,2,3,4,5,8",7,21901,21901,256x256,256x256,True,kept,True,,
high_quality_architectural_12040_Floor-1.npz,high_quality_architectural/12040/Floor-1,6,"0,1,3,4,5,7,8",7,28002,28002,256x256,256x256,True,kept,True,,
high_quality_architectural_12041_Floor-1.npz,high_quality_architectural/12041/Floor-1,7,"0,2,4,7,8",5,11185,11185,256x256,256x256,True,kept,True,,
high_quality_architectural_12041_Floor-2.npz,high_quality_architectural/12041/Floor-2,5,"0,1,2,4,5,8",6,13296,13296,256x256,256x256,True,kept,True,,
high_quality_architectural_12041_Floor-3.npz,high_quality_architectural/12041/Floor-3,8,"0,3,4,5,7,8",6,10274,10274,256x256,256x256,True,kept,True,,
high_quality_architectural_12042_Floor-1.npz,high_quality_architectural/12042/Floor-1,4,"0,1,2,4,5,8",6,28189,28189,256x256,256x256,True,kept,True,,
high_quality_architectural_12044_Floor-1.npz,high_quality_architectural/12044/Floor-1,5,"0,2,4,6,7,8",6,10493,10493,256x256,256x256,True,kept,True,,
high_quality_architectural_12044_Floor-2.npz,high_quality_architectural/12044/Floor-2,8,"0,2,4,5,7,8",6,15650,15650,256x256,256x256,True,kept,True,,
high_quality_architectural_12045_Floor-1.npz,high_quality_architectural/12045/Floor-1,9,"0,1,3,4,5,7,8",7,30829,30829,256x256,256x256,True,kept,True,,
high_quality_architectural_12046_Floor-1.npz,high_quality_architectural/12046/Floor-1,3,"0,1,2,3,4,5,6,8",8,17433,17433,256x256,256x256,True,kept,True,,
high_quality_architectural_12046_Floor-2.npz,high_quality_architectural/12046/Floor-2,4,"0,3,4,7,8",5,10731,10731,256x256,256x256,True,kept,True,,
high_quality_architectural_12048_Floor-1.npz,high_quality_architectural/12048/Floor-1,3,"0,1,2,7,8",5,44159,44159,256x256,256x256,True,kept,True,,
high_quality_architectural_12049_Floor-1.npz,high_quality_architectural/12049/Floor-1,3,"0,1,2,4,8",5,23620,23620,256x256,256x256,True,kept,True,,
high_quality_architectural_12050_Floor-1.npz,high_quality_architectural/12050/Floor-1,7,"0,3,4,7,8",5,13761,13761,256x256,256x256,True,kept,True,,
high_quality_architectural_12051_Floor-1.npz,high_quality_architectural/12051/Floor-1,10,"0,1,2,3,4,5,7,8",8,37570,37570,256x256,256x256,True,kept,True,,
high_quality_architectural_12052_Floor-1.npz,high_quality_architectural/12052/Floor-1,7,"0,2,4,5,7,8",6,7578,7578,256x256,256x256,True,kept,True,,
high_quality_architectural_12052_Floor-2.npz,high_quality_architectural/12052/Floor-2,5,"0,1,2,4,5,8",6,7330,7330,256x256,256x256,True,kept,True,,
high_quality_architectural_12052_Floor-3.npz,high_quality_architectural/12052/Floor-3,6,"0,2,4,5,8",5,5820,5820,256x256,256x256,True,kept,True,,
high_quality_architectural_12055_Floor-1.npz,high_quality_architectural/12055/Floor-1,3,"0,1,2,3,5,8",6,43343,43343,256x256,256x256,True,kept,True,,
high_quality_architectural_12057_Floor-1.npz,high_quality_architectural/12057/Floor-1,7,"0,1,2,3,4,6,7,8",8,28703,28703,256x256,256x256,True,kept,True,,
high_quality_architectural_12059_Floor-1.npz,high_quality_architectural/12059/Floor-1,2,"0,2,4,8",4,22007,22007,256x256,256x256,False,room_count_below_min,False,,
high_quality_architectural_12062_Floor-1.npz,high_quality_architectural/12062/Floor-1,1,"0,7,8",3,8483,8483,256x256,256x256,False,room_count_below_min,False,,
high_quality_architectural_12063_Floor-1.npz,high_quality_architectural/12063/Floor-1,14,"0,1,2,3,4,5,7,8",8,36083,36083,256x256,256x256,True,kept,True,,
high_quality_architectural_12064_Floor-1.npz,high_quality_architectural/12064/Floor-1,11,"0,1,2,3,4,5,7,8",8,15850,15850,256x256,256x256,True,kept,True,,
high_quality_architectural_12064_Floor-2.npz,high_quality_architectural/12064/Floor-2,2,"0,3,8",3,5680,5680,256x256,256x256,False,room_count_below_min,False,,
high_quality_architectural_12071_Floor-1.npz,high_quality_architectural/12071/Floor-1,6,"0,1,2,4,5,7,8",7,16287,16287,256x256,256x256,True,kept,True,,
high_quality_architectural_12071_Floor-2.npz,high_quality_architectural/12071/Floor-2,7,"0,3,4,5,7,8",6,17599,17599,256x256,256x256,True,kept,True,,
high_quality_architectural_12073_Floor-1.npz,high_quality_architectural/12073/Floor-1,2,"0,1,2,4,5,8",6,34573,34573,256x256,256x256,False,room_count_below_min,False,,
high_quality_architectural_12074_Floor-1.npz,high_quality_architectural/12074/Floor-1,3,"0,1,2,4,5,8",6,17900,17900,256x256,256x256,True,kept,True,,
high_quality_architectural_12074_Floor-2.npz,high_quality_architectural/12074/Floor-2,2,"0,3,8",3,12579,12579,256x256,256x256,False,room_count_below_min,False,,
high_quality_architectural_12075_Floor-1.npz,high_quality_architectural/12075/Floor-1,6,"0,1,2,4,5,6,7,8",8,24563,24563,256x256,256x256,True,kept,True,,
high_quality_architectural_12077_Floor-1.npz,high_quality_architectural/12077/Floor-1,15,"0,1,2,3,4,5,6,7,8",9,26740,26740,256x256,256x256,True,kept,True,,
high_quality_architectural_12079_Floor-1.npz,high_quality_architectural/12079/Floor-1,8,"0,1,2,4,5,8",6,21105,21105,256x256,256x256,True,kept,True,,
high_quality_architectural_12079_Floor-2.npz,high_quality_architectural/12079/Floor-2,7,"0,3,4,7,8",5,16448,16448,256x256,256x256,True,kept,True,,
high_quality_architectural_1207_Floor-1.npz,high_quality_architectural/1207/Floor-1,10,"0,1,2,3,4,5,7,8",8,33177,33177,256x256,256x256,True,kept,True,,
high_quality_architectural_12082_Floor-1.npz,high_quality_architectural/12082/Floor-1,2,"0,1,2,4,8",5,37422,37422,256x256,256x256,False,room_count_below_min,False,,
high_quality_architectural_12083_Floor-1.npz,high_quality_architectural/12083/Floor-1,7,"0,1,3,4,5,7,8",7,27888,27888,256x256,256x256,True,kept,True,,
high_quality_architectural_12084_Floor-1.npz,high_quality_architectural/12084/Floor-1,10,"0,1,2,3,4,5,7,8",8,21087,21087,256x256,256x256,True,kept,True,,
high_quality_architectural_12085_Floor-1.npz,high_quality_architectural/12085/Floor-1,8,"0,2,3,4,5,7,8",7,36676,36676,256x256,256x256,True,kept,True,,
high_quality_architectural_12089_Floor-1.npz,high_quality_architectural/12089/Floor-1,3,"0,1,2,4,5,8",6,17658,17658,256x256,256x256,True,kept,True,,
high_quality_architectural_12089_Floor-2.npz,high_quality_architectural/12089/Floor-2,4,"0,3,4,5,7,8",6,17238,17238,256x256,256x256,True,kept,True,,
high_quality_architectural_12093_Floor-1.npz,high_quality_architectural/12093/Floor-1,4,"0,1,2,3,4,5,8",7,32859,32859,256x256,256x256,True,kept,True,,
high_quality_architectural_12101_Floor-1.npz,high_quality_architectural/12101/Floor-1,4,"0,1,2,4,5,8",6,16374,16374,256x256,256x256,True,kept,True,,
high_quality_architectural_12101_Floor-2.npz,high_quality_architectural/12101/Floor-2,3,"0,3,7,8",4,10224,10224,256x256,256x256,True,kept,True,,
high_quality_architectural_12103_Floor-1.npz,high_quality_architectural/12103/Floor-1,2,"0,3,4,8",4,19230,19230,256x256,256x256,False,room_count_below_min,False,,
high_quality_architectural_12106_Floor-1.npz,high_quality_architectural/12106/Floor-1,8,"0,1,2,3,4,5,7,8",8,31992,31992,256x256,256x256,True,kept,True,,
high_quality_architectural_12107_Floor-1.npz,high_quality_architectural/12107/Floor-1,10,"0,1,2,3,4,5,7,8",8,31008,31008,256x256,256x256,True,kept,True,,
high_quality_architectural_12108_Floor-1.npz,high_quality_architectural/12108/Floor-1,8,"0,1,2,3,4,5,7,8",8,24114,24114,256x256,256x256,True,kept,True,,
high_quality_architectural_12115_Floor-1.npz,high_quality_architectural/12115/Floor-1,6,"0,1,2,3,4,5,7,8",8,33657,33657,256x256,256x256,True,kept,True,,
high_quality_architectural_12117_Floor-1.npz,high_quality_architectural/12117/Floor-1,7,"0,1,2,3,4,5,7,8",8,21436,21436,256x256,256x256,True,kept,True,,
high_quality_architectural_12119_Floor-1.npz,high_quality_architectural/12119/Floor-1,3,"0,1,2,3,5,8",6,25555,25555,256x256,256x256,True,kept,True,,
high_quality_architectural_12120_Floor-1.npz,high_quality_architectural/12120/Floor-1,8,"0,1,3,4,5,7,8",7,10985,10985,256x256,256x256,True,kept,True,,
high_quality_architectural_12120_Floor-2.npz,high_quality_architectural/12120/Floor-2,4,"0,3,4,5,8",5,9858,9858,256x256,256x256,True,kept,True,,
high_quality_architectural_12121_Floor-1.npz,high_quality_architectural/12121/Floor-1,3,"0,1,4,5,8",5,19101,19101,256x256,256x256,True,kept,True,,
high_quality_architectural_12125_Floor-1.npz,high_quality_architectural/12125/Floor-1,2,"0,1,2,4,8",5,31657,31657,256x256,256x256,False,room_count_below_min,False,,
high_quality_architectural_12127_Floor-1.npz,high_quality_architectural/12127/Floor-1,16,"0,1,2,3,4,5,7,8",8,34056,34056,256x256,256x256,True,kept,True,,
high_quality_architectural_12135_Floor-1.npz,high_quality_architectural/12135/Floor-1,2,"0,1,4,5,8",5,23215,23215,256x256,256x256,False,room_count_below_min,False,,
high_quality_architectural_1213_Floor-1.npz,high_quality_architectural/1213/Floor-1,6,"0,1,2,3,4,5,7,8",8,47949,47949,256x256,256x256,True,kept,True,,
high_quality_architectural_12142_Floor-1.npz,high_quality_architectural/12142/Floor-1,3,"0,1,2,3,4,5,8",7,17678,17678,256x256,256x256,True,kept,True,,
high_quality_architectural_12145_Floor-1.npz,high_quality_architectural/12145/Floor-1,4,"0,1,2,4,5,7,8",7,37927,37927,256x256,256x256,True,kept,True,,
high_quality_architectural_12146_Floor-1.npz,high_quality_architectural/12146/Floor-1,2,"0,4,5,8",4,17521,17521,256x256,256x256,False,room_count_below_min,False,,
high_quality_architectural_1214_Floor-1.npz,high_quality_architectural/1214/Floor-1,7,"0,3,4,7,8",5,9843,9843,256x256,256x256,True,kept,True,,
high_quality_architectural_1214_Floor-2.npz,high_quality_architectural/1214/Floor-2,5,"0,1,3,5,7,8",6,18875,18875,256x256,256x256,True,kept,True,,
high_quality_architectural_12152_Floor-1.npz,high_quality_architectural/12152/Floor-1,4,"0,1,2,4,5,8",6,34038,34038,256x256,256x256,True,kept,True,,
high_quality_architectural_12157_Floor-1.npz,high_quality_architectural/12157/Floor-1,5,"0,1,2,3,4,5,7,8",8,32074,32074,256x256,256x256,True,kept,True,,
high_quality_architectural_12158_Floor-1.npz,high_quality_architectural/12158/Floor-1,6,"0,1,2,3,4,5,7,8",8,34187,34187,256x256,256x256,True,kept,True,,
high_quality_architectural_1215_Floor-1.npz,high_quality_architectural/1215/Floor-1,11,"0,2,3,4,5,6,7,8",8,27367,27367,256x256,256x256,True,kept,True,,
high_quality_architectural_12162_Floor-1.npz,high_quality_architectural/12162/Floor-1,3,"0,1,2,3,4,5,8",7,10620,10620,256x256,256x256,True,kept,True,,
high_quality_architectural_12165_Floor-1.npz,high_quality_architectural/12165/Floor-1,4,"0,1,2,4,5,7,8",7,33961,33961,256x256,256x256,True,kept,True,,
high_quality_architectural_12166_Floor-1.npz,high_quality_architectural/12166/Floor-1,1,"0,4,8",3,5464,5464,256x256,256x256,False,room_count_below_min,False,,
high_quality_architectural_12167_Floor-1.npz,high_quality_architectural/12167/Floor-1,3,"0,1,2,4,5,7,8",7,39182,39182,256x256,256x256,True,kept,True,,
high_quality_architectural_1216_Floor-1.npz,high_quality_architectural/1216/Floor-1,9,"0,1,2,3,4,5,6,7,8",9,31783,31783,256x256,256x256,True,kept,True,,
high_quality_architectural_12171_Floor-1.npz,high_quality_architectural/12171/Floor-1,7,"0,1,2,3,4,7,8",7,29714,29714,256x256,256x256,True,kept,True,,
high_quality_architectural_12176_Floor-1.npz,high_quality_architectural/12176/Floor-1,7,"0,1,3,4,5,7,8",7,30600,30600,256x256,256x256,True,kept,True,,
high_quality_architectural_12177_Floor-1.npz,high_quality_architectural/12177/Floor-1,7,"0,1,3,4,7,8",6,8730,8730,256x256,256x256,True,kept,True,,
high_quality_architectural_12177_Floor-2.npz,high_quality_architectural/12177/Floor-2,3,"0,3,4,5,8",5,5092,5092,256x256,256x256,True,kept,True,,
high_quality_architectural_12179_Floor-1.npz,high_quality_architectural/12179/Floor-1,6,"0,1,2,3,4,5,8",7,37181,37181,256x256,256x256,True,kept,True,,
high_quality_architectural_1217_Floor-1.npz,high_quality_architectural/1217/Floor-1,5,"0,1,2,4,5,6,7,8",8,12254,12254,256x256,256x256,True,kept,True,,
high_quality_architectural_1217_Floor-2.npz,high_quality_architectural/1217/Floor-2,3,"0,3,4,5,8",5,10403,10403,256x256,256x256,True,kept,True,,
high_quality_architectural_12187_Floor-1.npz,high_quality_architectural/12187/Floor-1,8,"0,1,2,3,4,5,7,8",8,30634,30634,256x256,256x256,True,kept,True,,
high_quality_architectural_12188_Floor-1.npz,high_quality_architectural/12188/Floor-1,4,"0,2,3,5,7,8",6,20608,20608,256x256,256x256,True,kept,True,,
high_quality_architectural_12192_Floor-1.npz,high_quality_architectural/12192/Floor-1,1,"0,3,8",3,14367,14367,256x256,256x256,False,room_count_below_min,False,,
high_quality_architectural_12198_Floor-1.npz,high_quality_architectural/12198/Floor-1,3,"0,1,2,3,4,5,8",7,37694,37694,256x256,256x256,True,kept,True,,
high_quality_architectural_12201_Floor-1.npz,high_quality_architectural/12201/Floor-1,4,"0,2,3,4,8",5,32621,32621,256x256,256x256,True,kept,True,,
high_quality_architectural_12203_Floor-1.npz,high_quality_architectural/12203/Floor-1,1,"0,2,3,4,5,7,8",7,40775,40775,256x256,256x256,False,room_count_below_min,False,,
high_quality_architectural_12206_Floor-1.npz,high_quality_architectural/12206/Floor-1,3,"0,2,3,4,8",5,24471,24471,256x256,256x256,True,kept,True,,
high_quality_architectural_12208_Floor-1.npz,high_quality_architectural/12208/Floor-1,3,"0,1,2,4,5,6,7,8",8,30458,30458,256x256,256x256,True,kept,True,,
high_quality_architectural_12209_Floor-1.npz,high_quality_architectural/12209/Floor-1,4,"0,1,2,3,4,5,6,7,8",9,37036,37036,256x256,256x256,True,kept,True,,
high_quality_architectural_1220_Floor-1.npz,high_quality_architectural/1220/Floor-1,7,"0,1,3,4,5,7,8",7,8279,8279,256x256,256x256,True,kept,True,,
high_quality_architectural_12210_Floor-1.npz,high_quality_architectural/12210/Floor-1,6,"0,2,3,4,5,7,8",7,28199,28199,256x256,256x256,True,kept,True,,
high_quality_architectural_12211_Floor-1.npz,high_quality_architectural/12211/Floor-1,7,"0,2,3,4,5,7,8",7,20836,20836,256x256,256x256,True,kept,True,,
high_quality_architectural_12212_Floor-1.npz,high_quality_architectural/12212/Floor-1,3,"0,1,2,3,4,5,6,8",8,33577,33577,256x256,256x256,True,kept,True,,
high_quality_architectural_12213_Floor-1.npz,high_quality_architectural/12213/Floor-1,2,"0,1,2,3,5,6,8",7,39255,39255,256x256,256x256,False,room_count_below_min,False,,
high_quality_architectural_12215_Floor-1.npz,high_quality_architectural/12215/Floor-1,5,"0,1,2,3,4,8",6,26229,26229,256x256,256x256,True,kept,True,,
high_quality_architectural_12216_Floor-1.npz,high_quality_architectural/12216/Floor-1,3,"0,2,3,4,5,8",6,31535,31535,256x256,256x256,True,kept,True,,
high_quality_architectural_12219_Floor-1.npz,high_quality_architectural/12219/Floor-1,4,"0,1,2,3,4,8",6,29621,29621,256x256,256x256,True,kept,True,,
high_quality_architectural_12222_Floor-1.npz,high_quality_architectural/12222/Floor-1,4,"0,2,3,4,5,8",6,19782,19782,256x256,256x256,True,kept,True,,
high_quality_architectural_12224_Floor-1.npz,high_quality_architectural/12224/Floor-1,0,"0,8",2,4490,4490,256x256,256x256,False,room_count_below_min,False,,
high_quality_architectural_12227_Floor-1.npz,high_quality_architectural/12227/Floor-1,4,"0,1,2,4,5,8",6,35296,35296,256x256,256x256,True,kept,True,,
high_quality_architectural_12230_Floor-1.npz,high_quality_architectural/12230/Floor-1,7,"0,1,2,3,4,5,7,8",8,35990,35990,256x256,256x256,True,kept,True,,
high_quality_architectural_12231_Floor-1.npz,high_quality_architectural/12231/Floor-1,3,"0,1,4,5,8",5,18221,18221,256x256,256x256,True,kept,True,,
high_quality_architectural_12232_Floor-1.npz,high_quality_architectural/12232/Floor-1,5,"0,2,3,4,5,7,8",7,21922,21922,256x256,256x256,True,kept,True,,
high_quality_architectural_12234_Floor-1.npz,high_quality_architectural/12234/Floor-1,4,"0,1,2,3,4,8",6,32653,32653,256x256,256x256,True,kept,True,,
high_quality_architectural_12241_Floor-1.npz,high_quality_architectural/12241/Floor-1,3,"0,1,3,5,8",5,28588,28588,256x256,256x256,True,kept,True,,
high_quality_architectural_12242_Floor-1.npz,high_quality_architectural/12242/Floor-1,3,"0,2,5,8",4,37789,37789,256x256,256x256,True,kept,True,,
high_quality_architectural_12244_Floor-1.npz,high_quality_architectural/12244/Floor-1,5,"0,1,2,3,5,8",6,31984,31984,256x256,256x256,True,kept,True,,
high_quality_architectural_12245_Floor-1.npz,high_quality_architectural/12245/Floor-1,2,"0,2,4,8",4,22763,22763,256x256,256x256,False,room_count_below_min,False,,
high_quality_architectural_12246_Floor-1.npz,high_quality_architectural/12246/Floor-1,5,"0,1,3,4,7,8",6,28647,28647,256x256,256x256,True,kept,True,,
high_quality_architectural_12247_Floor-1.npz,high_quality_architectural/12247/Floor-1,4,"0,1,2,4,5,7,8",7,34395,34395,256x256,256x256,True,kept,True,,
high_quality_architectural_12249_Floor-1.npz,high_quality_architectural/12249/Floor-1,3,"0,1,3,4,8",5,18010,18010,256x256,256x256,True,kept,True,,
high_quality_architectural_12252_Floor-1.npz,high_quality_architectural/12252/Floor-1,7,"0,1,2,3,4,5,8",7,33462,33462,256x256,256x256,True,kept,True,,
high_quality_architectural_12258_Floor-1.npz,high_quality_architectural/12258/Floor-1,3,"0,5,7,8",4,11139,11139,256x256,256x256,True,kept,True,,
high_quality_architectural_1225_Floor-1.npz,high_quality_architectural/1225/Floor-1,4,"0,1,3,4,5,6,8",7,30985,30985,256x256,256x256,True,kept,True,,
high_quality_architectural_12262_Floor-1.npz,high_quality_architectural/12262/Floor-1,4,"0,1,2,4,5,7,8",7,21387,21387,256x256,256x256,True,kept,True,,
high_quality_architectural_12262_Floor-2.npz,high_quality_architectural/12262/Floor-2,6,"0,3,4,5,7,8",6,16983,16983,256x256,256x256,True,kept,True,,
high_quality_architectural_12273_Floor-1.npz,high_quality_architectural/12273/Floor-1,3,"0,1,2,4,5,8",6,30301,30301,256x256,256x256,True,kept,True,,
high_quality_architectural_12275_Floor-1.npz,high_quality_architectural/12275/Floor-1,6,"0,1,2,3,4,7,8",7,34559,34559,256x256,256x256,True,kept,True,,
high_quality_architectural_12277_Floor-1.npz,high_quality_architectural/12277/Floor-1,8,"0,1,2,3,4,5,7,8",8,42066,42066,256x256,256x256,True,kept,True,,
high_quality_architectural_1227_Floor-1.npz,high_quality_architectural/1227/Floor-1,14,"0,1,2,3,4,5,7,8",8,14199,14199,256x256,256x256,True,kept,True,,
high_quality_architectural_12281_Floor-1.npz,high_quality_architectural/12281/Floor-1,4,"0,1,2,3,4,8",6,28258,28258,256x256,256x256,True,kept,True,,
high_quality_architectural_12283_Floor-1.npz,high_quality_architectural/12283/Floor-1,11,"0,1,2,4,5,8",6,18051,18051,256x256,256x256,True,kept,True,,
high_quality_architectural_12284_Floor-1.npz,high_quality_architectural/12284/Floor-1,3,"0,1,2,3,8",5,23311,23311,256x256,256x256,True,kept,True,,
high_quality_architectural_12285_Floor-1.npz,high_quality_architectural/12285/Floor-1,10,"0,2,3,4,5,7,8",7,30714,30714,256x256,256x256,True,kept,True,,
high_quality_architectural_12288_Floor-1.npz,high_quality_architectural/12288/Floor-1,6,"0,1,2,3,4,5,7,8",8,32578,32578,256x256,256x256,True,kept,True,,
high_quality_architectural_12289_Floor-1.npz,high_quality_architectural/12289/Floor-1,2,"0,4,5,8",4,17750,17750,256x256,256x256,False,room_count_below_min,False,,
high_quality_architectural_1228_Floor-1.npz,high_quality_architectural/1228/Floor-1,4,"0,1,2,3,4,5,8",7,30459,30459,256x256,256x256,True,kept,True,,
high_quality_architectural_12293_Floor-1.npz,high_quality_architectural/12293/Floor-1,5,"0,1,2,3,4,5,8",7,27193,27193,256x256,256x256,True,kept,True,,
high_quality_architectural_122_Floor-1.npz,high_quality_architectural/122/Floor-1,4,"0,1,2,3,4,5,7,8",8,41876,41876,256x256,256x256,True,kept,True,,
high_quality_architectural_12304_Floor-1.npz,high_quality_architectural/12304/Floor-1,4,"0,1,2,3,4,5,6,8",8,41232,41232,256x256,256x256,True,kept,True,,
high_quality_architectural_1231_Floor-1.npz,high_quality_architectural/1231/Floor-1,4,"0,1,3,5,7,8",6,25820,25820,256x256,256x256,True,kept,True,,
high_quality_architectural_1232_Floor-1.npz,high_quality_architectural/1232/Floor-1,11,"0,1,2,3,4,5,6,7,8",9,40945,40945,256x256,256x256,True,kept,True,,
high_quality_architectural_1235_Floor-1.npz,high_quality_architectural/1235/Floor-1,9,"0,2,4,5,6,7,8",7,29241,29241,256x256,256x256,True,kept,True,,
high_quality_architectural_1237_Floor-1.npz,high_quality_architectural/1237/Floor-1,8,"0,1,2,3,4,5,6,7,8",9,35139,35139,256x256,256x256,True,kept,True,,
high_quality_architectural_123_Floor-1.npz,high_quality_architectural/123/Floor-1,9,"0,1,3,4,5,7,8",7,12389,12389,256x256,256x256,True,kept,True,,
high_quality_architectural_123_Floor-2.npz,high_quality_architectural/123/Floor-2,6,"0,1,3,4,5,6,8",7,18345,18345,256x256,256x256,True,kept,True,,
high_quality_architectural_12403_Floor-1.npz,high_quality_architectural/12403/Floor-1,4,"0,1,2,4,7,8",6,28154,28154,256x256,256x256,True,kept,True,,
high_quality_architectural_12404_Floor-1.npz,high_quality_architectural/12404/Floor-1,12,"0,1,2,3,4,5,7,8",8,10940,10940,256x256,256x256,True,kept,True,,
high_quality_architectural_12404_Floor-2.npz,high_quality_architectural/12404/Floor-2,7,"0,3,4,5,7,8",6,8525,8525,256x256,256x256,True,kept,True,,
high_quality_architectural_12404_Floor-3.npz,high_quality_architectural/12404/Floor-3,0,"0,8",2,1609,1609,256x256,256x256,False,room_count_below_min,False,,
high_quality_architectural_12406_Floor-1.npz,high_quality_architectural/12406/Floor-1,8,"0,1,3,4,5,7,8",7,28611,28611,256x256,256x256,True,kept,True,,
high_quality_architectural_12410_Floor-1.npz,high_quality_architectural/12410/Floor-1,4,"0,1,2,4,5,6,7,8",8,12037,12037,256x256,256x256,True,kept,True,,
high_quality_architectural_12410_Floor-2.npz,high_quality_architectural/12410/Floor-2,4,"0,3,4,7,8",5,7450,7450,256x256,256x256,True,kept,True,,
high_quality_architectural_12412_Floor-1.npz,high_quality_architectural/12412/Floor-1,5,"0,1,3,4,5,8",6,21366,21366,256x256,256x256,True,kept,True,,
high_quality_architectural_12413_Floor-1.npz,high_quality_architectural/12413/Floor-1,4,"0,1,2,3,5,8",6,27109,27109,256x256,256x256,True,kept,True,,
high_quality_architectural_12415_Floor-1.npz,high_quality_architectural/12415/Floor-1,9,"0,1,2,3,4,5,6,7,8",9,30659,30659,256x256,256x256,True,kept,True,,
high_quality_architectural_12417_Floor-1.npz,high_quality_architectural/12417/Floor-1,8,"0,1,2,3,4,5,6,7,8",9,36763,36763,256x256,256x256,True,kept,True,,
high_quality_architectural_1241_Floor-1.npz,high_quality_architectural/1241/Floor-1,3,"0,1,2,3,5,8",6,24902,24902,256x256,256x256,True,kept,True,,
high_quality_architectural_12424_Floor-1.npz,high_quality_architectural/12424/Floor-1,8,"0,1,2,3,4,5,6,7,8",9,34369,34369,256x256,256x256,True,kept,True,,
high_quality_architectural_12425_Floor-1.npz,high_quality_architectural/12425/Floor-1,5,"0,1,3,5,7,8",6,18759,18759,256x256,256x256,True,kept,True,,
high_quality_architectural_12428_Floor-1.npz,high_quality_architectural/12428/Floor-1,6,"0,1,2,3,4,5,7,8",8,19986,19986,256x256,256x256,True,kept,True,,
high_quality_architectural_1242_Floor-1.npz,high_quality_architectural/1242/Floor-1,8,"0,1,2,3,4,5,8",7,23814,23814,256x256,256x256,True,kept,True,,
high_quality_architectural_12440_Floor-1.npz,high_quality_architectural/12440/Floor-1,4,"0,1,2,3,4,5,7,8",8,29452,29452,256x256,256x256,True,kept,True,,
high_quality_architectural_12441_Floor-1.npz,high_quality_architectural/12441/Floor-1,10,"0,1,2,3,4,5,6,7,8",9,33684,33684,256x256,256x256,True,kept,True,,
high_quality_architectural_12443_Floor-1.npz,high_quality_architectural/12443/Floor-1,4,"0,1,2,4,5,8",6,24889,24889,256x256,256x256,True,kept,True,,
high_quality_architectural_12444_Floor-1.npz,high_quality_architectural/12444/Floor-1,4,"0,1,2,3,4,5,8",7,35676,35676,256x256,256x256,True,kept,True,,
high_quality_architectural_12446_Floor-1.npz,high_quality_architectural/12446/Floor-1,9,"0,2,3,4,5,7,8",7,12629,12629,256x256,256x256,True,kept,True,,
high_quality_architectural_12446_Floor-2.npz,high_quality_architectural/12446/Floor-2,7,"0,1,2,3,4,5,6,8",8,14895,14895,256x256,256x256,True,kept,True,,
high_quality_architectural_12448_Floor-1.npz,high_quality_architectural/12448/Floor-1,14,"0,1,2,3,4,5,7,8",8,39540,39540,256x256,256x256,True,kept,True,,
high_quality_architectural_12449_Floor-1.npz,high_quality_architectural/12449/Floor-1,8,"0,1,2,3,4,5,7,8",8,16911,16911,256x256,256x256,True,kept,True,,
high_quality_architectural_12449_Floor-2.npz,high_quality_architectural/12449/Floor-2,5,"0,3,4,5,7,8",6,10415,10415,256x256,256x256,True,kept,True,,
high_quality_architectural_12453_Floor-1.npz,high_quality_architectural/12453/Floor-1,5,"0,2,3,4,5,8",6,12907,12907,256x256,256x256,True,kept,True,,
high_quality_architectural_12453_Floor-2.npz,high_quality_architectural/12453/Floor-2,0,"0,8",2,2419,2419,256x256,256x256,False,room_count_below_min,False,,
high_quality_architectural_12454_Floor-1.npz,high_quality_architectural/12454/Floor-1,2,"0,1,4,8",4,5487,5487,256x256,256x256,False,room_count_below_min,False,,
high_quality_architectural_12457_Floor-1.npz,high_quality_architectural/12457/Floor-1,9,"0,2,3,4,5,7,8",7,24746,24746,256x256,256x256,True,kept,True,,
high_quality_architectural_12459_Floor-1.npz,high_quality_architectural/12459/Floor-1,7,"0,1,2,3,4,5,7,8",8,32798,32798,256x256,256x256,True,kept,True,,
high_quality_architectural_12468_Floor-1.npz,high_quality_architectural/12468/Floor-1,4,"0,1,2,3,4,5,8",7,28525,28525,256x256,256x256,True,kept,True,,
high_quality_architectural_12480_Floor-1.npz,high_quality_architectural/12480/Floor-1,6,"0,1,3,4,5,7,8",7,24080,24080,256x256,256x256,True,kept,True,,
high_quality_architectural_12482_Floor-1.npz,high_quality_architectural/12482/Floor-1,2,"0,1,2,4,8",5,28359,28359,256x256,256x256,False,room_count_below_min,False,,
high_quality_architectural_12483_Floor-1.npz,high_quality_architectural/12483/Floor-1,2,"0,1,2,3,4,5,8",7,25914,25914,256x256,256x256,False,room_count_below_min,False,,
high_quality_architectural_12487_Floor-1.npz,high_quality_architectural/12487/Floor-1,7,"0,1,2,3,4,5,7,8",8,17861,17861,256x256,256x256,True,kept,True,,
high_quality_architectural_12487_Floor-2.npz,high_quality_architectural/12487/Floor-2,4,"0,3,4,7,8",5,10693,10693,256x256,256x256,True,kept,True,,
high_quality_architectural_12489_Floor-1.npz,high_quality_architectural/12489/Floor-1,1,"0,7,8",3,6181,6181,256x256,256x256,False,room_count_below_min,False,,
high_quality_architectural_12489_Floor-2.npz,high_quality_architectural/12489/Floor-2,8,"0,1,2,3,4,5,6,7,8",9,14067,14067,256x256,256x256,True,kept,True,,
high_quality_architectural_12497_Floor-1.npz,high_quality_architectural/12497/Floor-1,8,"0,1,2,3,4,7,8",7,35542,35542,256x256,256x256,True,kept,True,,
high_quality_architectural_12501_Floor-1.npz,high_quality_architectural/12501/Floor-1,0,"0,8",2,5305,5305,256x256,256x256,False,room_count_below_min,False,,
high_quality_architectural_12504_Floor-1.npz,high_quality_architectural/12504/Floor-1,4,"0,3,4,5,8",5,21856,21856,256x256,256x256,True,kept,True,,
high_quality_architectural_12505_Floor-1.npz,high_quality_architectural/12505/Floor-1,13,"0,1,2,3,4,5,7,8",8,38515,38515,256x256,256x256,True,kept,True,,
high_quality_architectural_12507_Floor-1.npz,high_quality_architectural/12507/Floor-1,2,"0,1,2,3,5,8",6,19690,19690,256x256,256x256,False,room_count_below_min,False,,
high_quality_architectural_12509_Floor-1.npz,high_quality_architectural/12509/Floor-1,4,"0,1,2,3,5,8",6,2701,2701,256x256,256x256,True,kept,True,,
high_quality_architectural_12509_Floor-2.npz,high_quality_architectural/12509/Floor-2,8,"0,1,2,3,5,8",6,5749,5749,256x256,256x256,True,kept,True,,
high_quality_architectural_12512_Floor-1.npz,high_quality_architectural/12512/Floor-1,4,"0,3,4,7,8",5,7648,7648,256x256,256x256,True,kept,True,,
high_quality_architectural_12512_Floor-2.npz,high_quality_architectural/12512/Floor-2,4,"0,1,2,4,6,8",6,9534,9534,256x256,256x256,True,kept,True,,
high_quality_architectural_12513_Floor-1.npz,high_quality_architectural/12513/Floor-1,8,"0,1,2,4,5,6,7,8",8,25313,25313,256x256,256x256,True,kept,True,,
high_quality_architectural_12513_Floor-2.npz,high_quality_architectural/12513/Floor-2,6,"0,2,3,4,5,7,8",7,10684,10684,256x256,256x256,True,kept,True,,
high_quality_architectural_12516_Floor-1.npz,high_quality_architectural/12516/Floor-1,7,"0,1,2,4,5,8",6,32492,32492,256x256,256x256,True,kept,True,,
high_quality_architectural_12526_Floor-1.npz,high_quality_architectural/12526/Floor-1,6,"0,1,2,3,4,5,8",7,36577,36577,256x256,256x256,True,kept,True,,
high_quality_architectural_12527_Floor-1.npz,high_quality_architectural/12527/Floor-1,3,"0,1,2,5,7,8",6,19464,19464,256x256,256x256,True,kept,True,,
high_quality_architectural_12529_Floor-1.npz,high_quality_architectural/12529/Floor-1,5,"0,1,2,3,4,6,8",7,16887,16887,256x256,256x256,True,kept,True,,
high_quality_architectural_12529_Floor-2.npz,high_quality_architectural/12529/Floor-2,0,"0,8",2,1117,1117,256x256,256x256,False,room_count_below_min,False,,
high_quality_architectural_1252_Floor-1.npz,high_quality_architectural/1252/Floor-1,1,"0,7,8",3,3468,3468,256x256,256x256,False,room_count_below_min,False,,
high_quality_architectural_1252_Floor-2.npz,high_quality_architectural/1252/Floor-2,10,"0,2,3,4,7,8",6,16139,16139,256x256,256x256,True,kept,True,,
high_quality_architectural_12531_Floor-1.npz,high_quality_architectural/12531/Floor-1,4,"0,1,2,5,7,8",6,16989,16989,256x256,256x256,True,kept,True,,
high_quality_architectural_12531_Floor-2.npz,high_quality_architectural/12531/Floor-2,6,"0,3,4,5,7,8",6,10558,10558,256x256,256x256,True,kept,True,,
high_quality_architectural_12533_Floor-1.npz,high_quality_architectural/12533/Floor-1,3,"0,1,3,4,8",5,19866,19866,256x256,256x256,True,kept,True,,
high_quality_architectural_12534_Floor-1.npz,high_quality_architectural/12534/Floor-1,2,"0,1,2,3,5,8",6,33082,33082,256x256,256x256,False,room_count_below_min,False,,
high_quality_architectural_12535_Floor-1.npz,high_quality_architectural/12535/Floor-1,2,"0,1,2,3,4,8",6,32285,32285,256x256,256x256,False,room_count_below_min,False,,
high_quality_architectural_12536_Floor-1.npz,high_quality_architectural/12536/Floor-1,2,"0,1,2,3,4,5,8",7,32358,32358,256x256,256x256,False,room_count_below_min,False,,
high_quality_architectural_12537_Floor-1.npz,high_quality_architectural/12537/Floor-1,5,"0,1,2,3,4,7,8",7,36560,36560,256x256,256x256,True,kept,True,,
high_quality_architectural_12539_Floor-1.npz,high_quality_architectural/12539/Floor-1,4,"0,3,4,8",4,7464,7464,256x256,256x256,True,kept,True,,
high_quality_architectural_12539_Floor-2.npz,high_quality_architectural/12539/Floor-2,6,"0,1,2,3,4,5,7,8",8,13141,13141,256x256,256x256,True,kept,True,,
high_quality_architectural_12541_Floor-1.npz,high_quality_architectural/12541/Floor-1,2,"0,1,2,3,5,8",6,32096,32096,256x256,256x256,False,room_count_below_min,False,,
high_quality_architectural_12544_Floor-1.npz,high_quality_architectural/12544/Floor-1,3,"0,1,2,3,4,5,8",7,29400,29400,256x256,256x256,True,kept,True,,
high_quality_architectural_12545_Floor-1.npz,high_quality_architectural/12545/Floor-1,3,"0,1,2,3,4,5,8",7,36021,36021,256x256,256x256,True,kept,True,,
high_quality_architectural_12546_Floor-1.npz,high_quality_architectural/12546/Floor-1,5,"0,1,2,3,4,5,8",7,29523,29523,256x256,256x256,True,kept,True,,
high_quality_architectural_12549_Floor-1.npz,high_quality_architectural/12549/Floor-1,5,"0,1,2,3,4,5,8",7,28543,28543,256x256,256x256,True,kept,True,,
high_quality_architectural_12555_Floor-1.npz,high_quality_architectural/12555/Floor-1,4,"0,1,2,3,5,7,8",7,36511,36511,256x256,256x256,True,kept,True,,
high_quality_architectural_12556_Floor-1.npz,high_quality_architectural/12556/Floor-1,3,"0,2,4,7,8",5,39747,39747,256x256,256x256,True,kept,True,,
high_quality_architectural_12558_Floor-1.npz,high_quality_architectural/12558/Floor-1,6,"0,3,4,5,7,8",6,16986,16986,256x256,256x256,True,kept,True,,
high_quality_architectural_12558_Floor-2.npz,high_quality_architectural/12558/Floor-2,4,"0,1,2,5,8",5,13226,13226,256x256,256x256,True,kept,True,,
high_quality_architectural_12561_Floor-1.npz,high_quality_architectural/12561/Floor-1,3,"0,1,3,4,8",5,16297,16297,256x256,256x256,True,kept,True,,
high_quality_architectural_12563_Floor-1.npz,high_quality_architectural/12563/Floor-1,5,"0,1,2,3,4,5,7,8",8,50740,50740,256x256,256x256,True,kept,True,,
high_quality_architectural_12566_Floor-1.npz,high_quality_architectural/12566/Floor-1,10,"0,1,2,3,4,5,7,8",8,27089,27089,256x256,256x256,True,kept,True,,
high_quality_architectural_12568_Floor-1.npz,high_quality_architectural/12568/Floor-1,3,"0,1,2,4,7,8",6,11841,11841,256x256,256x256,True,kept,True,,
high_quality_architectural_12568_Floor-2.npz,high_quality_architectural/12568/Floor-2,4,"0,2,4,8",4,11435,11435,256x256,256x256,True,kept,True,,
high_quality_architectural_12569_Floor-1.npz,high_quality_architectural/12569/Floor-1,0,"0,8",2,4337,4337,256x256,256x256,False,room_count_below_min,False,,
high_quality_architectural_12573_Floor-1.npz,high_quality_architectural/12573/Floor-1,4,"0,1,2,3,4,5,8",7,24162,24162,256x256,256x256,True,kept,True,,
high_quality_architectural_12574_Floor-1.npz,high_quality_architectural/12574/Floor-1,3,"0,1,2,3,4,8",6,35471,35471,256x256,256x256,True,kept,True,,
high_quality_architectural_12575_Floor-1.npz,high_quality_architectural/12575/Floor-1,3,"0,1,2,3,4,8",6,30356,30356,256x256,256x256,True,kept,True,,
high_quality_architectural_12576_Floor-1.npz,high_quality_architectural/12576/Floor-1,3,"0,1,3,4,5,8",6,28418,28418,256x256,256x256,True,kept,True,,
high_quality_architectural_12577_Floor-1.npz,high_quality_architectural/12577/Floor-1,3,"0,1,2,3,4,5,8",7,30797,30797,256x256,256x256,True,kept,True,,
high_quality_architectural_12578_Floor-1.npz,high_quality_architectural/12578/Floor-1,1,"0,1,2,5,7,8",6,38176,38176,256x256,256x256,False,room_count_below_min,False,,
high_quality_architectural_12579_Floor-1.npz,high_quality_architectural/12579/Floor-1,4,"0,2,3,4,5,8",6,33536,33536,256x256,256x256,True,kept,True,,
high_quality_architectural_12580_Floor-1.npz,high_quality_architectural/12580/Floor-1,3,"0,1,2,3,4,5,8",7,36128,36128,256x256,256x256,True,kept,True,,
high_quality_architectural_12581_Floor-1.npz,high_quality_architectural/12581/Floor-1,3,"0,2,3,4,5,8",6,38181,38181,256x256,256x256,True,kept,True,,
high_quality_architectural_12582_Floor-1.npz,high_quality_architectural/12582/Floor-1,3,"0,1,2,3,4,5,8",7,36890,36890,256x256,256x256,True,kept,True,,
high_quality_architectural_12583_Floor-1.npz,high_quality_architectural/12583/Floor-1,3,"0,1,2,3,5,8",6,35190,35190,256x256,256x256,True,kept,True,,
high_quality_architectural_12584_Floor-1.npz,high_quality_architectural/12584/Floor-1,3,"0,1,4,5,7,8",6,28475,28475,256x256,256x256,True,kept,True,,
high_quality_architectural_12585_Floor-1.npz,high_quality_architectural/12585/Floor-1,4,"0,2,3,4,5,8",6,31666,31666,256x256,256x256,True,kept,True,,
high_quality_architectural_12586_Floor-1.npz,high_quality_architectural/12586/Floor-1,3,"0,1,2,3,4,8",6,35164,35164,256x256,256x256,True,kept,True,,
high_quality_architectural_12588_Floor-1.npz,high_quality_architectural/12588/Floor-1,15,"0,1,2,3,4,5,6,7,8",9,22101,22101,256x256,256x256,True,kept,True,,
high_quality_architectural_12592_Floor-1.npz,high_quality_architectural/12592/Floor-1,3,"0,1,2,3,8",5,39298,39298,256x256,256x256,True,kept,True,,
high_quality_architectural_12596_Floor-1.npz,high_quality_architectural/12596/Floor-1,8,"0,1,3,4,5,7,8",7,48746,48746,256x256,256x256,True,kept,True,,
high_quality_architectural_12597_Floor-1.npz,high_quality_architectural/12597/Floor-1,6,"0,1,2,3,4,5,6,7,8",9,27869,27869,256x256,256x256,True,kept,True,,
high_quality_architectural_12598_Floor-1.npz,high_quality_architectural/12598/Floor-1,9,"0,1,2,3,4,5,6,7,8",9,44670,44670,256x256,256x256,True,kept,True,,
high_quality_architectural_12599_Floor-1.npz,high_quality_architectural/12599/Floor-1,2,"0,1,2,4,5,8",6,31187,31187,256x256,256x256,False,room_count_below_min,False,,
high_quality_architectural_12605_Floor-1.npz,high_quality_architectural/12605/Floor-1,15,"0,1,2,3,4,5,7,8",8,41117,41117,256x256,256x256,True,kept,True,,
high_quality_architectural_12611_Floor-1.npz,high_quality_architectural/12611/Floor-1,8,"0,1,2,3,4,5,8",7,30962,30962,256x256,256x256,True,kept,True,,
high_quality_architectural_12616_Floor-1.npz,high_quality_architectural/12616/Floor-1,4,"0,1,2,4,7,8",6,30781,30781,256x256,256x256,True,kept,True,,
high_quality_architectural_12617_Floor-1.npz,high_quality_architectural/12617/Floor-1,4,"0,1,4,5,7,8",6,19506,19506,256x256,256x256,True,kept,True,,
high_quality_architectural_12620_Floor-1.npz,high_quality_architectural/12620/Floor-1,10,"0,1,3,4,5,6,7,8",8,29264,29264,256x256,256x256,True,kept,True,,
high_quality_architectural_12628_Floor-1.npz,high_quality_architectural/12628/Floor-1,7,"0,2,3,4,5,7,8",7,26075,26075,256x256,256x256,True,kept,True,,
high_quality_architectural_12632_Floor-1.npz,high_quality_architectural/12632/Floor-1,7,"0,1,2,3,4,5,7,8",8,30380,30380,256x256,256x256,True,kept,True,,
high_quality_architectural_12635_Floor-1.npz,high_quality_architectural/12635/Floor-1,6,"0,1,2,3,4,5,7,8",8,38064,38064,256x256,256x256,True,kept,True,,
high_quality_architectural_12638_Floor-1.npz,high_quality_architectural/12638/Floor-1,4,"0,1,2,3,5,7,8",7,47800,47800,256x256,256x256,True,kept,True,,
high_quality_architectural_12639_Floor-1.npz,high_quality_architectural/12639/Floor-1,5,"0,1,2,3,4,7,8",7,33040,33040,256x256,256x256,True,kept,True,,
high_quality_architectural_12642_Floor-1.npz,high_quality_architectural/12642/Floor-1,5,"0,1,2,3,4,7,8",7,30631,30631,256x256,256x256,True,kept,True,,
high_quality_architectural_12643_Floor-1.npz,high_quality_architectural/12643/Floor-1,4,"0,2,3,4,5,7,8",7,31361,31361,256x256,256x256,True,kept,True,,
high_quality_architectural_12644_Floor-1.npz,high_quality_architectural/12644/Floor-1,4,"0,1,2,4,5,7,8",7,40002,40002,256x256,256x256,True,kept,True,,
high_quality_architectural_1264_Floor-1.npz,high_quality_architectural/1264/Floor-1,10,"0,1,2,4,5,7,8",7,33776,33776,256x256,256x256,True,kept,True,,
high_quality_architectural_12652_Floor-1.npz,high_quality_architectural/12652/Floor-1,4,"0,1,2,3,4,5,8",7,32418,32418,256x256,256x256,True,kept,True,,
high_quality_architectural_12654_Floor-1.npz,high_quality_architectural/12654/Floor-1,7,"0,1,2,3,4,5,6,7,8",9,45564,45564,256x256,256x256,True,kept,True,,
high_quality_architectural_12661_Floor-1.npz,high_quality_architectural/12661/Floor-1,0,0,1,0,0,256x256,256x256,False,room_count_below_min,False,,
high_quality_architectural_12661_Floor-2.npz,high_quality_architectural/12661/Floor-2,7,"0,1,2,3,4,5,7,8",8,16134,16134,256x256,256x256,True,kept,True,,
high_quality_architectural_12665_Floor-1.npz,high_quality_architectural/12665/Floor-1,7,"0,1,2,4,5,7,8",7,23874,23874,256x256,256x256,True,kept,True,,
high_quality_architectural_1266_Floor-1.npz,high_quality_architectural/1266/Floor-1,9,"0,1,2,3,4,5,7,8",8,43056,43056,256x256,256x256,True,kept,True,,
high_quality_architectural_12672_Floor-1.npz,high_quality_architectural/12672/Floor-1,3,"0,1,3,4,5,8",6,24243,24243,256x256,256x256,True,kept,True,,
high_quality_architectural_12675_Floor-1.npz,high_quality_architectural/12675/Floor-1,3,"0,1,2,3,7,8",6,48796,48796,256x256,256x256,True,kept,True,,
high_quality_architectural_12676_Floor-1.npz,high_quality_architectural/12676/Floor-1,0,"0,8",2,7439,7439,256x256,256x256,False,room_count_below_min,False,,
high_quality_architectural_12677_Floor-1.npz,high_quality_architectural/12677/Floor-1,3,"0,2,3,4,5,8",6,40458,40458,256x256,256x256,True,kept,True,,
high_quality_architectural_12684_Floor-1.npz,high_quality_architectural/12684/Floor-1,5,"0,1,2,3,4,5,8",7,23140,23140,256x256,256x256,True,kept,True,,
high_quality_architectural_12688_Floor-1.npz,high_quality_architectural/12688/Floor-1,9,"0,1,3,4,5,6,7,8",8,22714,22714,256x256,256x256,True,kept,True,,
high_quality_architectural_12689_Floor-1.npz,high_quality_architectural/12689/Floor-1,4,"0,1,2,3,4,5,8",7,21466,21466,256x256,256x256,True,kept,True,,
high_quality_architectural_12696_Floor-1.npz,high_quality_architectural/12696/Floor-1,8,"0,1,2,3,4,5,7,8",8,45794,45794,256x256,256x256,True,kept,True,,
high_quality_architectural_12698_Floor-1.npz,high_quality_architectural/12698/Floor-1,3,"0,1,2,4,5,8",6,28622,28622,256x256,256x256,True,kept,True,,
high_quality_architectural_12699_Floor-1.npz,high_quality_architectural/12699/Floor-1,6,"0,1,2,4,5,7,8",7,48962,48962,256x256,256x256,True,kept,True,,
high_quality_architectural_1269_Floor-1.npz,high_quality_architectural/1269/Floor-1,12,"0,1,2,3,4,5,6,7,8",9,16049,16049,256x256,256x256,True,kept,True,,
high_quality_architectural_1269_Floor-2.npz,high_quality_architectural/1269/Floor-2,3,"0,2,3,8",4,8021,8021,256x256,256x256,True,kept,True,,
high_quality_architectural_12700_Floor-1.npz,high_quality_architectural/12700/Floor-1,2,"0,1,2,5,8",5,32217,32217,256x256,256x256,False,room_count_below_min,False,,
high_quality_architectural_12701_Floor-1.npz,high_quality_architectural/12701/Floor-1,10,"0,2,3,4,5,7,8",7,17570,17570,256x256,256x256,True,kept,True,,
high_quality_architectural_12701_Floor-2.npz,high_quality_architectural/12701/Floor-2,7,"0,1,2,3,4,5,6,7,8",9,19828,19828,256x256,256x256,True,kept,True,,
high_quality_architectural_12707_Floor-1.npz,high_quality_architectural/12707/Floor-1,2,"0,1,2,3,5,8",6,36238,36238,256x256,256x256,False,room_count_below_min,False,,
high_quality_architectural_12708_Floor-1.npz,high_quality_architectural/12708/Floor-1,3,"0,1,2,3,5,8",6,30705,30705,256x256,256x256,True,kept,True,,
high_quality_architectural_1270_Floor-1.npz,high_quality_architectural/1270/Floor-1,7,"0,2,3,4,5,7,8",7,23413,23413,256x256,256x256,True,kept,True,,
high_quality_architectural_12710_Floor-1.npz,high_quality_architectural/12710/Floor-1,2,"0,1,3,5,8",5,35034,35034,256x256,256x256,False,room_count_below_min,False,,
high_quality_architectural_12711_Floor-1.npz,high_quality_architectural/12711/Floor-1,2,"0,1,3,5,8",5,23820,23820,256x256,256x256,False,room_count_below_min,False,,
high_quality_architectural_12712_Floor-1.npz,high_quality_architectural/12712/Floor-1,4,"0,1,2,3,5,8",6,33003,33003,256x256,256x256,True,kept,True,,
high_quality_architectural_12716_Floor-1.npz,high_quality_architectural/12716/Floor-1,15,"0,1,2,3,4,5,6,7,8",9,17127,17127,256x256,256x256,True,kept,True,,
high_quality_architectural_12716_Floor-2.npz,high_quality_architectural/12716/Floor-2,4,"0,4,5,7,8",5,6043,6043,256x256,256x256,True,kept,True,,
high_quality_architectural_12725_Floor-1.npz,high_quality_architectural/12725/Floor-1,7,"0,1,2,3,4,5,7,8",8,35314,35314,256x256,256x256,True,kept,True,,
high_quality_architectural_12727_Floor-1.npz,high_quality_architectural/12727/Floor-1,12,"0,1,2,3,4,5,7,8",8,23376,23376,256x256,256x256,True,kept,True,,
high_quality_architectural_12732_Floor-1.npz,high_quality_architectural/12732/Floor-1,1,"0,1,2,8",4,23041,23041,256x256,256x256,False,room_count_below_min,False,,
high_quality_architectural_12734_Floor-1.npz,high_quality_architectural/12734/Floor-1,4,"0,2,3,4,5,7,8",7,17460,17460,256x256,256x256,True,kept,True,,
high_quality_architectural_12735_Floor-1.npz,high_quality_architectural/12735/Floor-1,0,"0,8",2,6069,6069,256x256,256x256,False,room_count_below_min,False,,
high_quality_architectural_12743_Floor-1.npz,high_quality_architectural/12743/Floor-1,6,"0,1,2,3,4,5,8",7,31141,31141,256x256,256x256,True,kept,True,,
high_quality_architectural_12745_Floor-1.npz,high_quality_architectural/12745/Floor-1,5,"0,1,2,3,4,5,7,8",8,30822,30822,256x256,256x256,True,kept,True,,
high_quality_architectural_12747_Floor-1.npz,high_quality_architectural/12747/Floor-1,4,"0,1,2,4,5,8",6,34075,34075,256x256,256x256,True,kept,True,,
high_quality_architectural_12748_Floor-1.npz,high_quality_architectural/12748/Floor-1,3,"0,1,3,5,8",5,14124,14124,256x256,256x256,True,kept,True,,
high_quality_architectural_12750_Floor-1.npz,high_quality_architectural/12750/Floor-1,5,"0,2,3,4,5,7,8",7,17834,17834,256x256,256x256,True,kept,True,,
high_quality_architectural_12751_Floor-1.npz,high_quality_architectural/12751/Floor-1,7,"0,4,5,7,8",5,10965,10965,256x256,256x256,True,kept,True,,
high_quality_architectural_12751_Floor-2.npz,high_quality_architectural/12751/Floor-2,3,"0,1,2,4,8",5,8916,8916,256x256,256x256,True,kept,True,,
high_quality_architectural_12751_Floor-3.npz,high_quality_architectural/12751/Floor-3,7,"0,3,4,5,8",5,11386,11386,256x256,256x256,True,kept,True,,
high_quality_architectural_12756_Floor-1.npz,high_quality_architectural/12756/Floor-1,9,"0,1,2,4,5,6,7,8",8,32677,32677,256x256,256x256,True,kept,True,,
high_quality_architectural_12757_Floor-1.npz,high_quality_architectural/12757/Floor-1,2,"0,1,2,4,5,8",6,32749,32749,256x256,256x256,False,room_count_below_min,False,,
high_quality_architectural_12770_Floor-1.npz,high_quality_architectural/12770/Floor-1,5,"0,2,4,5,8",5,21237,21237,256x256,256x256,True,kept,True,,
high_quality_architectural_12777_Floor-1.npz,high_quality_architectural/12777/Floor-1,7,"0,1,2,3,4,5,6,7,8",9,33288,33288,256x256,256x256,True,kept,True,,
high_quality_architectural_12780_Floor-1.npz,high_quality_architectural/12780/Floor-1,11,"0,1,2,3,4,5,7,8",8,15500,15500,256x256,256x256,True,kept,True,,
high_quality_architectural_12781_Floor-1.npz,high_quality_architectural/12781/Floor-1,5,"0,2,3,5,6,7,8",7,34151,34151,256x256,256x256,True,kept,True,,
high_quality_architectural_12782_Floor-1.npz,high_quality_architectural/12782/Floor-1,5,"0,1,2,3,4,5,8",7,33558,33558,256x256,256x256,True,kept,True,,
high_quality_architectural_12783_Floor-1.npz,high_quality_architectural/12783/Floor-1,4,"0,2,4,5,7,8",6,10066,10066,256x256,256x256,True,kept,True,,
high_quality_architectural_12783_Floor-2.npz,high_quality_architectural/12783/Floor-2,3,"0,1,2,5,8",5,15722,15722,256x256,256x256,True,kept,True,,
high_quality_architectural_12786_Floor-1.npz,high_quality_architectural/12786/Floor-1,4,"0,1,2,3,4,5,7,8",8,19861,19861,256x256,256x256,True,kept,True,,
high_quality_architectural_12789_Floor-1.npz,high_quality_architectural/12789/Floor-1,0,"0,8",2,5461,5461,256x256,256x256,False,room_count_below_min,False,,
high_quality_architectural_12794_Floor-1.npz,high_quality_architectural/12794/Floor-1,8,"0,1,3,4,5,7,8",7,31850,31850,256x256,256x256,True,kept,True,,
high_quality_architectural_12795_Floor-1.npz,high_quality_architectural/12795/Floor-1,3,"0,1,2,3,5,6,8",7,32934,32934,256x256,256x256,True,kept,True,,
high_quality_architectural_12796_Floor-1.npz,high_quality_architectural/12796/Floor-1,10,"0,1,2,4,5,7,8",7,29427,29427,256x256,256x256,True,kept,True,,
high_quality_architectural_12799_Floor-1.npz,high_quality_architectural/12799/Floor-1,2,"0,1,2,5,8",5,33722,33722,256x256,256x256,False,room_count_below_min,False,,
high_quality_architectural_1279_Floor-1.npz,high_quality_architectural/1279/Floor-1,9,"0,1,2,3,4,5,8",7,36715,36715,256x256,256x256,True,kept,True,,
high_quality_architectural_12800_Floor-1.npz,high_quality_architectural/12800/Floor-1,8,"0,1,2,3,4,5,7,8",8,39525,39525,256x256,256x256,True,kept,True,,
high_quality_architectural_12804_Floor-1.npz,high_quality_architectural/12804/Floor-1,4,"0,1,2,3,4,5,7,8",8,33695,33695,256x256,256x256,True,kept,True,,
high_quality_architectural_1280_Floor-1.npz,high_quality_architectural/1280/Floor-1,10,"0,2,3,4,5,7,8",7,23451,23451,256x256,256x256,True,kept,True,,
high_quality_architectural_12813_Floor-1.npz,high_quality_architectural/12813/Floor-1,9,"0,1,2,3,4,5,6,7,8",9,24365,24365,256x256,256x256,True,kept,True,,
high_quality_architectural_12813_Floor-2.npz,high_quality_architectural/12813/Floor-2,4,"0,3,4,7,8",5,5888,5888,256x256,256x256,True,kept,True,,
high_quality_architectural_12815_Floor-1.npz,high_quality_architectural/12815/Floor-1,6,"0,1,2,3,4,5,7,8",8,43545,43545,256x256,256x256,True,kept,True,,
high_quality_architectural_12819_Floor-1.npz,high_quality_architectural/12819/Floor-1,4,"0,1,2,3,4,5,8",7,38491,38491,256x256,256x256,True,kept,True,,
high_quality_architectural_12821_Floor-1.npz,high_quality_architectural/12821/Floor-1,3,"0,2,3,4,8",5,40862,40862,256x256,256x256,True,kept,True,,
high_quality_architectural_12823_Floor-1.npz,high_quality_architectural/12823/Floor-1,9,"0,1,3,4,5,7,8",7,29574,29574,256x256,256x256,True,kept,True,,
high_quality_architectural_12828_Floor-1.npz,high_quality_architectural/12828/Floor-1,5,"0,2,4,5,7,8",6,11480,11480,256x256,256x256,True,kept,True,,
high_quality_architectural_12828_Floor-2.npz,high_quality_architectural/12828/Floor-2,4,"0,3,5,8",4,13638,13638,256x256,256x256,True,kept,True,,
high_quality_architectural_12834_Floor-1.npz,high_quality_architectural/12834/Floor-1,11,"0,3,4,5,7,8",6,12029,12029,256x256,256x256,True,kept,True,,
high_quality_architectural_12834_Floor-2.npz,high_quality_architectural/12834/Floor-2,5,"0,1,2,4,6,7,8",7,6676,6676,256x256,256x256,True,kept,True,,
high_quality_architectural_12841_Floor-1.npz,high_quality_architectural/12841/Floor-1,5,"0,1,3,5,7,8",6,28176,28176,256x256,256x256,True,kept,True,,
high_quality_architectural_12844_Floor-1.npz,high_quality_architectural/12844/Floor-1,4,"0,1,3,7,8",5,19872,19872,256x256,256x256,True,kept,True,,
high_quality_architectural_12845_Floor-1.npz,high_quality_architectural/12845/Floor-1,1,"0,1,2,5,7,8",6,21911,21911,256x256,256x256,False,room_count_below_min,False,,
high_quality_architectural_1284_Floor-1.npz,high_quality_architectural/1284/Floor-1,7,"0,1,2,3,4,5,7,8",8,34527,34527,256x256,256x256,True,kept,True,,
high_quality_architectural_12851_Floor-1.npz,high_quality_architectural/12851/Floor-1,1,"0,2,8",3,22168,22168,256x256,256x256,False,room_count_below_min,False,,
high_quality_architectural_12852_Floor-1.npz,high_quality_architectural/12852/Floor-1,1,"0,1,2,5,8",5,26070,26070,256x256,256x256,False,room_count_below_min,False,,
high_quality_architectural_12859_Floor-1.npz,high_quality_architectural/12859/Floor-1,3,"0,1,2,4,5,8",6,20387,20387,256x256,256x256,True,kept,True,,
high_quality_architectural_1285_Floor-1.npz,high_quality_architectural/1285/Floor-1,4,"0,1,3,7,8",5,17068,17068,256x256,256x256,True,kept,True,,
high_quality_architectural_1285_Floor-2.npz,high_quality_architectural/1285/Floor-2,5,"0,3,4,7,8",5,15828,15828,256x256,256x256,True,kept,True,,
high_quality_architectural_12860_Floor-1.npz,high_quality_architectural/12860/Floor-1,5,"0,1,3,4,5,7,8",7,28160,28160,256x256,256x256,True,kept,True,,
high_quality_architectural_12864_Floor-1.npz,high_quality_architectural/12864/Floor-1,4,"0,1,2,3,4,7,8",7,32500,32500,256x256,256x256,True,kept,True,,
high_quality_architectural_12865_Floor-1.npz,high_quality_architectural/12865/Floor-1,6,"0,1,2,3,4,7,8",7,34049,34049,256x256,256x256,True,kept,True,,
high_quality_architectural_12867_Floor-1.npz,high_quality_architectural/12867/Floor-1,7,"0,2,3,4,5,8",6,47075,47075,256x256,256x256,True,kept,True,,
high_quality_architectural_12868_Floor-1.npz,high_quality_architectural/12868/Floor-1,3,"0,2,3,4,5,8",6,32073,32073,256x256,256x256,True,kept,True,,
high_quality_architectural_12869_Floor-1.npz,high_quality_architectural/12869/Floor-1,6,"0,1,2,3,4,5,7,8",8,13713,13713,256x256,256x256,True,kept,True,,
high_quality_architectural_12869_Floor-2.npz,high_quality_architectural/12869/Floor-2,1,"0,3,8",3,4970,4970,256x256,256x256,False,room_count_below_min,False,,
high_quality_architectural_1286_Floor-1.npz,high_quality_architectural/1286/Floor-1,7,"0,1,2,3,4,5,7,8",8,18372,18372,256x256,256x256,True,kept,True,,
high_quality_architectural_1286_Floor-2.npz,high_quality_architectural/1286/Floor-2,4,"0,2,3,4,8",5,11377,11377,256x256,256x256,True,kept,True,,
high_quality_architectural_12875_Floor-1.npz,high_quality_architectural/12875/Floor-1,12,"0,1,2,3,4,7,8",7,32568,32568,256x256,256x256,True,kept,True,,
high_quality_architectural_12878_Floor-1.npz,high_quality_architectural/12878/Floor-1,5,"0,2,3,4,5,7,8",7,31357,31357,256x256,256x256,True,kept,True,,
high_quality_architectural_12879_Floor-1.npz,high_quality_architectural/12879/Floor-1,4,"0,2,4,5,7,8",6,39931,39931,256x256,256x256,True,kept,True,,
high_quality_architectural_12880_Floor-1.npz,high_quality_architectural/12880/Floor-1,5,"0,1,2,3,5,7,8",7,28935,28935,256x256,256x256,True,kept,True,,
high_quality_architectural_12883_Floor-1.npz,high_quality_architectural/12883/Floor-1,12,"0,1,2,3,4,5,7,8",8,30208,30208,256x256,256x256,True,kept,True,,
high_quality_architectural_12884_Floor-1.npz,high_quality_architectural/12884/Floor-1,4,"0,1,2,4,5,7,8",7,39151,39151,256x256,256x256,True,kept,True,,
high_quality_architectural_12886_Floor-1.npz,high_quality_architectural/12886/Floor-1,2,"0,2,3,5,8",5,31657,31657,256x256,256x256,False,room_count_below_min,False,,
high_quality_architectural_12888_Floor-1.npz,high_quality_architectural/12888/Floor-1,10,"0,1,2,3,4,5,6,7,8",9,30882,30882,256x256,256x256,True,kept,True,,
high_quality_architectural_12889_Floor-1.npz,high_quality_architectural/12889/Floor-1,8,"0,1,2,3,4,5,7,8",8,35085,35085,256x256,256x256,True,kept,True,,
high_quality_architectural_12890_Floor-1.npz,high_quality_architectural/12890/Floor-1,7,"0,1,2,3,4,5,7,8",8,35007,35007,256x256,256x256,True,kept,True,,
high_quality_architectural_12891_Floor-1.npz,high_quality_architectural/12891/Floor-1,8,"0,1,2,3,4,5,7,8",8,31535,31535,256x256,256x256,True,kept,True,,
high_quality_architectural_12903_Floor-1.npz,high_quality_architectural/12903/Floor-1,7,"0,1,2,4,7,8",6,29030,29030,256x256,256x256,True,kept,True,,
high_quality_architectural_12906_Floor-1.npz,high_quality_architectural/12906/Floor-1,5,"0,1,2,3,4,5,8",7,38650,38650,256x256,256x256,True,kept,True,,
high_quality_architectural_12912_Floor-1.npz,high_quality_architectural/12912/Floor-1,7,"0,4,7,8",4,9346,9346,256x256,256x256,True,kept,True,,
high_quality_architectural_12912_Floor-2.npz,high_quality_architectural/12912/Floor-2,7,"0,1,2,3,4,5,6,7,8",9,18344,18344,256x256,256x256,True,kept,True,,
high_quality_architectural_12913_Floor-1.npz,high_quality_architectural/12913/Floor-1,3,"0,1,2,4,8",5,42985,42985,256x256,256x256,True,kept,True,,
high_quality_architectural_12914_Floor-1.npz,high_quality_architectural/12914/Floor-1,3,"0,1,2,3,5,7,8",7,23171,23171,256x256,256x256,True,kept,True,,
high_quality_architectural_12918_Floor-1.npz,high_quality_architectural/12918/Floor-1,6,"0,1,2,3,5,6,7,8",8,29716,29716,256x256,256x256,True,kept,True,,
high_quality_architectural_12922_Floor-1.npz,high_quality_architectural/12922/Floor-1,9,"0,1,2,3,4,5,7,8",8,24610,24610,256x256,256x256,True,kept,True,,
high_quality_architectural_12930_Floor-1.npz,high_quality_architectural/12930/Floor-1,3,"0,1,2,4,5,7,8",7,14483,14483,256x256,256x256,True,kept,True,,
high_quality_architectural_12930_Floor-2.npz,high_quality_architectural/12930/Floor-2,4,"0,3,4,8",4,11723,11723,256x256,256x256,True,kept,True,,
high_quality_architectural_12931_Floor-1.npz,high_quality_architectural/12931/Floor-1,8,"0,1,2,4,5,6,7,8",8,11246,11246,256x256,256x256,True,kept,True,,
high_quality_architectural_12931_Floor-2.npz,high_quality_architectural/12931/Floor-2,8,"0,2,3,4,7,8",6,10002,10002,256x256,256x256,True,kept,True,,
high_quality_architectural_12939_Floor-1.npz,high_quality_architectural/12939/Floor-1,3,"0,1,2,4,7,8",6,19382,19382,256x256,256x256,True,kept,True,,
high_quality_architectural_1293_Floor-1.npz,high_quality_architectural/1293/Floor-1,3,"0,1,2,3,5,8",6,39347,39347,256x256,256x256,True,kept,True,,
high_quality_architectural_12941_Floor-1.npz,high_quality_architectural/12941/Floor-1,6,"0,1,2,3,4,5,8",7,35584,35584,256x256,256x256,True,kept,True,,
high_quality_architectural_12943_Floor-1.npz,high_quality_architectural/12943/Floor-1,2,"0,1,2,3,4,5,8",7,26472,26472,256x256,256x256,False,room_count_below_min,False,,
high_quality_architectural_12947_Floor-1.npz,high_quality_architectural/12947/Floor-1,5,"0,1,4,7,8",5,5242,5242,256x256,256x256,True,kept,True,,
high_quality_architectural_12947_Floor-2.npz,high_quality_architectural/12947/Floor-2,7,"0,1,2,3,4,5,7,8",8,8437,8437,256x256,256x256,True,kept,True,,
high_quality_architectural_12947_Floor-3.npz,high_quality_architectural/12947/Floor-3,4,"0,1,2,4,8",5,4219,4219,256x256,256x256,True,kept,True,,
high_quality_architectural_12949_Floor-1.npz,high_quality_architectural/12949/Floor-1,9,"0,1,2,3,4,5,7,8",8,32146,32146,256x256,256x256,True,kept,True,,
high_quality_architectural_12950_Floor-1.npz,high_quality_architectural/12950/Floor-1,4,"0,1,2,3,7,8",6,28239,28239,256x256,256x256,True,kept,True,,
high_quality_architectural_12951_Floor-1.npz,high_quality_architectural/12951/Floor-1,10,"0,1,2,3,4,5,7,8",8,34852,34852,256x256,256x256,True,kept,True,,
high_quality_architectural_12956_Floor-1.npz,high_quality_architectural/12956/Floor-1,2,"0,1,2,3,5,8",6,32028,32028,256x256,256x256,False,room_count_below_min,False,,
high_quality_architectural_12964_Floor-1.npz,high_quality_architectural/12964/Floor-1,7,"0,1,2,3,4,5,7,8",8,33045,33045,256x256,256x256,True,kept,True,,
high_quality_architectural_12965_Floor-1.npz,high_quality_architectural/12965/Floor-1,8,"0,1,3,4,5,7,8",7,21452,21452,256x256,256x256,True,kept,True,,
high_quality_architectural_12966_Floor-1.npz,high_quality_architectural/12966/Floor-1,4,"0,1,2,4,7,8",6,23119,23119,256x256,256x256,True,kept,True,,
high_quality_architectural_12967_Floor-1.npz,high_quality_architectural/12967/Floor-1,8,"0,1,3,4,5,7,8",7,10892,10892,256x256,256x256,True,kept,True,,
high_quality_architectural_12968_Floor-1.npz,high_quality_architectural/12968/Floor-1,11,"0,1,2,3,4,5,6,7,8",9,27418,27418,256x256,256x256,True,kept,True,,
high_quality_architectural_12969_Floor-1.npz,high_quality_architectural/12969/Floor-1,2,"0,1,4,5,8",5,21480,21480,256x256,256x256,False,room_count_below_min,False,,
high_quality_architectural_12975_Floor-1.npz,high_quality_architectural/12975/Floor-1,10,"0,1,2,3,4,5,7,8",8,36526,36526,256x256,256x256,True,kept,True,,
high_quality_architectural_12978_Floor-1.npz,high_quality_architectural/12978/Floor-1,4,"0,1,3,4,7,8",6,19830,19830,256x256,256x256,True,kept,True,,
high_quality_architectural_12979_Floor-1.npz,high_quality_architectural/12979/Floor-1,7,"0,1,2,3,4,5,8",7,17972,17972,256x256,256x256,True,kept,True,,
high_quality_architectural_12984_Floor-1.npz,high_quality_architectural/12984/Floor-1,3,"0,4,7,8",4,5136,5136,256x256,256x256,True,kept,True,,
high_quality_architectural_12_Floor-1.npz,high_quality_architectural/12/Floor-1,12,"0,2,3,4,5,7,8",7,11525,11525,256x256,256x256,True,kept,True,,
high_quality_architectural_12_Floor-2.npz,high_quality_architectural/12/Floor-2,5,"0,1,2,3,4,5,6,7,8",9,9189,9189,256x256,256x256,True,kept,True,,
high_quality_architectural_13003_Floor-1.npz,high_quality_architectural/13003/Floor-1,4,"0,1,2,4,5,8",6,13616,13616,256x256,256x256,True,kept,True,,
high_quality_architectural_13007_Floor-1.npz,high_quality_architectural/13007/Floor-1,4,"0,1,2,3,4,5,8",7,35604,35604,256x256,256x256,True,kept,True,,
high_quality_architectural_13009_Floor-1.npz,high_quality_architectural/13009/Floor-1,4,"0,1,2,3,4,8",6,23992,23992,256x256,256x256,True,kept,True,,
high_quality_architectural_13010_Floor-1.npz,high_quality_architectural/13010/Floor-1,3,"0,1,3,4,8",5,21326,21326,256x256,256x256,True,kept,True,,
high_quality_architectural_13011_Floor-1.npz,high_quality_architectural/13011/Floor-1,8,"0,2,3,4,5,7,8",7,28187,28187,256x256,256x256,True,kept,True,,
high_quality_architectural_13012_Floor-1.npz,high_quality_architectural/13012/Floor-1,8,"0,1,2,4,5,7,8",7,28602,28602,256x256,256x256,True,kept,True,,
high_quality_architectural_13016_Floor-1.npz,high_quality_architectural/13016/Floor-1,4,"0,1,3,4,5,6,8",7,22259,22259,256x256,256x256,True,kept,True,,
high_quality_architectural_13018_Floor-1.npz,high_quality_architectural/13018/Floor-1,4,"0,2,3,4,7,8",6,25259,25259,256x256,256x256,True,kept,True,,
high_quality_architectural_13020_Floor-1.npz,high_quality_architectural/13020/Floor-1,5,"0,1,2,4,7,8",6,20338,20338,256x256,256x256,True,kept,True,,
high_quality_architectural_13021_Floor-1.npz,high_quality_architectural/13021/Floor-1,6,"0,1,2,3,4,5,6,7,8",9,26129,26129,256x256,256x256,True,kept,True,,
high_quality_architectural_13028_Floor-1.npz,high_quality_architectural/13028/Floor-1,5,"0,1,2,3,5,7,8",7,23304,23304,256x256,256x256,True,kept,True,,
high_quality_architectural_13039_Floor-1.npz,high_quality_architectural/13039/Floor-1,5,"0,1,2,4,5,6,7,8",8,9685,9685,256x256,256x256,True,kept,True,,
high_quality_architectural_13039_Floor-2.npz,high_quality_architectural/13039/Floor-2,5,"0,2,4,5,8",5,11077,11077,256x256,256x256,True,kept,True,,
high_quality_architectural_13040_Floor-1.npz,high_quality_architectural/13040/Floor-1,6,"0,1,3,4,5,7,8",7,33693,33693,256x256,256x256,True,kept,True,,
high_quality_architectural_13044_Floor-1.npz,high_quality_architectural/13044/Floor-1,4,"0,4,5,7,8",5,2035,2035,256x256,256x256,True,kept,True,,
high_quality_architectural_13044_Floor-2.npz,high_quality_architectural/13044/Floor-2,3,"0,2,5,8",4,659,659,256x256,256x256,True,kept,True,,
high_quality_architectural_13047_Floor-1.npz,high_quality_architectural/13047/Floor-1,4,"0,1,2,4,5,6,8",7,41773,41773,256x256,256x256,True,kept,True,,
high_quality_architectural_13048_Floor-1.npz,high_quality_architectural/13048/Floor-1,11,"0,1,2,3,4,5,7,8",8,40986,40986,256x256,256x256,True,kept,True,,
high_quality_architectural_13052_Floor-1.npz,high_quality_architectural/13052/Floor-1,4,"0,1,2,3,4,8",6,32853,32853,256x256,256x256,True,kept,True,,
high_quality_architectural_13053_Floor-1.npz,high_quality_architectural/13053/Floor-1,5,"0,1,2,3,5,8",6,21225,21225,256x256,256x256,True,kept,True,,
high_quality_architectural_13054_Floor-1.npz,high_quality_architectural/13054/Floor-1,5,"0,1,2,3,4,8",6,30186,30186,256x256,256x256,True,kept,True,,
high_quality_architectural_13066_Floor-1.npz,high_quality_architectural/13066/Floor-1,6,"0,1,2,3,4,5,6,7,8",9,28371,28371,256x256,256x256,True,kept,True,,
high_quality_architectural_13069_Floor-1.npz,high_quality_architectural/13069/Floor-1,6,"0,2,4,7,8",5,7752,7752,256x256,256x256,True,kept,True,,
high_quality_architectural_13069_Floor-2.npz,high_quality_architectural/13069/Floor-2,6,"0,1,2,3,4,5,6,8",8,12160,12160,256x256,256x256,True,kept,True,,
high_quality_architectural_1306_Floor-1.npz,high_quality_architectural/1306/Floor-1,5,"0,1,3,4,5,7,8",7,37029,37029,256x256,256x256,True,kept,True,,
high_quality_architectural_13070_Floor-1.npz,high_quality_architectural/13070/Floor-1,4,"0,2,4,5,6,8",6,37364,37364,256x256,256x256,True,kept,True,,
high_quality_architectural_13071_Floor-1.npz,high_quality_architectural/13071/Floor-1,5,"0,1,3,4,5,6,8",7,19262,19262,256x256,256x256,True,kept,True,,
high_quality_architectural_13072_Floor-1.npz,high_quality_architectural/13072/Floor-1,6,"0,1,3,4,7,8",6,28408,28408,256x256,256x256,True,kept,True,,
high_quality_architectural_13073_Floor-1.npz,high_quality_architectural/13073/Floor-1,3,"0,2,3,4,5,8",6,32180,32180,256x256,256x256,True,kept,True,,
high_quality_architectural_13074_Floor-1.npz,high_quality_architectural/13074/Floor-1,4,"0,1,2,3,7,8",6,23537,23537,256x256,256x256,True,kept,True,,
high_quality_architectural_13075_Floor-1.npz,high_quality_architectural/13075/Floor-1,6,"0,2,3,4,5,7,8",7,27442,27442,256x256,256x256,True,kept,True,,
high_quality_architectural_13078_Floor-1.npz,high_quality_architectural/13078/Floor-1,10,"0,1,2,3,4,5,7,8",8,41863,41863,256x256,256x256,True,kept,True,,
high_quality_architectural_13083_Floor-1.npz,high_quality_architectural/13083/Floor-1,0,"0,8",2,5348,5348,256x256,256x256,False,room_count_below_min,False,,
high_quality_architectural_13086_Floor-1.npz,high_quality_architectural/13086/Floor-1,7,"0,1,2,3,4,5,6,7,8",9,47515,47515,256x256,256x256,True,kept,True,,
high_quality_architectural_1308_Floor-1.npz,high_quality_architectural/1308/Floor-1,3,"0,1,2,4,7,8",6,34622,34622,256x256,256x256,True,kept,True,,
high_quality_architectural_130_Floor-1.npz,high_quality_architectural/130/Floor-1,3,"0,1,2,3,4,5,8",7,35075,35075,256x256,256x256,True,kept,True,,
high_quality_architectural_13100_Floor-1.npz,high_quality_architectural/13100/Floor-1,1,"0,1,2,5,6,8",6,16988,16988,256x256,256x256,False,room_count_below_min,False,,
high_quality_architectural_13103_Floor-1.npz,high_quality_architectural/13103/Floor-1,10,"0,1,2,3,4,5,7,8",8,30958,30958,256x256,256x256,True,kept,True,,
high_quality_architectural_13105_Floor-1.npz,high_quality_architectural/13105/Floor-1,8,"0,1,3,4,5,7,8",7,16437,16437,256x256,256x256,True,kept,True,,
high_quality_architectural_13110_Floor-1.npz,high_quality_architectural/13110/Floor-1,8,"0,1,2,3,4,5,6,7,8",9,32577,32577,256x256,256x256,True,kept,True,,
high_quality_architectural_13113_Floor-1.npz,high_quality_architectural/13113/Floor-1,0,"0,8",2,7080,7080,256x256,256x256,False,room_count_below_min,False,,
high_quality_architectural_13118_Floor-1.npz,high_quality_architectural/13118/Floor-1,3,"0,1,2,4,8",5,20606,20606,256x256,256x256,True,kept,True,,
high_quality_architectural_13120_Floor-1.npz,high_quality_architectural/13120/Floor-1,1,"0,1,2,5,8",5,28828,28828,256x256,256x256,False,room_count_below_min,False,,
high_quality_architectural_13123_Floor-1.npz,high_quality_architectural/13123/Floor-1,7,"0,1,2,4,5,6,7,8",8,17629,17629,256x256,256x256,True,kept,True,,
high_quality_architectural_13123_Floor-2.npz,high_quality_architectural/13123/Floor-2,7,"0,3,4,5,7,8",6,13513,13513,256x256,256x256,True,kept,True,,
high_quality_architectural_13126_Floor-1.npz,high_quality_architectural/13126/Floor-1,5,"0,1,2,4,5,7,8",7,26965,26965,256x256,256x256,True,kept,True,,
high_quality_architectural_13129_Floor-1.npz,high_quality_architectural/13129/Floor-1,6,"0,2,3,4,7,8",6,26577,26577,256x256,256x256,True,kept,True,,
high_quality_architectural_13133_Floor-1.npz,high_quality_architectural/13133/Floor-1,7,"0,2,3,4,5,8",6,11956,11956,256x256,256x256,True,kept,True,,
high_quality_architectural_13135_Floor-1.npz,high_quality_architectural/13135/Floor-1,6,"0,2,4,7,8",5,19413,19413,256x256,256x256,True,kept,True,,
high_quality_architectural_13135_Floor-2.npz,high_quality_architectural/13135/Floor-2,8,"0,1,2,3,4,5,6,7,8",9,19644,19644,256x256,256x256,True,kept,True,,
high_quality_architectural_13136_Floor-1.npz,high_quality_architectural/13136/Floor-1,8,"0,1,2,3,4,5,7,8",8,39364,39364,256x256,256x256,True,kept,True,,
high_quality_architectural_13142_Floor-1.npz,high_quality_architectural/13142/Floor-1,10,"0,1,2,3,4,5,7,8",8,21603,21603,256x256,256x256,True,kept,True,,
high_quality_architectural_13146_Floor-1.npz,high_quality_architectural/13146/Floor-1,4,"0,1,2,4,5,8",6,29051,29051,256x256,256x256,True,kept,True,,
high_quality_architectural_13148_Floor-1.npz,high_quality_architectural/13148/Floor-1,4,"0,1,2,4,8",5,28318,28318,256x256,256x256,True,kept,True,,
high_quality_architectural_13153_Floor-1.npz,high_quality_architectural/13153/Floor-1,11,"0,1,2,3,4,5,7,8",8,28835,28835,256x256,256x256,True,kept,True,,
high_quality_architectural_13157_Floor-1.npz,high_quality_architectural/13157/Floor-1,11,"0,1,2,4,5,6,7,8",8,11934,11934,256x256,256x256,True,kept,True,,
high_quality_architectural_13157_Floor-2.npz,high_quality_architectural/13157/Floor-2,10,"0,2,3,4,7,8",6,10759,10759,256x256,256x256,True,kept,True,,
high_quality_architectural_1315_Floor-1.npz,high_quality_architectural/1315/Floor-1,6,"0,1,2,3,4,5,6,7,8",9,14412,14412,256x256,256x256,True,kept,True,,
high_quality_architectural_1315_Floor-2.npz,high_quality_architectural/1315/Floor-2,8,"0,3,4,5,7,8",6,13480,13480,256x256,256x256,True,kept,True,,
high_quality_architectural_13160_Floor-1.npz,high_quality_architectural/13160/Floor-1,5,"0,1,2,3,4,5,7,8",8,35176,35176,256x256,256x256,True,kept,True,,
high_quality_architectural_13161_Floor-1.npz,high_quality_architectural/13161/Floor-1,3,"0,1,3,4,5,8",6,38485,38485,256x256,256x256,True,kept,True,,
high_quality_architectural_13162_Floor-1.npz,high_quality_architectural/13162/Floor-1,7,"0,2,3,4,5,7,8",7,11636,11636,256x256,256x256,True,kept,True,,
high_quality_architectural_13163_Floor-1.npz,high_quality_architectural/13163/Floor-1,4,"0,1,2,3,8",5,36375,36375,256x256,256x256,True,kept,True,,
high_quality_architectural_13167_Floor-1.npz,high_quality_architectural/13167/Floor-1,2,"0,1,4,8",4,30842,30842,256x256,256x256,False,room_count_below_min,False,,
high_quality_architectural_13168_Floor-1.npz,high_quality_architectural/13168/Floor-1,4,"0,3,4,5,8",5,31523,31523,256x256,256x256,True,kept,True,,
high_quality_architectural_13169_Floor-1.npz,high_quality_architectural/13169/Floor-1,2,"0,1,2,5,8",5,22504,22504,256x256,256x256,False,room_count_below_min,False,,
high_quality_architectural_1316_Floor-1.npz,high_quality_architectural/1316/Floor-1,2,"0,1,2,4,5,8",6,27556,27556,256x256,256x256,False,room_count_below_min,False,,
high_quality_architectural_13171_Floor-1.npz,high_quality_architectural/13171/Floor-1,7,"0,1,3,4,5,7,8",7,32621,32621,256x256,256x256,True,kept,True,,
high_quality_architectural_13177_Floor-1.npz,high_quality_architectural/13177/Floor-1,5,"0,2,4,5,6,7,8",7,10642,10642,256x256,256x256,True,kept,True,,
high_quality_architectural_13177_Floor-2.npz,high_quality_architectural/13177/Floor-2,8,"0,3,4,5,7,8",6,10933,10933,256x256,256x256,True,kept,True,,
high_quality_architectural_13179_Floor-1.npz,high_quality_architectural/13179/Floor-1,6,"0,1,3,4,5,7,8",7,32101,32101,256x256,256x256,True,kept,True,,
high_quality_architectural_13180_Floor-1.npz,high_quality_architectural/13180/Floor-1,13,"0,2,3,4,5,7,8",7,26262,26262,256x256,256x256,True,kept,True,,
high_quality_architectural_13185_Floor-1.npz,high_quality_architectural/13185/Floor-1,7,"0,1,2,3,4,5,7,8",8,27304,27304,256x256,256x256,True,kept,True,,
high_quality_architectural_13186_Floor-1.npz,high_quality_architectural/13186/Floor-1,4,"0,1,3,4,8",5,27731,27731,256x256,256x256,True,kept,True,,
high_quality_architectural_13193_Floor-1.npz,high_quality_architectural/13193/Floor-1,6,"0,4,7,8",4,7492,7492,256x256,256x256,True,kept,True,,
high_quality_architectural_13193_Floor-2.npz,high_quality_architectural/13193/Floor-2,9,"0,1,2,4,5,6,8",7,12628,12628,256x256,256x256,True,kept,True,,
high_quality_architectural_13194_Floor-1.npz,high_quality_architectural/13194/Floor-1,0,"0,8",2,5303,5303,256x256,256x256,False,room_count_below_min,False,,
high_quality_architectural_13197_Floor-1.npz,high_quality_architectural/13197/Floor-1,2,"0,1,4,5,8",5,20479,20479,256x256,256x256,False,room_count_below_min,False,,
high_quality_architectural_1319_Floor-1.npz,high_quality_architectural/1319/Floor-1,6,"0,1,2,3,7,8",6,19900,19900,256x256,256x256,True,kept,True,,
high_quality_architectural_13202_Floor-1.npz,high_quality_architectural/13202/Floor-1,3,"0,1,2,4,5,8",6,26363,26363,256x256,256x256,True,kept,True,,
high_quality_architectural_13204_Floor-1.npz,high_quality_architectural/13204/Floor-1,4,"0,1,3,4,5,8",6,22449,22449,256x256,256x256,True,kept,True,,
high_quality_architectural_13205_Floor-1.npz,high_quality_architectural/13205/Floor-1,12,"0,1,2,3,4,5,6,7,8",9,23032,23032,256x256,256x256,True,kept,True,,
high_quality_architectural_13206_Floor-1.npz,high_quality_architectural/13206/Floor-1,6,"0,1,2,3,4,5,6,7,8",9,38631,38631,256x256,256x256,True,kept,True,,
high_quality_architectural_13210_Floor-1.npz,high_quality_architectural/13210/Floor-1,8,"0,1,2,3,4,5,7,8",8,14904,14904,256x256,256x256,True,kept,True,,
high_quality_architectural_13210_Floor-2.npz,high_quality_architectural/13210/Floor-2,0,"0,8",2,2552,2552,256x256,256x256,False,room_count_below_min,False,,
high_quality_architectural_13216_Floor-1.npz,high_quality_architectural/13216/Floor-1,6,"0,1,3,4,5,8",6,38438,38438,256x256,256x256,True,kept,True,,
high_quality_architectural_1321_Floor-1.npz,high_quality_architectural/1321/Floor-1,15,"0,1,2,3,4,5,7,8",8,29035,29035,256x256,256x256,True,kept,True,,
high_quality_architectural_13220_Floor-1.npz,high_quality_architectural/13220/Floor-1,2,"0,1,4,5,8",5,16478,16478,256x256,256x256,False,room_count_below_min,False,,
high_quality_architectural_13222_Floor-1.npz,high_quality_architectural/13222/Floor-1,5,"0,1,2,3,4,5,7,8",8,27164,27164,256x256,256x256,True,kept,True,,
high_quality_architectural_13225_Floor-1.npz,high_quality_architectural/13225/Floor-1,10,"0,1,2,4,5,7,8",7,38064,38064,256x256,256x256,True,kept,True,,
high_quality_architectural_13230_Floor-1.npz,high_quality_architectural/13230/Floor-1,5,"0,1,2,3,7,8",6,31991,31991,256x256,256x256,True,kept,True,,
high_quality_architectural_13234_Floor-1.npz,high_quality_architectural/13234/Floor-1,3,"0,1,2,4,5,8",6,41473,41473,256x256,256x256,True,kept,True,,
high_quality_architectural_13235_Floor-1.npz,high_quality_architectural/13235/Floor-1,9,"0,2,3,4,5,7,8",7,28809,28809,256x256,256x256,True,kept,True,,
high_quality_architectural_13238_Floor-1.npz,high_quality_architectural/13238/Floor-1,4,"0,1,3,4,5,8",6,18521,18521,256x256,256x256,True,kept,True,,
high_quality_architectural_13238_Floor-2.npz,high_quality_architectural/13238/Floor-2,2,"0,3,8",3,18713,18713,256x256,256x256,False,room_count_below_min,False,,
high_quality_architectural_13239_Floor-1.npz,high_quality_architectural/13239/Floor-1,7,"0,1,2,3,4,7,8",7,24272,24272,256x256,256x256,True,kept,True,,
high_quality_architectural_1323_Floor-1.npz,high_quality_architectural/1323/Floor-1,2,"0,3,5,8",4,21084,21084,256x256,256x256,False,room_count_below_min,False,,
high_quality_architectural_13242_Floor-1.npz,high_quality_architectural/13242/Floor-1,4,"0,1,2,4,5,6,7,8",8,14470,14470,256x256,256x256,True,kept,True,,
high_quality_architectural_13242_Floor-2.npz,high_quality_architectural/13242/Floor-2,7,"0,2,3,4,5,8",6,12087,12087,256x256,256x256,True,kept,True,,
high_quality_architectural_13249_Floor-1.npz,high_quality_architectural/13249/Floor-1,1,"0,1,2,7,8",5,22514,22514,256x256,256x256,False,room_count_below_min,False,,
high_quality_architectural_1324_Floor-1.npz,high_quality_architectural/1324/Floor-1,7,"0,1,2,3,4,7,8",7,36874,36874,256x256,256x256,True,kept,True,,
high_quality_architectural_13250_Floor-1.npz,high_quality_architectural/13250/Floor-1,6,"0,1,2,3,4,5,6,7,8",9,36005,36005,256x256,256x256,True,kept,True,,
high_quality_architectural_13251_Floor-1.npz,high_quality_architectural/13251/Floor-1,4,"0,1,2,3,4,5,7,8",8,30894,30894,256x256,256x256,True,kept,True,,
high_quality_architectural_13257_Floor-1.npz,high_quality_architectural/13257/Floor-1,3,"0,1,2,3,4,5,8",7,40790,40790,256x256,256x256,True,kept,True,,
high_quality_architectural_13266_Floor-1.npz,high_quality_architectural/13266/Floor-1,7,"0,1,2,3,4,5,7,8",8,9980,9980,256x256,256x256,True,kept,True,,
high_quality_architectural_13266_Floor-2.npz,high_quality_architectural/13266/Floor-2,7,"0,3,4,5,8",5,11709,11709,256x256,256x256,True,kept,True,,
high_quality_architectural_13274_Floor-1.npz,high_quality_architectural/13274/Floor-1,9,"0,1,2,3,4,5,7,8",8,36596,36596,256x256,256x256,True,kept,True,,
high_quality_architectural_13277_Floor-1.npz,high_quality_architectural/13277/Floor-1,6,"0,1,2,3,4,5,7,8",8,34234,34234,256x256,256x256,True,kept,True,,
high_quality_architectural_13279_Floor-1.npz,high_quality_architectural/13279/Floor-1,2,"0,1,2,4,5,8",6,26627,26627,256x256,256x256,False,room_count_below_min,False,,
high_quality_architectural_13283_Floor-1.npz,high_quality_architectural/13283/Floor-1,5,"0,1,2,4,5,7,8",7,18442,18442,256x256,256x256,True,kept,True,,
high_quality_architectural_13283_Floor-2.npz,high_quality_architectural/13283/Floor-2,4,"0,2,5,7,8",5,13609,13609,256x256,256x256,True,kept,True,,
high_quality_architectural_13284_Floor-1.npz,high_quality_architectural/13284/Floor-1,3,"0,1,2,3,5,8",6,32936,32936,256x256,256x256,True,kept,True,,
high_quality_architectural_13285_Floor-1.npz,high_quality_architectural/13285/Floor-1,4,"0,1,2,3,5,7,8",7,35064,35064,256x256,256x256,True,kept,True,,
high_quality_architectural_13287_Floor-1.npz,high_quality_architectural/13287/Floor-1,6,"0,1,2,3,4,5,7,8",8,34385,34385,256x256,256x256,True,kept,True,,
high_quality_architectural_1328_Floor-1.npz,high_quality_architectural/1328/Floor-1,15,"0,1,2,3,4,5,6,7,8",9,29607,29607,256x256,256x256,True,kept,True,,
high_quality_architectural_13292_Floor-1.npz,high_quality_architectural/13292/Floor-1,3,"0,1,4,5,8",5,26018,26018,256x256,256x256,True,kept,True,,
high_quality_architectural_13299_Floor-1.npz,high_quality_architectural/13299/Floor-1,7,"0,1,2,3,4,5,6,8",8,29825,29825,256x256,256x256,True,kept,True,,
high_quality_architectural_13300_Floor-1.npz,high_quality_architectural/13300/Floor-1,3,"0,1,2,3,4,8",6,38229,38229,256x256,256x256,True,kept,True,,
high_quality_architectural_13301_Floor-1.npz,high_quality_architectural/13301/Floor-1,1,"0,1,2,5,8",5,35198,35198,256x256,256x256,False,room_count_below_min,False,,
high_quality_architectural_13302_Floor-1.npz,high_quality_architectural/13302/Floor-1,4,"0,1,2,3,5,7,8",7,41760,41760,256x256,256x256,True,kept,True,,
high_quality_architectural_13303_Floor-1.npz,high_quality_architectural/13303/Floor-1,3,"0,4,7,8",4,11371,11371,256x256,256x256,True,kept,True,,
high_quality_architectural_13305_Floor-1.npz,high_quality_architectural/13305/Floor-1,4,"0,3,4,5,7,8",6,24911,24911,256x256,256x256,True,kept,True,,
high_quality_architectural_13306_Floor-1.npz,high_quality_architectural/13306/Floor-1,4,"0,1,4,5,8",5,21550,21550,256x256,256x256,True,kept,True,,
high_quality_architectural_13309_Floor-1.npz,high_quality_architectural/13309/Floor-1,0,"0,8",2,7154,7154,256x256,256x256,False,room_count_below_min,False,,
high_quality_architectural_13311_Floor-1.npz,high_quality_architectural/13311/Floor-1,5,"0,1,2,3,4,7,8",7,31392,31392,256x256,256x256,True,kept,True,,
high_quality_architectural_13312_Floor-1.npz,high_quality_architectural/13312/Floor-1,2,"0,1,2,4,8",5,25631,25631,256x256,256x256,False,room_count_below_min,False,,
high_quality_architectural_13313_Floor-1.npz,high_quality_architectural/13313/Floor-1,6,"0,1,2,3,4,5,6,7,8",9,24203,24203,256x256,256x256,True,kept,True,,
high_quality_architectural_13315_Floor-1.npz,high_quality_architectural/13315/Floor-1,3,"0,1,2,3,4,8",6,29495,29495,256x256,256x256,True,kept,True,,
high_quality_architectural_13316_Floor-1.npz,high_quality_architectural/13316/Floor-1,15,"0,1,2,3,4,5,7,8",8,18364,18364,256x256,256x256,True,kept,True,,
high_quality_architectural_13319_Floor-1.npz,high_quality_architectural/13319/Floor-1,3,"0,1,2,3,8",5,35115,35115,256x256,256x256,True,kept,True,,
high_quality_architectural_1331_Floor-1.npz,high_quality_architectural/1331/Floor-1,1,"0,1,2,5,8",5,40676,40676,256x256,256x256,False,room_count_below_min,False,,
high_quality_architectural_13326_Floor-1.npz,high_quality_architectural/13326/Floor-1,6,"0,1,2,3,4,5,6,7,8",9,27210,27210,256x256,256x256,True,kept,True,,
high_quality_architectural_13328_Floor-1.npz,high_quality_architectural/13328/Floor-1,4,"0,1,2,3,4,8",6,38906,38906,256x256,256x256,True,kept,True,,
high_quality_architectural_13329_Floor-1.npz,high_quality_architectural/13329/Floor-1,4,"0,1,2,5,8",5,29130,29130,256x256,256x256,True,kept,True,,
high_quality_architectural_13332_Floor-1.npz,high_quality_architectural/13332/Floor-1,7,"0,1,2,3,4,5,6,7,8",9,35060,35060,256x256,256x256,True,kept,True,,
high_quality_architectural_13334_Floor-1.npz,high_quality_architectural/13334/Floor-1,9,"0,1,2,3,4,5,7,8",8,40407,40407,256x256,256x256,True,kept,True,,
high_quality_architectural_13337_Floor-1.npz,high_quality_architectural/13337/Floor-1,3,"0,1,3,7,8",5,24135,24135,256x256,256x256,True,kept,True,,
high_quality_architectural_13342_Floor-1.npz,high_quality_architectural/13342/Floor-1,7,"0,2,3,4,6,7,8",7,37934,37934,256x256,256x256,True,kept,True,,
high_quality_architectural_13343_Floor-1.npz,high_quality_architectural/13343/Floor-1,8,"0,1,2,3,6,7,8",7,28757,28757,256x256,256x256,True,kept,True,,
high_quality_architectural_13345_Floor-1.npz,high_quality_architectural/13345/Floor-1,11,"0,1,2,4,5,6,7,8",8,15195,15195,256x256,256x256,True,kept,True,,
high_quality_architectural_13345_Floor-2.npz,high_quality_architectural/13345/Floor-2,6,"0,3,4,5,8",5,10407,10407,256x256,256x256,True,kept,True,,
high_quality_architectural_13348_Floor-1.npz,high_quality_architectural/13348/Floor-1,10,"0,1,2,3,4,5,7,8",8,29772,29772,256x256,256x256,True,kept,True,,
high_quality_architectural_13349_Floor-1.npz,high_quality_architectural/13349/Floor-1,2,"0,1,3,8",4,22155,22155,256x256,256x256,False,room_count_below_min,False,,
high_quality_architectural_13350_Floor-1.npz,high_quality_architectural/13350/Floor-1,8,"0,2,3,4,5,7,8",7,28599,28599,256x256,256x256,True,kept,True,,
high_quality_architectural_13354_Floor-1.npz,high_quality_architectural/13354/Floor-1,4,"0,1,2,4,5,7,8",7,42803,42803,256x256,256x256,True,kept,True,,
high_quality_architectural_13357_Floor-1.npz,high_quality_architectural/13357/Floor-1,0,"0,8",2,7960,7960,256x256,256x256,False,room_count_below_min,False,,
high_quality_architectural_13360_Floor-1.npz,high_quality_architectural/13360/Floor-1,9,"0,1,2,3,4,5,7,8",8,27338,27338,256x256,256x256,True,kept,True,,
high_quality_architectural_13361_Floor-1.npz,high_quality_architectural/13361/Floor-1,0,"0,8",2,1715,1715,256x256,256x256,False,room_count_below_min,False,,
high_quality_architectural_13361_Floor-2.npz,high_quality_architectural/13361/Floor-2,6,"0,1,4,5,8",5,4601,4601,256x256,256x256,True,kept,True,,
high_quality_architectural_13362_Floor-1.npz,high_quality_architectural/13362/Floor-1,3,"0,1,5,7,8",5,13146,13146,256x256,256x256,True,kept,True,,
high_quality_architectural_13368_Floor-1.npz,high_quality_architectural/13368/Floor-1,4,"0,1,2,3,5,7,8",7,28265,28265,256x256,256x256,True,kept,True,,
high_quality_architectural_13369_Floor-1.npz,high_quality_architectural/13369/Floor-1,6,"0,1,2,3,4,5,7,8",8,34574,34574,256x256,256x256,True,kept,True,,
high_quality_architectural_13370_Floor-1.npz,high_quality_architectural/13370/Floor-1,3,"0,1,2,3,8",5,26507,26507,256x256,256x256,True,kept,True,,
high_quality_architectural_13373_Floor-1.npz,high_quality_architectural/13373/Floor-1,4,"0,1,2,4,5,8",6,19198,19198,256x256,256x256,True,kept,True,,
high_quality_architectural_13382_Floor-1.npz,high_quality_architectural/13382/Floor-1,3,"0,2,3,8",4,25658,25658,256x256,256x256,True,kept,True,,
high_quality_architectural_13385_Floor-1.npz,high_quality_architectural/13385/Floor-1,0,"0,8",2,2654,2654,256x256,256x256,False,room_count_below_min,False,,
high_quality_architectural_13386_Floor-1.npz,high_quality_architectural/13386/Floor-1,1,"0,4,8",3,3559,3559,256x256,256x256,False,room_count_below_min,False,,
high_quality_architectural_13388_Floor-1.npz,high_quality_architectural/13388/Floor-1,3,"0,1,2,4,8",5,35392,35392,256x256,256x256,True,kept,True,,
high_quality_architectural_1338_Floor-1.npz,high_quality_architectural/1338/Floor-1,5,"0,1,3,4,5,8",6,28160,28160,256x256,256x256,True,kept,True,,
high_quality_architectural_13390_Floor-1.npz,high_quality_architectural/13390/Floor-1,0,"0,8",2,6253,6253,256x256,256x256,False,room_count_below_min,False,,
high_quality_architectural_13391_Floor-1.npz,high_quality_architectural/13391/Floor-1,12,"0,1,2,3,4,5,6,7,8",9,31239,31239,256x256,256x256,True,kept,True,,
high_quality_architectural_13395_Floor-1.npz,high_quality_architectural/13395/Floor-1,6,"0,1,2,3,4,5,7,8",8,30545,30545,256x256,256x256,True,kept,True,,
high_quality_architectural_13398_Floor-1.npz,high_quality_architectural/13398/Floor-1,12,"0,1,2,4,5,7,8",7,26058,26058,256x256,256x256,True,kept,True,,
high_quality_architectural_1339_Floor-1.npz,high_quality_architectural/1339/Floor-1,3,"0,1,2,4,7,8",6,24684,24684,256x256,256x256,True,kept,True,,
high_quality_architectural_13402_Floor-1.npz,high_quality_architectural/13402/Floor-1,2,"0,1,2,4,8",5,26709,26709,256x256,256x256,False,room_count_below_min,False,,
high_quality_architectural_13404_Floor-1.npz,high_quality_architectural/13404/Floor-1,7,"0,1,2,3,4,7,8",7,43686,43686,256x256,256x256,True,kept,True,,
high_quality_architectural_13408_Floor-1.npz,high_quality_architectural/13408/Floor-1,5,"0,1,2,3,4,5,6,7,8",9,39097,39097,256x256,256x256,True,kept,True,,
high_quality_architectural_13409_Floor-1.npz,high_quality_architectural/13409/Floor-1,2,"0,1,2,5,8",5,41554,41554,256x256,256x256,False,room_count_below_min,False,,
high_quality_architectural_13416_Floor-1.npz,high_quality_architectural/13416/Floor-1,5,"0,1,2,3,4,6,7,8",8,30025,30025,256x256,256x256,True,kept,True,,
high_quality_architectural_13419_Floor-1.npz,high_quality_architectural/13419/Floor-1,8,"0,1,2,3,4,5,7,8",8,35815,35815,256x256,256x256,True,kept,True,,
high_quality_architectural_13422_Floor-1.npz,high_quality_architectural/13422/Floor-1,2,"0,2,4,7,8",5,23048,23048,256x256,256x256,False,room_count_below_min,False,,
high_quality_architectural_13429_Floor-1.npz,high_quality_architectural/13429/Floor-1,4,"0,1,3,7,8",5,24448,24448,256x256,256x256,True,kept,True,,
high_quality_architectural_13434_Floor-1.npz,high_quality_architectural/13434/Floor-1,13,"0,1,2,3,4,6,7,8",8,31232,31232,256x256,256x256,True,kept,True,,
high_quality_architectural_13436_Floor-1.npz,high_quality_architectural/13436/Floor-1,2,"0,1,2,4,5,8",6,33714,33714,256x256,256x256,False,room_count_below_min,False,,
high_quality_architectural_1343_Floor-1.npz,high_quality_architectural/1343/Floor-1,6,"0,1,2,3,7,8",6,27103,27103,256x256,256x256,True,kept,True,,
high_quality_architectural_13450_Floor-1.npz,high_quality_architectural/13450/Floor-1,5,"0,1,2,3,4,5,8",7,40261,40261,256x256,256x256,True,kept,True,,
high_quality_architectural_13451_Floor-1.npz,high_quality_architectural/13451/Floor-1,10,"0,1,2,3,4,5,7,8",8,35182,35182,256x256,256x256,True,kept,True,,
high_quality_architectural_13456_Floor-1.npz,high_quality_architectural/13456/Floor-1,5,"0,1,3,4,5,8",6,35948,35948,256x256,256x256,True,kept,True,,
high_quality_architectural_1345_Floor-1.npz,high_quality_architectural/1345/Floor-1,12,"0,1,2,3,4,5,7,8",8,38552,38552,256x256,256x256,True,kept,True,,
high_quality_architectural_13460_Floor-1.npz,high_quality_architectural/13460/Floor-1,7,"0,1,2,3,4,5,7,8",8,37057,37057,256x256,256x256,True,kept,True,,
high_quality_architectural_13464_Floor-1.npz,high_quality_architectural/13464/Floor-1,11,"0,1,2,3,4,5,7,8",8,31815,31815,256x256,256x256,True,kept,True,,
high_quality_architectural_13466_Floor-1.npz,high_quality_architectural/13466/Floor-1,4,"0,1,2,3,4,5,8",7,35020,35020,256x256,256x256,True,kept,True,,
high_quality_architectural_13469_Floor-1.npz,high_quality_architectural/13469/Floor-1,6,"0,1,2,3,4,5,6,7,8",9,27824,27824,256x256,256x256,True,kept,True,,
high_quality_architectural_1346_Floor-1.npz,high_quality_architectural/1346/Floor-1,7,"0,1,2,3,4,5,7,8",8,27414,27414,256x256,256x256,True,kept,True,,
high_quality_architectural_13470_Floor-1.npz,high_quality_architectural/13470/Floor-1,10,"0,1,2,3,4,5,7,8",8,25860,25860,256x256,256x256,True,kept,True,,
high_quality_architectural_13473_Floor-1.npz,high_quality_architectural/13473/Floor-1,9,"0,1,2,3,4,5,7,8",8,41643,41643,256x256,256x256,True,kept,True,,
high_quality_architectural_13476_Floor-1.npz,high_quality_architectural/13476/Floor-1,4,"0,1,2,4,5,6,8",7,13173,13173,256x256,256x256,True,kept,True,,
high_quality_architectural_13476_Floor-2.npz,high_quality_architectural/13476/Floor-2,5,"0,3,4,5,7,8",6,11940,11940,256x256,256x256,True,kept,True,,
high_quality_architectural_13478_Floor-1.npz,high_quality_architectural/13478/Floor-1,7,"0,1,2,3,4,5,7,8",8,29886,29886,256x256,256x256,True,kept,True,,
high_quality_architectural_13482_Floor-1.npz,high_quality_architectural/13482/Floor-1,9,"0,1,2,3,4,5,7,8",8,35876,35876,256x256,256x256,True,kept,True,,
high_quality_architectural_13483_Floor-1.npz,high_quality_architectural/13483/Floor-1,5,"0,1,2,3,4,5,7,8",8,37989,37989,256x256,256x256,True,kept,True,,
high_quality_architectural_13487_Floor-1.npz,high_quality_architectural/13487/Floor-1,3,"0,2,4,7,8",5,10385,10385,256x256,256x256,True,kept,True,,
high_quality_architectural_13487_Floor-2.npz,high_quality_architectural/13487/Floor-2,10,"0,1,2,3,4,5,7,8",8,23597,23597,256x256,256x256,True,kept,True,,
high_quality_architectural_13488_Floor-1.npz,high_quality_architectural/13488/Floor-1,6,"0,2,4,5,7,8",6,13524,13524,256x256,256x256,True,kept,True,,
high_quality_architectural_13488_Floor-2.npz,high_quality_architectural/13488/Floor-2,9,"0,3,4,5,7,8",6,17850,17850,256x256,256x256,True,kept,True,,
high_quality_architectural_13491_Floor-1.npz,high_quality_architectural/13491/Floor-1,5,"0,1,2,4,5,8",6,25529,25529,256x256,256x256,True,kept,True,,
high_quality_architectural_13516_Floor-1.npz,high_quality_architectural/13516/Floor-1,3,"0,1,2,3,4,5,8",7,36790,36790,256x256,256x256,True,kept,True,,
high_quality_architectural_13519_Floor-1.npz,high_quality_architectural/13519/Floor-1,4,"0,1,2,4,6,7,8",7,34510,34510,256x256,256x256,True,kept,True,,
high_quality_architectural_1351_Floor-1.npz,high_quality_architectural/1351/Floor-1,2,"0,1,2,3,8",5,32753,32753,256x256,256x256,False,room_count_below_min,False,,
high_quality_architectural_13525_Floor-1.npz,high_quality_architectural/13525/Floor-1,1,"0,1,2,4,5,8",6,29735,29735,256x256,256x256,False,room_count_below_min,False,,
high_quality_architectural_13526_Floor-1.npz,high_quality_architectural/13526/Floor-1,9,"0,1,2,3,4,5,6,7,8",9,30371,30371,256x256,256x256,True,kept,True,,
high_quality_architectural_13527_Floor-1.npz,high_quality_architectural/13527/Floor-1,4,"0,1,3,4,7,8",6,23869,23869,256x256,256x256,True,kept,True,,
high_quality_architectural_13528_Floor-1.npz,high_quality_architectural/13528/Floor-1,4,"0,1,2,3,4,5,7,8",8,35345,35345,256x256,256x256,True,kept,True,,
high_quality_architectural_13530_Floor-1.npz,high_quality_architectural/13530/Floor-1,3,"0,1,4,7,8",5,27056,27056,256x256,256x256,True,kept,True,,
high_quality_architectural_13531_Floor-1.npz,high_quality_architectural/13531/Floor-1,6,"0,1,2,3,4,5,7,8",8,33229,33229,256x256,256x256,True,kept,True,,
high_quality_architectural_13535_Floor-1.npz,high_quality_architectural/13535/Floor-1,4,"0,1,2,4,7,8",6,26534,26534,256x256,256x256,True,kept,True,,
high_quality_architectural_13538_Floor-1.npz,high_quality_architectural/13538/Floor-1,2,"0,1,2,4,8",5,23844,23844,256x256,256x256,False,room_count_below_min,False,,
high_quality_architectural_13549_Floor-1.npz,high_quality_architectural/13549/Floor-1,0,"0,8",2,7004,7004,256x256,256x256,False,room_count_below_min,False,,
high_quality_architectural_13550_Floor-1.npz,high_quality_architectural/13550/Floor-1,3,"0,1,2,4,5,6,8",7,18740,18740,256x256,256x256,True,kept,True,,
high_quality_architectural_13550_Floor-2.npz,high_quality_architectural/13550/Floor-2,5,"0,3,4,5,8",5,14615,14615,256x256,256x256,True,kept,True,,
high_quality_architectural_13552_Floor-1.npz,high_quality_architectural/13552/Floor-1,13,"0,1,2,4,5,7,8",7,30205,30205,256x256,256x256,True,kept,True,,
high_quality_architectural_13553_Floor-1.npz,high_quality_architectural/13553/Floor-1,10,"0,1,2,3,4,5,7,8",8,35379,35379,256x256,256x256,True,kept,True,,
high_quality_architectural_13554_Floor-1.npz,high_quality_architectural/13554/Floor-1,16,"0,1,2,3,4,5,7,8",8,27329,27329,256x256,256x256,True,kept,True,,
high_quality_architectural_13556_Floor-1.npz,high_quality_architectural/13556/Floor-1,6,"0,1,2,3,4,5,8",7,49240,49240,256x256,256x256,True,kept,True,,
high_quality_architectural_13565_Floor-1.npz,high_quality_architectural/13565/Floor-1,1,"0,5,8",3,1270,1270,256x256,256x256,False,room_count_below_min,False,,
high_quality_architectural_13565_Floor-2.npz,high_quality_architectural/13565/Floor-2,9,"0,1,2,3,4,5,6,7,8",9,23921,23921,256x256,256x256,True,kept,True,,
high_quality_architectural_13568_Floor-1.npz,high_quality_architectural/13568/Floor-1,3,"0,1,2,4,5,7,8",7,15352,15352,256x256,256x256,True,kept,True,,
high_quality_architectural_13568_Floor-2.npz,high_quality_architectural/13568/Floor-2,4,"0,3,4,8",4,12026,12026,256x256,256x256,True,kept,True,,
high_quality_architectural_13573_Floor-1.npz,high_quality_architectural/13573/Floor-1,2,"0,1,2,3,5,8",6,27063,27063,256x256,256x256,False,room_count_below_min,False,,
high_quality_architectural_13575_Floor-1.npz,high_quality_architectural/13575/Floor-1,11,"0,1,2,3,4,5,7,8",8,29894,29894,256x256,256x256,True,kept,True,,
high_quality_architectural_13578_Floor-1.npz,high_quality_architectural/13578/Floor-1,11,"0,1,2,3,4,5,6,7,8",9,23386,23386,256x256,256x256,True,kept,True,,
high_quality_architectural_13579_Floor-1.npz,high_quality_architectural/13579/Floor-1,3,"0,3,4,5,8",5,20328,20328,256x256,256x256,True,kept,True,,
high_quality_architectural_1357_Floor-1.npz,high_quality_architectural/1357/Floor-1,3,"0,1,7,8",4,15009,15009,256x256,256x256,True,kept,True,,
high_quality_architectural_13580_Floor-1.npz,high_quality_architectural/13580/Floor-1,3,"0,1,2,3,5,7,8",7,26474,26474,256x256,256x256,True,kept,True,,
high_quality_architectural_13583_Floor-1.npz,high_quality_architectural/13583/Floor-1,5,"0,1,2,3,4,5,8",7,29098,29098,256x256,256x256,True,kept,True,,
high_quality_architectural_13590_Floor-1.npz,high_quality_architectural/13590/Floor-1,11,"0,1,2,3,4,5,7,8",8,35275,35275,256x256,256x256,True,kept,True,,
high_quality_architectural_13594_Floor-1.npz,high_quality_architectural/13594/Floor-1,7,"0,1,3,4,5,7,8",7,24528,24528,256x256,256x256,True,kept,True,,
high_quality_architectural_1359_Floor-1.npz,high_quality_architectural/1359/Floor-1,1,"0,4,8",3,5171,5171,256x256,256x256,False,room_count_below_min,False,,
high_quality_architectural_1359_Floor-2.npz,high_quality_architectural/1359/Floor-2,4,"0,2,4,5,8",5,6238,6238,256x256,256x256,True,kept,True,,
high_quality_architectural_13600_Floor-1.npz,high_quality_architectural/13600/Floor-1,3,"0,1,2,3,4,5,8",7,35939,35939,256x256,256x256,True,kept,True,,
high_quality_architectural_13607_Floor-1.npz,high_quality_architectural/13607/Floor-1,5,"0,1,2,4,5,7,8",7,23997,23997,256x256,256x256,True,kept,True,,
high_quality_architectural_13612_Floor-1.npz,high_quality_architectural/13612/Floor-1,3,"0,1,2,4,5,6,7,8",8,14444,14444,256x256,256x256,True,kept,True,,
high_quality_architectural_13612_Floor-2.npz,high_quality_architectural/13612/Floor-2,3,"0,2,3,4,8",5,8516,8516,256x256,256x256,True,kept,True,,
high_quality_architectural_13614_Floor-1.npz,high_quality_architectural/13614/Floor-1,7,"0,1,2,3,4,5,7,8",8,38417,38417,256x256,256x256,True,kept,True,,
high_quality_architectural_13619_Floor-1.npz,high_quality_architectural/13619/Floor-1,7,"0,1,2,3,4,5,6,7,8",9,28929,28929,256x256,256x256,True,kept,True,,
high_quality_architectural_1361_Floor-1.npz,high_quality_architectural/1361/Floor-1,4,"0,1,2,5,8",5,44709,44709,256x256,256x256,True,kept,True,,
high_quality_architectural_13620_Floor-1.npz,high_quality_architectural/13620/Floor-1,1,"0,1,2,8",4,15669,15669,256x256,256x256,False,room_count_below_min,False,,
high_quality_architectural_13622_Floor-1.npz,high_quality_architectural/13622/Floor-1,5,"0,1,2,3,4,5,7,8",8,33625,33625,256x256,256x256,True,kept,True,,
high_quality_architectural_13623_Floor-1.npz,high_quality_architectural/13623/Floor-1,3,"0,1,2,3,4,5,8",7,38663,38663,256x256,256x256,True,kept,True,,
high_quality_architectural_13624_Floor-1.npz,high_quality_architectural/13624/Floor-1,3,"0,1,2,4,5,8",6,29385,29385,256x256,256x256,True,kept,True,,
high_quality_architectural_13626_Floor-1.npz,high_quality_architectural/13626/Floor-1,11,"0,1,2,3,4,5,7,8",8,14833,14833,256x256,256x256,True,kept,True,,
high_quality_architectural_13626_Floor-2.npz,high_quality_architectural/13626/Floor-2,6,"0,3,4,5,8",5,7605,7605,256x256,256x256,True,kept,True,,
high_quality_architectural_13627_Floor-1.npz,high_quality_architectural/13627/Floor-1,2,"0,1,2,3,5,8",6,24682,24682,256x256,256x256,False,room_count_below_min,False,,
high_quality_architectural_13629_Floor-1.npz,high_quality_architectural/13629/Floor-1,8,"0,1,2,3,4,5,7,8",8,37930,37930,256x256,256x256,True,kept,True,,
high_quality_architectural_13635_Floor-1.npz,high_quality_architectural/13635/Floor-1,7,"0,1,2,4,7,8",6,34321,34321,256x256,256x256,True,kept,True,,
high_quality_architectural_13638_Floor-1.npz,high_quality_architectural/13638/Floor-1,2,"0,4,5,8",4,16636,16636,256x256,256x256,False,room_count_below_min,False,,
high_quality_architectural_13639_Floor-1.npz,high_quality_architectural/13639/Floor-1,9,"0,2,3,4,5,7,8",7,15463,15463,256x256,256x256,True,kept,True,,
high_quality_architectural_13639_Floor-2.npz,high_quality_architectural/13639/Floor-2,4,"0,3,4,5,7,8",6,7910,7910,256x256,256x256,True,kept,True,,
high_quality_architectural_13640_Floor-1.npz,high_quality_architectural/13640/Floor-1,1,"0,1,2,5,8",5,31784,31784,256x256,256x256,False,room_count_below_min,False,,
high_quality_architectural_13643_Floor-1.npz,high_quality_architectural/13643/Floor-1,4,"0,1,2,3,4,5,6,7,8",9,16843,16843,256x256,256x256,True,kept,True,,
high_quality_architectural_13643_Floor-2.npz,high_quality_architectural/13643/Floor-2,4,"0,3,4,7,8",5,12090,12090,256x256,256x256,True,kept,True,,
high_quality_architectural_13644_Floor-1.npz,high_quality_architectural/13644/Floor-1,6,"0,1,2,3,4,5,7,8",8,30399,30399,256x256,256x256,True,kept,True,,
high_quality_architectural_13645_Floor-1.npz,high_quality_architectural/13645/Floor-1,5,"0,1,2,3,4,5,7,8",8,42058,42058,256x256,256x256,True,kept,True,,
high_quality_architectural_13647_Floor-1.npz,high_quality_architectural/13647/Floor-1,2,"0,1,2,4,5,8",6,41952,41952,256x256,256x256,False,room_count_below_min,False,,
high_quality_architectural_13648_Floor-1.npz,high_quality_architectural/13648/Floor-1,2,"0,1,4,5,8",5,25790,25790,256x256,256x256,False,room_count_below_min,False,,
high_quality_architectural_1364_Floor-1.npz,high_quality_architectural/1364/Floor-1,4,"0,1,2,4,7,8",6,33532,33532,256x256,256x256,True,kept,True,,
high_quality_architectural_13650_Floor-1.npz,high_quality_architectural/13650/Floor-1,7,"0,1,2,3,4,5,6,7,8",9,16211,16211,256x256,256x256,True,kept,True,,
high_quality_architectural_13650_Floor-2.npz,high_quality_architectural/13650/Floor-2,5,"0,3,4,5,8",5,6957,6957,256x256,256x256,True,kept,True,,
high_quality_architectural_13654_Floor-1.npz,high_quality_architectural/13654/Floor-1,8,"0,1,2,3,4,5,7,8",8,24923,24923,256x256,256x256,True,kept,True,,
high_quality_architectural_13659_Floor-1.npz,high_quality_architectural/13659/Floor-1,0,"0,8",2,7331,7331,256x256,256x256,False,room_count_below_min,False,,
high_quality_architectural_1365_Floor-1.npz,high_quality_architectural/1365/Floor-1,6,"0,1,2,3,4,5,6,7,8",9,45087,45087,256x256,256x256,True,kept,True,,
high_quality_architectural_13661_Floor-1.npz,high_quality_architectural/13661/Floor-1,5,"0,1,2,4,5,6,7,8",8,41510,41510,256x256,256x256,True,kept,True,,
high_quality_architectural_13662_Floor-1.npz,high_quality_architectural/13662/Floor-1,7,"0,1,2,3,4,5,6,7,8",9,26058,26058,256x256,256x256,True,kept,True,,
high_quality_architectural_13664_Floor-1.npz,high_quality_architectural/13664/Floor-1,10,"0,1,2,3,4,5,7,8",8,33515,33515,256x256,256x256,True,kept,True,,
high_quality_architectural_13666_Floor-1.npz,high_quality_architectural/13666/Floor-1,6,"0,1,2,3,7,8",6,15798,15798,256x256,256x256,True,kept,True,,
high_quality_architectural_13668_Floor-1.npz,high_quality_architectural/13668/Floor-1,6,"0,1,3,4,5,6,7,8",8,24830,24830,256x256,256x256,True,kept,True,,
high_quality_architectural_1366_Floor-1.npz,high_quality_architectural/1366/Floor-1,11,"0,1,2,3,4,5,7,8",8,34755,34755,256x256,256x256,True,kept,True,,
high_quality_architectural_13672_Floor-1.npz,high_quality_architectural/13672/Floor-1,8,"0,1,2,3,4,5,7,8",8,23903,23903,256x256,256x256,True,kept,True,,
high_quality_architectural_13673_Floor-1.npz,high_quality_architectural/13673/Floor-1,5,"0,1,2,3,4,5,7,8",8,24168,24168,256x256,256x256,True,kept,True,,
high_quality_architectural_13680_Floor-1.npz,high_quality_architectural/13680/Floor-1,1,"0,1,2,8",4,26468,26468,256x256,256x256,False,room_count_below_min,False,,
high_quality_architectural_13684_Floor-1.npz,high_quality_architectural/13684/Floor-1,6,"0,1,2,3,4,5,7,8",8,40409,40409,256x256,256x256,True,kept,True,,
high_quality_architectural_13688_Floor-1.npz,high_quality_architectural/13688/Floor-1,3,"0,1,2,3,8",5,39438,39438,256x256,256x256,True,kept,True,,
high_quality_architectural_1368_Floor-1.npz,high_quality_architectural/1368/Floor-1,11,"0,1,2,3,4,5,7,8",8,35188,35188,256x256,256x256,True,kept,True,,
high_quality_architectural_13697_Floor-1.npz,high_quality_architectural/13697/Floor-1,5,"0,4,5,7,8",5,7175,7175,256x256,256x256,True,kept,True,,
high_quality_architectural_13702_Floor-1.npz,high_quality_architectural/13702/Floor-1,2,"0,1,2,3,8",5,31654,31654,256x256,256x256,False,room_count_below_min,False,,
high_quality_architectural_13704_Floor-1.npz,high_quality_architectural/13704/Floor-1,6,"0,1,2,3,4,5,7,8",8,36239,36239,256x256,256x256,True,kept,True,,
high_quality_architectural_13706_Floor-1.npz,high_quality_architectural/13706/Floor-1,6,"0,1,3,4,5,6,7,8",8,25531,25531,256x256,256x256,True,kept,True,,
high_quality_architectural_13710_Floor-1.npz,high_quality_architectural/13710/Floor-1,15,"0,2,4,5,7,8",6,29516,29516,256x256,256x256,True,kept,True,,
high_quality_architectural_13711_Floor-1.npz,high_quality_architectural/13711/Floor-1,12,"0,1,2,3,4,5,7,8",8,31036,31036,256x256,256x256,True,kept,True,,
high_quality_architectural_13717_Floor-1.npz,high_quality_architectural/13717/Floor-1,8,"0,1,2,3,4,5,6,7,8",9,7686,7686,256x256,256x256,True,kept,True,,
high_quality_architectural_13717_Floor-2.npz,high_quality_architectural/13717/Floor-2,3,"0,3,5,8",4,5789,5789,256x256,256x256,True,kept,True,,
high_quality_architectural_13720_Floor-1.npz,high_quality_architectural/13720/Floor-1,2,"0,1,2,5,8",5,35171,35171,256x256,256x256,False,room_count_below_min,False,,
high_quality_architectural_13722_Floor-1.npz,high_quality_architectural/13722/Floor-1,5,"0,1,3,4,5,7,8",7,21217,21217,256x256,256x256,True,kept,True,,
high_quality_architectural_13723_Floor-1.npz,high_quality_architectural/13723/Floor-1,6,"0,1,2,3,4,5,7,8",8,38425,38425,256x256,256x256,True,kept,True,,
high_quality_architectural_1372_Floor-1.npz,high_quality_architectural/1372/Floor-1,2,"0,1,2,4,8",5,29754,29754,256x256,256x256,False,room_count_below_min,False,,
high_quality_architectural_13730_Floor-1.npz,high_quality_architectural/13730/Floor-1,4,"0,1,2,3,4,5,8",7,20718,20718,256x256,256x256,True,kept,True,,
high_quality_architectural_13733_Floor-1.npz,high_quality_architectural/13733/Floor-1,1,"0,1,5,8",4,15158,15158,256x256,256x256,False,room_count_below_min,False,,
high_quality_architectural_13734_Floor-1.npz,high_quality_architectural/13734/Floor-1,1,"0,1,2,5,8",5,25422,25422,256x256,256x256,False,room_count_below_min,False,,
high_quality_architectural_13735_Floor-1.npz,high_quality_architectural/13735/Floor-1,7,"0,1,2,3,4,5,7,8",8,21863,21863,256x256,256x256,True,kept,True,,
high_quality_architectural_13736_Floor-1.npz,high_quality_architectural/13736/Floor-1,1,"0,3,8",3,13793,13793,256x256,256x256,False,room_count_below_min,False,,
high_quality_architectural_13737_Floor-1.npz,high_quality_architectural/13737/Floor-1,2,"0,1,2,3,8",5,33109,33109,256x256,256x256,False,room_count_below_min,False,,
high_quality_architectural_13738_Floor-1.npz,high_quality_architectural/13738/Floor-1,5,"0,1,2,3,4,5,7,8",8,34190,34190,256x256,256x256,True,kept,True,,
high_quality_architectural_13740_Floor-1.npz,high_quality_architectural/13740/Floor-1,7,"0,1,2,3,4,5,7,8",8,31895,31895,256x256,256x256,True,kept,True,,
high_quality_architectural_13746_Floor-1.npz,high_quality_architectural/13746/Floor-1,6,"0,1,2,4,8",5,43000,43000,256x256,256x256,True,kept,True,,
high_quality_architectural_13755_Floor-1.npz,high_quality_architectural/13755/Floor-1,7,"0,1,2,3,4,5,7,8",8,41464,41464,256x256,256x256,True,kept,True,,
high_quality_architectural_13761_Floor-1.npz,high_quality_architectural/13761/Floor-1,2,"0,1,4,5,8",5,28009,28009,256x256,256x256,False,room_count_below_min,False,,
high_quality_architectural_13762_Floor-1.npz,high_quality_architectural/13762/Floor-1,9,"0,1,2,3,4,5,7,8",8,27120,27120,256x256,256x256,True,kept,True,,
high_quality_architectural_13764_Floor-1.npz,high_quality_architectural/13764/Floor-1,5,"0,1,2,4,5,6,7,8",8,28622,28622,256x256,256x256,True,kept,True,,
high_quality_architectural_13765_Floor-1.npz,high_quality_architectural/13765/Floor-1,11,"0,1,2,3,4,5,6,7,8",9,31090,31090,256x256,256x256,True,kept,True,,
high_quality_architectural_13766_Floor-1.npz,high_quality_architectural/13766/Floor-1,5,"0,1,2,3,4,8",6,30775,30775,256x256,256x256,True,kept,True,,
high_quality_architectural_13767_Floor-1.npz,high_quality_architectural/13767/Floor-1,4,"0,1,2,3,4,7,8",7,30278,30278,256x256,256x256,True,kept,True,,
high_quality_architectural_13769_Floor-1.npz,high_quality_architectural/13769/Floor-1,2,"0,1,2,4,7,8",6,44413,44413,256x256,256x256,False,room_count_below_min,False,,
high_quality_architectural_1376_Floor-1.npz,high_quality_architectural/1376/Floor-1,5,"0,1,2,3,4,5,8",7,44242,44242,256x256,256x256,True,kept,True,,
high_quality_architectural_13772_Floor-1.npz,high_quality_architectural/13772/Floor-1,12,"0,2,3,4,5,7,8",7,33979,33979,256x256,256x256,True,kept,True,,
high_quality_architectural_13781_Floor-1.npz,high_quality_architectural/13781/Floor-1,2,"0,1,3,5,8",5,19063,19063,256x256,256x256,False,room_count_below_min,False,,
high_quality_architectural_13787_Floor-1.npz,high_quality_architectural/13787/Floor-1,5,"0,1,2,4,5,8",6,41245,41245,256x256,256x256,True,kept,True,,
high_quality_architectural_13789_Floor-1.npz,high_quality_architectural/13789/Floor-1,2,"0,1,4,8",4,15949,15949,256x256,256x256,False,room_count_below_min,False,,
high_quality_architectural_13790_Floor-1.npz,high_quality_architectural/13790/Floor-1,7,"0,1,2,3,4,6,7,8",8,27613,27613,256x256,256x256,True,kept,True,,
high_quality_architectural_13791_Floor-1.npz,high_quality_architectural/13791/Floor-1,5,"0,1,2,3,4,5,7,8",8,25289,25289,256x256,256x256,True,kept,True,,
high_quality_architectural_13793_Floor-1.npz,high_quality_architectural/13793/Floor-1,4,"0,1,2,3,4,5,8",7,29680,29680,256x256,256x256,True,kept,True,,
high_quality_architectural_13794_Floor-1.npz,high_quality_architectural/13794/Floor-1,1,"0,1,2,3,8",5,29833,29833,256x256,256x256,False,room_count_below_min,False,,
high_quality_architectural_13795_Floor-1.npz,high_quality_architectural/13795/Floor-1,2,"0,1,3,5,8",5,22452,22452,256x256,256x256,False,room_count_below_min,False,,
high_quality_architectural_13797_Floor-1.npz,high_quality_architectural/13797/Floor-1,4,"0,1,2,3,4,7,8",7,40774,40774,256x256,256x256,True,kept,True,,
high_quality_architectural_13800_Floor-1.npz,high_quality_architectural/13800/Floor-1,16,"0,1,2,3,4,5,7,8",8,33997,33997,256x256,256x256,True,kept,True,,
high_quality_architectural_13802_Floor-1.npz,high_quality_architectural/13802/Floor-1,0,"0,8",2,1069,1069,256x256,256x256,False,room_count_below_min,False,,
high_quality_architectural_13802_Floor-2.npz,high_quality_architectural/13802/Floor-2,5,"0,1,2,3,4,5,7,8",8,13174,13174,256x256,256x256,True,kept,True,,
high_quality_architectural_13802_Floor-3.npz,high_quality_architectural/13802/Floor-3,2,"0,3,8",3,12411,12411,256x256,256x256,False,room_count_below_min,False,,
high_quality_architectural_13805_Floor-1.npz,high_quality_architectural/13805/Floor-1,8,"0,1,2,3,4,5,7,8",8,39788,39788,256x256,256x256,True,kept,True,,
high_quality_architectural_13806_Floor-1.npz,high_quality_architectural/13806/Floor-1,9,"0,1,2,3,4,5,7,8",8,40131,40131,256x256,256x256,True,kept,True,,
high_quality_architectural_13809_Floor-1.npz,high_quality_architectural/13809/Floor-1,11,"0,1,2,3,4,5,7,8",8,39179,39179,256x256,256x256,True,kept,True,,
high_quality_architectural_13810_Floor-1.npz,high_quality_architectural/13810/Floor-1,9,"0,1,2,3,4,5,7,8",8,29658,29658,256x256,256x256,True,kept,True,,
high_quality_architectural_13811_Floor-1.npz,high_quality_architectural/13811/Floor-1,6,"0,1,2,3,4,5,6,7,8",9,30204,30204,256x256,256x256,True,kept,True,,
high_quality_architectural_13814_Floor-1.npz,high_quality_architectural/13814/Floor-1,3,"0,1,2,4,5,7,8",7,21779,21779,256x256,256x256,True,kept,True,,
high_quality_architectural_13816_Floor-1.npz,high_quality_architectural/13816/Floor-1,7,"0,1,2,3,4,5,6,7,8",9,33223,33223,256x256,256x256,True,kept,True,,
high_quality_architectural_13817_Floor-1.npz,high_quality_architectural/13817/Floor-1,4,"0,1,2,3,4,7,8",7,32513,32513,256x256,256x256,True,kept,True,,
high_quality_architectural_13818_Floor-1.npz,high_quality_architectural/13818/Floor-1,8,"0,1,2,3,4,5,6,7,8",9,21144,21144,256x256,256x256,True,kept,True,,
high_quality_architectural_13819_Floor-1.npz,high_quality_architectural/13819/Floor-1,6,"0,1,2,4,5,7,8",7,17323,17323,256x256,256x256,True,kept,True,,
high_quality_architectural_13819_Floor-2.npz,high_quality_architectural/13819/Floor-2,7,"0,3,4,5,7,8",6,14558,14558,256x256,256x256,True,kept,True,,
high_quality_architectural_13821_Floor-1.npz,high_quality_architectural/13821/Floor-1,7,"0,1,2,3,4,5,6,7,8",9,12945,12945,256x256,256x256,True,kept,True,,
high_quality_architectural_13821_Floor-2.npz,high_quality_architectural/13821/Floor-2,5,"0,3,4,5,8",5,8598,8598,256x256,256x256,True,kept,True,,
high_quality_architectural_13827_Floor-1.npz,high_quality_architectural/13827/Floor-1,1,"0,1,2,8",4,24875,24875,256x256,256x256,False,room_count_below_min,False,,
high_quality_architectural_13828_Floor-1.npz,high_quality_architectural/13828/Floor-1,16,"0,2,3,4,5,6,7,8",8,29553,29553,256x256,256x256,True,kept,True,,
high_quality_architectural_13829_Floor-1.npz,high_quality_architectural/13829/Floor-1,4,"0,1,2,7,8",5,12311,12311,256x256,256x256,True,kept,True,,
high_quality_architectural_13829_Floor-2.npz,high_quality_architectural/13829/Floor-2,4,"0,3,4,8",4,13053,13053,256x256,256x256,True,kept,True,,
high_quality_architectural_13835_Floor-1.npz,high_quality_architectural/13835/Floor-1,9,"0,1,2,3,4,5,7,8",8,32794,32794,256x256,256x256,True,kept,True,,
high_quality_architectural_13836_Floor-1.npz,high_quality_architectural/13836/Floor-1,3,"0,1,2,8",4,22184,22184,256x256,256x256,True,kept,True,,
high_quality_architectural_13837_Floor-1.npz,high_quality_architectural/13837/Floor-1,3,"0,1,2,3,5,6,8",7,32869,32869,256x256,256x256,True,kept,True,,
high_quality_architectural_13839_Floor-1.npz,high_quality_architectural/13839/Floor-1,4,"0,1,2,4,5,8",6,41758,41758,256x256,256x256,True,kept,True,,
high_quality_architectural_13841_Floor-1.npz,high_quality_architectural/13841/Floor-1,4,"0,1,2,3,4,5,8",7,33058,33058,256x256,256x256,True,kept,True,,
high_quality_architectural_13842_Floor-1.npz,high_quality_architectural/13842/Floor-1,2,"0,1,2,8",4,26710,26710,256x256,256x256,False,room_count_below_min,False,,
high_quality_architectural_13843_Floor-1.npz,high_quality_architectural/13843/Floor-1,13,"0,1,2,3,4,5,6,7,8",9,31298,31298,256x256,256x256,True,kept,True,,
high_quality_architectural_1384_Floor-1.npz,high_quality_architectural/1384/Floor-1,2,"0,1,4,5,7,8",6,26762,26762,256x256,256x256,False,room_count_below_min,False,,
high_quality_architectural_13850_Floor-1.npz,high_quality_architectural/13850/Floor-1,14,"0,1,2,3,4,5,6,7,8",9,20961,20961,256x256,256x256,True,kept,True,,
high_quality_architectural_13859_Floor-1.npz,high_quality_architectural/13859/Floor-1,2,"0,1,2,4,5,8",6,35669,35669,256x256,256x256,False,room_count_below_min,False,,
high_quality_architectural_13861_Floor-1.npz,high_quality_architectural/13861/Floor-1,8,"0,1,2,3,4,5,6,7,8",9,19393,19393,256x256,256x256,True,kept,True,,
high_quality_architectural_13861_Floor-2.npz,high_quality_architectural/13861/Floor-2,7,"0,3,4,5,7,8",6,13980,13980,256x256,256x256,True,kept,True,,
high_quality_architectural_13862_Floor-1.npz,high_quality_architectural/13862/Floor-1,6,"0,1,2,3,4,5,7,8",8,34340,34340,256x256,256x256,True,kept,True,,
high_quality_architectural_1386_Floor-1.npz,high_quality_architectural/1386/Floor-1,3,"0,1,2,3,5,8",6,31823,31823,256x256,256x256,True,kept,True,,
high_quality_architectural_1393_Floor-1.npz,high_quality_architectural/1393/Floor-1,10,"0,1,2,3,4,5,7,8",8,38867,38867,256x256,256x256,True,kept,True,,
high_quality_architectural_1397_Floor-1.npz,high_quality_architectural/1397/Floor-1,1,"0,4,8",3,6461,6461,256x256,256x256,False,room_count_below_min,False,,
high_quality_architectural_13_Floor-1.npz,high_quality_architectural/13/Floor-1,4,"0,1,2,3,4,8",6,31347,31347,256x256,256x256,True,kept,True,,
high_quality_architectural_14005_Floor-1.npz,high_quality_architectural/14005/Floor-1,6,"0,1,2,3,4,5,7,8",8,26768,26768,256x256,256x256,True,kept,True,,
high_quality_architectural_14006_Floor-1.npz,high_quality_architectural/14006/Floor-1,13,"0,1,2,3,4,5,6,7,8",9,21086,21086,256x256,256x256,True,kept,True,,
high_quality_architectural_14008_Floor-1.npz,high_quality_architectural/14008/Floor-1,5,"0,2,3,4,5,7,8",7,25784,25784,256x256,256x256,True,kept,True,,
high_quality_architectural_14010_Floor-1.npz,high_quality_architectural/14010/Floor-1,3,"0,1,3,4,7,8",6,16653,16653,256x256,256x256,True,kept,True,,
high_quality_architectural_14018_Floor-1.npz,high_quality_architectural/14018/Floor-1,7,"0,1,2,3,4,5,7,8",8,33897,33897,256x256,256x256,True,kept,True,,
high_quality_architectural_14021_Floor-1.npz,high_quality_architectural/14021/Floor-1,1,"0,7,8",3,8491,8491,256x256,256x256,False,room_count_below_min,False,,
high_quality_architectural_14024_Floor-1.npz,high_quality_architectural/14024/Floor-1,5,"0,1,2,3,4,5,7,8",8,23816,23816,256x256,256x256,True,kept,True,,
high_quality_architectural_14025_Floor-1.npz,high_quality_architectural/14025/Floor-1,3,"0,1,2,3,4,8",6,29445,29445,256x256,256x256,True,kept,True,,
high_quality_architectural_14029_Floor-1.npz,high_quality_architectural/14029/Floor-1,4,"0,1,2,3,4,5,8",7,24857,24857,256x256,256x256,True,kept,True,,
high_quality_architectural_1402_Floor-1.npz,high_quality_architectural/1402/Floor-1,8,"0,1,3,4,5,6,7,8",8,12385,12385,256x256,256x256,True,kept,True,,
high_quality_architectural_1402_Floor-2.npz,high_quality_architectural/1402/Floor-2,4,"0,7,8",3,7331,7331,256x256,256x256,True,kept,True,,
high_quality_architectural_14038_Floor-1.npz,high_quality_architectural/14038/Floor-1,2,"0,1,2,8",4,43380,43380,256x256,256x256,False,room_count_below_min,False,,
high_quality_architectural_14043_Floor-1.npz,high_quality_architectural/14043/Floor-1,5,"0,2,3,4,8",5,28336,28336,256x256,256x256,True,kept,True,,
high_quality_architectural_14044_Floor-1.npz,high_quality_architectural/14044/Floor-1,7,"0,1,3,4,5,7,8",7,20137,20137,256x256,256x256,True,kept,True,,
high_quality_architectural_14047_Floor-1.npz,high_quality_architectural/14047/Floor-1,8,"0,2,3,4,5,7,8",7,11905,11905,256x256,256x256,True,kept,True,,
high_quality_architectural_14047_Floor-2.npz,high_quality_architectural/14047/Floor-2,5,"0,1,2,3,4,5,7,8",8,12518,12518,256x256,256x256,True,kept,True,,
high_quality_architectural_14049_Floor-1.npz,high_quality_architectural/14049/Floor-1,6,"0,2,3,4,5,7,8",7,17694,17694,256x256,256x256,True,kept,True,,
high_quality_architectural_14049_Floor-2.npz,high_quality_architectural/14049/Floor-2,6,"0,1,2,3,5,7,8",7,15685,15685,256x256,256x256,True,kept,True,,
high_quality_architectural_14050_Floor-1.npz,high_quality_architectural/14050/Floor-1,1,"0,1,2,5,8",5,46110,46110,256x256,256x256,False,room_count_below_min,False,,
high_quality_architectural_14051_Floor-1.npz,high_quality_architectural/14051/Floor-1,1,"0,1,2,5,8",5,36826,36826,256x256,256x256,False,room_count_below_min,False,,
high_quality_architectural_14052_Floor-1.npz,high_quality_architectural/14052/Floor-1,10,"0,1,2,3,4,5,7,8",8,35060,35060,256x256,256x256,True,kept,True,,
high_quality_architectural_1405_Floor-1.npz,high_quality_architectural/1405/Floor-1,8,"0,1,2,3,4,5,7,8",8,33484,33484,256x256,256x256,True,kept,True,,
high_quality_architectural_14063_Floor-1.npz,high_quality_architectural/14063/Floor-1,6,"0,1,3,4,5,7,8",7,26932,26932,256x256,256x256,True,kept,True,,
high_quality_architectural_14064_Floor-1.npz,high_quality_architectural/14064/Floor-1,13,"0,1,2,3,4,5,6,7,8",9,37081,37081,256x256,256x256,True,kept,True,,
high_quality_architectural_14065_Floor-1.npz,high_quality_architectural/14065/Floor-1,4,"0,1,3,4,5,8",6,26645,26645,256x256,256x256,True,kept,True,,
high_quality_architectural_14066_Floor-1.npz,high_quality_architectural/14066/Floor-1,5,"0,1,2,4,5,6,7,8",8,14852,14852,256x256,256x256,True,kept,True,,
high_quality_architectural_14066_Floor-2.npz,high_quality_architectural/14066/Floor-2,5,"0,3,4,7,8",5,13940,13940,256x256,256x256,True,kept,True,,
high_quality_architectural_14068_Floor-1.npz,high_quality_architectural/14068/Floor-1,7,"0,3,4,7,8",5,13492,13492,256x256,256x256,True,kept,True,,
high_quality_architectural_14068_Floor-2.npz,high_quality_architectural/14068/Floor-2,6,"0,1,2,3,4,5,7,8",8,15103,15103,256x256,256x256,True,kept,True,,
high_quality_architectural_14070_Floor-1.npz,high_quality_architectural/14070/Floor-1,3,"0,1,2,3,5,7,8",7,31211,31211,256x256,256x256,True,kept,True,,
high_quality_architectural_14074_Floor-1.npz,high_quality_architectural/14074/Floor-1,5,"0,2,3,4,5,7,8",7,25627,25627,256x256,256x256,True,kept,True,,
high_quality_architectural_14076_Floor-1.npz,high_quality_architectural/14076/Floor-1,3,"0,2,3,8",4,15307,15307,256x256,256x256,True,kept,True,,
high_quality_architectural_14076_Floor-2.npz,high_quality_architectural/14076/Floor-2,0,"0,8",2,2426,2426,256x256,256x256,False,room_count_below_min,False,,
high_quality_architectural_14078_Floor-1.npz,high_quality_architectural/14078/Floor-1,7,"0,1,2,3,4,5,7,8",8,21500,21500,256x256,256x256,True,kept,True,,
high_quality_architectural_14078_Floor-2.npz,high_quality_architectural/14078/Floor-2,4,"0,2,4,7,8",5,18241,18241,256x256,256x256,True,kept,True,,
high_quality_architectural_14079_Floor-1.npz,high_quality_architectural/14079/Floor-1,3,"0,1,3,5,8",5,12148,12148,256x256,256x256,True,kept,True,,
high_quality_architectural_14079_Floor-2.npz,high_quality_architectural/14079/Floor-2,1,"0,2,8",3,4680,4680,256x256,256x256,False,room_count_below_min,False,,
high_quality_architectural_14081_Floor-1.npz,high_quality_architectural/14081/Floor-1,8,"0,1,2,3,4,5,7,8",8,19323,19323,256x256,256x256,True,kept,True,,
high_quality_architectural_14081_Floor-2.npz,high_quality_architectural/14081/Floor-2,4,"0,3,4,5,8",5,9920,9920,256x256,256x256,True,kept,True,,
high_quality_architectural_14083_Floor-1.npz,high_quality_architectural/14083/Floor-1,3,"0,1,2,3,5,8",6,35025,35025,256x256,256x256,True,kept,True,,
high_quality_architectural_14084_Floor-1.npz,high_quality_architectural/14084/Floor-1,5,"0,1,2,3,4,5,6,8",8,38272,38272,256x256,256x256,True,kept,True,,
high_quality_architectural_14087_Floor-1.npz,high_quality_architectural/14087/Floor-1,6,"0,2,3,4,8",5,14048,14048,256x256,256x256,True,kept,True,,
high_quality_architectural_14087_Floor-2.npz,high_quality_architectural/14087/Floor-2,5,"0,1,3,5,7,8",6,10856,10856,256x256,256x256,True,kept,True,,
high_quality_architectural_14092_Floor-1.npz,high_quality_architectural/14092/Floor-1,2,"0,1,2,4,5,6,8",7,22717,22717,256x256,256x256,False,room_count_below_min,False,,
high_quality_architectural_14092_Floor-2.npz,high_quality_architectural/14092/Floor-2,6,"0,3,4,5,7,8",6,16531,16531,256x256,256x256,True,kept,True,,
high_quality_architectural_14095_Floor-1.npz,high_quality_architectural/14095/Floor-1,5,"0,1,3,4,5,8",6,14335,14335,256x256,256x256,True,kept,True,,
high_quality_architectural_14097_Floor-1.npz,high_quality_architectural/14097/Floor-1,4,"0,1,2,3,4,8",6,30241,30241,256x256,256x256,True,kept,True,,
high_quality_architectural_14099_Floor-1.npz,high_quality_architectural/14099/Floor-1,3,"0,4,7,8",4,5761,5761,256x256,256x256,True,kept,True,,
high_quality_architectural_14099_Floor-2.npz,high_quality_architectural/14099/Floor-2,2,"0,1,2,5,6,7,8",7,8090,8090,256x256,256x256,False,room_count_below_min,False,,
high_quality_architectural_14099_Floor-3.npz,high_quality_architectural/14099/Floor-3,5,"0,3,4,7,8",5,8057,8057,256x256,256x256,True,kept,True,,
high_quality_architectural_1409_Floor-1.npz,high_quality_architectural/1409/Floor-1,6,"0,2,3,4,5,7,8",7,28238,28238,256x256,256x256,True,kept,True,,
high_quality_architectural_14103_Floor-1.npz,high_quality_architectural/14103/Floor-1,2,"0,1,2,4,8",5,24921,24921,256x256,256x256,False,room_count_below_min,False,,
high_quality_architectural_14104_Floor-1.npz,high_quality_architectural/14104/Floor-1,7,"0,2,4,5,7,8",6,18502,18502,256x256,256x256,True,kept,True,,
high_quality_architectural_14104_Floor-2.npz,high_quality_architectural/14104/Floor-2,7,"0,1,3,4,5,7,8",7,15466,15466,256x256,256x256,True,kept,True,,
high_quality_architectural_14113_Floor-1.npz,high_quality_architectural/14113/Floor-1,5,"0,1,2,4,5,7,8",7,35056,35056,256x256,256x256,True,kept,True,,
high_quality_architectural_14120_Floor-1.npz,high_quality_architectural/14120/Floor-1,2,"0,2,3,8",4,30345,30345,256x256,256x256,False,room_count_below_min,False,,
high_quality_architectural_14124_Floor-1.npz,high_quality_architectural/14124/Floor-1,9,"0,1,2,3,4,5,7,8",8,34514,34514,256x256,256x256,True,kept,True,,
high_quality_architectural_14128_Floor-1.npz,high_quality_architectural/14128/Floor-1,1,"0,1,2,5,8",5,33700,33700,256x256,256x256,False,room_count_below_min,False,,
high_quality_architectural_14129_Floor-1.npz,high_quality_architectural/14129/Floor-1,9,"0,1,2,4,5,6,7,8",8,13644,13644,256x256,256x256,True,kept,True,,
high_quality_architectural_14129_Floor-2.npz,high_quality_architectural/14129/Floor-2,5,"0,3,4,5,7,8",6,7827,7827,256x256,256x256,True,kept,True,,
high_quality_architectural_14131_Floor-1.npz,high_quality_architectural/14131/Floor-1,9,"0,1,2,3,4,5,6,7,8",9,36828,36828,256x256,256x256,True,kept,True,,
high_quality_architectural_14132_Floor-1.npz,high_quality_architectural/14132/Floor-1,6,"0,1,2,3,4,5,7,8",8,35185,35185,256x256,256x256,True,kept,True,,
high_quality_architectural_14138_Floor-1.npz,high_quality_architectural/14138/Floor-1,5,"0,1,2,3,4,8",6,34827,34827,256x256,256x256,True,kept,True,,
high_quality_architectural_14139_Floor-1.npz,high_quality_architectural/14139/Floor-1,6,"0,1,2,3,4,8",6,16689,16689,256x256,256x256,True,kept,True,,
high_quality_architectural_14139_Floor-2.npz,high_quality_architectural/14139/Floor-2,3,"0,2,3,7,8",5,12220,12220,256x256,256x256,True,kept,True,,
high_quality_architectural_14144_Floor-1.npz,high_quality_architectural/14144/Floor-1,3,"0,1,2,3,8",5,41102,41102,256x256,256x256,True,kept,True,,
high_quality_architectural_14145_Floor-1.npz,high_quality_architectural/14145/Floor-1,4,"0,1,2,3,4,5,8",7,31865,31865,256x256,256x256,True,kept,True,,
high_quality_architectural_14146_Floor-1.npz,high_quality_architectural/14146/Floor-1,2,"0,1,2,5,8",5,33721,33721,256x256,256x256,False,room_count_below_min,False,,
high_quality_architectural_14155_Floor-1.npz,high_quality_architectural/14155/Floor-1,4,"0,1,2,3,5,7,8",7,44952,44952,256x256,256x256,True,kept,True,,
high_quality_architectural_14156_Floor-1.npz,high_quality_architectural/14156/Floor-1,2,"0,1,2,4,8",5,17503,17503,256x256,256x256,False,room_count_below_min,False,,
high_quality_architectural_14158_Floor-1.npz,high_quality_architectural/14158/Floor-1,7,"0,1,2,3,4,5,7,8",8,27454,27454,256x256,256x256,True,kept,True,,
high_quality_architectural_14166_Floor-1.npz,high_quality_architectural/14166/Floor-1,5,"0,1,2,3,4,5,8",7,33387,33387,256x256,256x256,True,kept,True,,
high_quality_architectural_14167_Floor-1.npz,high_quality_architectural/14167/Floor-1,9,"0,1,2,4,5,7,8",7,30066,30066,256x256,256x256,True,kept,True,,
high_quality_architectural_14172_Floor-1.npz,high_quality_architectural/14172/Floor-1,6,"0,1,2,3,4,5,7,8",8,21957,21957,256x256,256x256,True,kept,True,,
high_quality_architectural_14174_Floor-1.npz,high_quality_architectural/14174/Floor-1,6,"0,1,2,3,4,5,8",7,30714,30714,256x256,256x256,True,kept,True,,
high_quality_architectural_14176_Floor-1.npz,high_quality_architectural/14176/Floor-1,7,"0,1,2,3,4,7,8",7,38537,38537,256x256,256x256,True,kept,True,,
high_quality_architectural_14182_Floor-1.npz,high_quality_architectural/14182/Floor-1,5,"0,1,2,3,5,6,7,8",8,41925,41925,256x256,256x256,True,kept,True,,
high_quality_architectural_14188_Floor-1.npz,high_quality_architectural/14188/Floor-1,4,"0,1,2,3,6,8",6,20707,20707,256x256,256x256,True,kept,True,,
high_quality_architectural_14189_Floor-1.npz,high_quality_architectural/14189/Floor-1,5,"0,1,2,4,8",5,44105,44105,256x256,256x256,True,kept,True,,
high_quality_architectural_14190_Floor-1.npz,high_quality_architectural/14190/Floor-1,0,"0,8",2,5607,5607,256x256,256x256,False,room_count_below_min,False,,
high_quality_architectural_14192_Floor-1.npz,high_quality_architectural/14192/Floor-1,6,"0,1,2,3,5,7,8",7,35381,35381,256x256,256x256,True,kept,True,,
high_quality_architectural_14195_Floor-1.npz,high_quality_architectural/14195/Floor-1,12,"0,2,3,4,5,7,8",7,37774,37774,256x256,256x256,True,kept,True,,
high_quality_architectural_14197_Floor-1.npz,high_quality_architectural/14197/Floor-1,3,"0,2,4,5,7,8",6,30284,30284,256x256,256x256,True,kept,True,,
high_quality_architectural_141_Floor-1.npz,high_quality_architectural/141/Floor-1,7,"0,1,2,3,4,5,7,8",8,24470,24470,256x256,256x256,True,kept,True,,
high_quality_architectural_14201_Floor-1.npz,high_quality_architectural/14201/Floor-1,4,"0,2,3,4,8",5,14807,14807,256x256,256x256,True,kept,True,,
high_quality_architectural_14201_Floor-2.npz,high_quality_architectural/14201/Floor-2,5,"0,1,3,4,5,6,8",7,15003,15003,256x256,256x256,True,kept,True,,
high_quality_architectural_14206_Floor-1.npz,high_quality_architectural/14206/Floor-1,6,"0,1,2,4,5,8",6,24466,24466,256x256,256x256,True,kept,True,,
high_quality_architectural_14219_Floor-1.npz,high_quality_architectural/14219/Floor-1,13,"0,1,2,4,5,7,8",7,33710,33710,256x256,256x256,True,kept,True,,
high_quality_architectural_14222_Floor-1.npz,high_quality_architectural/14222/Floor-1,2,"0,4,5,8",4,19545,19545,256x256,256x256,False,room_count_below_min,False,,
high_quality_architectural_14228_Floor-1.npz,high_quality_architectural/14228/Floor-1,4,"0,1,3,4,7,8",6,23466,23466,256x256,256x256,True,kept,True,,
high_quality_architectural_14231_Floor-1.npz,high_quality_architectural/14231/Floor-1,5,"0,1,2,3,4,8",6,29312,29312,256x256,256x256,True,kept,True,,
high_quality_architectural_14232_Floor-1.npz,high_quality_architectural/14232/Floor-1,5,"0,1,2,3,4,5,7,8",8,32505,32505,256x256,256x256,True,kept,True,,
high_quality_architectural_14235_Floor-1.npz,high_quality_architectural/14235/Floor-1,5,"0,3,4,5,8",5,13166,13166,256x256,256x256,True,kept,True,,
high_quality_architectural_14235_Floor-2.npz,high_quality_architectural/14235/Floor-2,7,"0,3,4,5,7,8",6,14750,14750,256x256,256x256,True,kept,True,,
high_quality_architectural_14236_Floor-1.npz,high_quality_architectural/14236/Floor-1,1,"0,1,2,5,7,8",6,49166,49166,256x256,256x256,False,room_count_below_min,False,,
high_quality_architectural_14239_Floor-1.npz,high_quality_architectural/14239/Floor-1,5,"0,1,2,3,4,5,7,8",8,37770,37770,256x256,256x256,True,kept,True,,
high_quality_architectural_1423_Floor-1.npz,high_quality_architectural/1423/Floor-1,5,"0,1,2,8",4,40537,40537,256x256,256x256,True,kept,True,,
high_quality_architectural_14241_Floor-1.npz,high_quality_architectural/14241/Floor-1,3,"0,2,3,4,8",5,24075,24075,256x256,256x256,True,kept,True,,
high_quality_architectural_14246_Floor-1.npz,high_quality_architectural/14246/Floor-1,0,"0,8",2,5791,5791,256x256,256x256,False,room_count_below_min,False,,
high_quality_architectural_14247_Floor-1.npz,high_quality_architectural/14247/Floor-1,5,"0,1,2,3,4,5,7,8",8,32857,32857,256x256,256x256,True,kept,True,,
high_quality_architectural_14254_Floor-1.npz,high_quality_architectural/14254/Floor-1,7,"0,1,3,4,7,8",6,26348,26348,256x256,256x256,True,kept,True,,
high_quality_architectural_14258_Floor-1.npz,high_quality_architectural/14258/Floor-1,3,"0,1,2,4,8",5,34299,34299,256x256,256x256,True,kept,True,,
high_quality_architectural_1425_Floor-1.npz,high_quality_architectural/1425/Floor-1,8,"0,1,2,3,4,5,7,8",8,37521,37521,256x256,256x256,True,kept,True,,
high_quality_architectural_14260_Floor-1.npz,high_quality_architectural/14260/Floor-1,8,"0,1,2,3,4,5,6,7,8",9,44476,44476,256x256,256x256,True,kept,True,,
high_quality_architectural_1426_Floor-1.npz,high_quality_architectural/1426/Floor-1,0,"0,8",2,5072,5072,256x256,256x256,False,room_count_below_min,False,,
high_quality_architectural_14272_Floor-1.npz,high_quality_architectural/14272/Floor-1,3,"0,1,2,3,4,5,8",7,30647,30647,256x256,256x256,True,kept,True,,
high_quality_architectural_14286_Floor-1.npz,high_quality_architectural/14286/Floor-1,3,"0,2,4,8",4,6150,6150,256x256,256x256,True,kept,True,,
high_quality_architectural_14286_Floor-2.npz,high_quality_architectural/14286/Floor-2,4,"0,1,2,5,8",5,9661,9661,256x256,256x256,True,kept,True,,
high_quality_architectural_14290_Floor-1.npz,high_quality_architectural/14290/Floor-1,4,"0,1,2,3,4,5,6,8",8,39664,39664,256x256,256x256,True,kept,True,,
high_quality_architectural_14293_Floor-1.npz,high_quality_architectural/14293/Floor-1,5,"0,1,2,4,5,7,8",7,31994,31994,256x256,256x256,True,kept,True,,
high_quality_architectural_14295_Floor-1.npz,high_quality_architectural/14295/Floor-1,6,"0,3,4,5,7,8",6,12743,12743,256x256,256x256,True,kept,True,,
high_quality_architectural_14295_Floor-2.npz,high_quality_architectural/14295/Floor-2,4,"0,1,2,3,5,8",6,14115,14115,256x256,256x256,True,kept,True,,
high_quality_architectural_14296_Floor-1.npz,high_quality_architectural/14296/Floor-1,4,"0,1,2,3,4,6,8",7,32937,32937,256x256,256x256,True,kept,True,,
high_quality_architectural_14297_Floor-1.npz,high_quality_architectural/14297/Floor-1,1,"0,4,8",3,6202,6202,256x256,256x256,False,room_count_below_min,False,,
high_quality_architectural_14298_Floor-1.npz,high_quality_architectural/14298/Floor-1,7,"0,1,2,3,4,7,8",7,31795,31795,256x256,256x256,True,kept,True,,
high_quality_architectural_14299_Floor-1.npz,high_quality_architectural/14299/Floor-1,5,"0,1,2,3,4,5,7,8",8,35737,35737,256x256,256x256,True,kept,True,,
high_quality_architectural_14309_Floor-1.npz,high_quality_architectural/14309/Floor-1,2,"0,2,7,8",4,26912,26912,256x256,256x256,False,room_count_below_min,False,,
high_quality_architectural_14310_Floor-1.npz,high_quality_architectural/14310/Floor-1,2,"0,4,5,8",4,12587,12587,256x256,256x256,False,room_count_below_min,False,,
high_quality_architectural_14311_Floor-1.npz,high_quality_architectural/14311/Floor-1,2,"0,2,3,4,5,8",6,38696,38696,256x256,256x256,False,room_count_below_min,False,,
high_quality_architectural_14312_Floor-1.npz,high_quality_architectural/14312/Floor-1,3,"0,1,4,5,8",5,18703,18703,256x256,256x256,True,kept,True,,
high_quality_architectural_14313_Floor-1.npz,high_quality_architectural/14313/Floor-1,1,"0,1,5,8",4,19665,19665,256x256,256x256,False,room_count_below_min,False,,
high_quality_architectural_14314_Floor-1.npz,high_quality_architectural/14314/Floor-1,2,"0,1,2,4,5,8",6,37708,37708,256x256,256x256,False,room_count_below_min,False,,
high_quality_architectural_14315_Floor-1.npz,high_quality_architectural/14315/Floor-1,0,"0,8",2,4950,4950,256x256,256x256,False,room_count_below_min,False,,
high_quality_architectural_14326_Floor-1.npz,high_quality_architectural/14326/Floor-1,2,"0,3,7,8",4,16580,16580,256x256,256x256,False,room_count_below_min,False,,
high_quality_architectural_1432_Floor-1.npz,high_quality_architectural/1432/Floor-1,6,"0,1,2,3,4,5,7,8",8,30729,30729,256x256,256x256,True,kept,True,,
high_quality_architectural_14331_Floor-1.npz,high_quality_architectural/14331/Floor-1,3,"0,1,2,4,8",5,33707,33707,256x256,256x256,True,kept,True,,
high_quality_architectural_14332_Floor-1.npz,high_quality_architectural/14332/Floor-1,5,"0,1,2,3,4,5,8",7,30471,30471,256x256,256x256,True,kept,True,,
high_quality_architectural_14333_Floor-1.npz,high_quality_architectural/14333/Floor-1,2,"0,2,4,5,8",5,31087,31087,256x256,256x256,False,room_count_below_min,False,,
high_quality_architectural_14338_Floor-1.npz,high_quality_architectural/14338/Floor-1,6,"0,1,2,3,4,5,7,8",8,14605,14605,256x256,256x256,True,kept,True,,
high_quality_architectural_14338_Floor-2.npz,high_quality_architectural/14338/Floor-2,5,"0,3,4,5,8",5,12944,12944,256x256,256x256,True,kept,True,,
high_quality_architectural_14339_Floor-1.npz,high_quality_architectural/14339/Floor-1,5,"0,1,2,3,4,8",6,38086,38086,256x256,256x256,True,kept,True,,
high_quality_architectural_14340_Floor-1.npz,high_quality_architectural/14340/Floor-1,3,"0,1,2,3,8",5,26584,26584,256x256,256x256,True,kept,True,,
high_quality_architectural_14341_Floor-1.npz,high_quality_architectural/14341/Floor-1,16,"0,1,2,3,4,7,8",7,39304,39304,256x256,256x256,True,kept,True,,
high_quality_architectural_14342_Floor-1.npz,high_quality_architectural/14342/Floor-1,4,"0,2,3,4,5,7,8",7,34435,34435,256x256,256x256,True,kept,True,,
high_quality_architectural_14346_Floor-1.npz,high_quality_architectural/14346/Floor-1,2,"0,1,2,3,5,6,8",7,40319,40319,256x256,256x256,False,room_count_below_min,False,,
high_quality_architectural_14350_Floor-1.npz,high_quality_architectural/14350/Floor-1,9,"0,1,2,3,4,5,6,7,8",9,38909,38909,256x256,256x256,True,kept,True,,
high_quality_architectural_14351_Floor-1.npz,high_quality_architectural/14351/Floor-1,6,"0,1,2,4,5,7,8",7,26528,26528,256x256,256x256,True,kept,True,,
high_quality_architectural_14352_Floor-1.npz,high_quality_architectural/14352/Floor-1,9,"0,1,2,3,4,5,7,8",8,19144,19144,256x256,256x256,True,kept,True,,
high_quality_architectural_14352_Floor-2.npz,high_quality_architectural/14352/Floor-2,5,"0,3,4,5,8",5,10047,10047,256x256,256x256,True,kept,True,,
high_quality_architectural_14353_Floor-1.npz,high_quality_architectural/14353/Floor-1,8,"0,1,2,3,4,5,7,8",8,28082,28082,256x256,256x256,True,kept,True,,
high_quality_architectural_14354_Floor-1.npz,high_quality_architectural/14354/Floor-1,8,"0,1,3,4,5,6,7,8",8,28635,28635,256x256,256x256,True,kept,True,,
high_quality_architectural_14358_Floor-1.npz,high_quality_architectural/14358/Floor-1,2,"0,1,2,4,8",5,22277,22277,256x256,256x256,False,room_count_below_min,False,,
high_quality_architectural_14360_Floor-1.npz,high_quality_architectural/14360/Floor-1,5,"0,2,4,7,8",5,19116,19116,256x256,256x256,True,kept,True,,
high_quality_architectural_14360_Floor-2.npz,high_quality_architectural/14360/Floor-2,7,"0,2,3,4,5,7,8",7,20254,20254,256x256,256x256,True,kept,True,,
high_quality_architectural_14363_Floor-1.npz,high_quality_architectural/14363/Floor-1,3,"0,1,2,4,8",5,33515,33515,256x256,256x256,True,kept,True,,
high_quality_architectural_14368_Floor-1.npz,high_quality_architectural/14368/Floor-1,5,"0,1,2,3,4,5,7,8",8,32392,32392,256x256,256x256,True,kept,True,,
high_quality_architectural_14369_Floor-1.npz,high_quality_architectural/14369/Floor-1,2,"0,4,7,8",4,4108,4108,256x256,256x256,False,room_count_below_min,False,,
high_quality_architectural_14369_Floor-2.npz,high_quality_architectural/14369/Floor-2,8,"0,1,2,3,4,5,7,8",8,17614,17614,256x256,256x256,True,kept,True,,
high_quality_architectural_14373_Floor-1.npz,high_quality_architectural/14373/Floor-1,7,"0,1,2,3,4,5,6,7,8",9,16662,16662,256x256,256x256,True,kept,True,,
high_quality_architectural_14373_Floor-2.npz,high_quality_architectural/14373/Floor-2,6,"0,3,4,5,7,8",6,7847,7847,256x256,256x256,True,kept,True,,
high_quality_architectural_14376_Floor-1.npz,high_quality_architectural/14376/Floor-1,5,"0,1,2,3,4,5,8",7,37406,37406,256x256,256x256,True,kept,True,,
high_quality_architectural_14379_Floor-1.npz,high_quality_architectural/14379/Floor-1,9,"0,1,2,3,4,5,7,8",8,39877,39877,256x256,256x256,True,kept,True,,
high_quality_architectural_1437_Floor-1.npz,high_quality_architectural/1437/Floor-1,4,"0,1,2,4,7,8",6,20354,20354,256x256,256x256,True,kept,True,,
high_quality_architectural_14384_Floor-1.npz,high_quality_architectural/14384/Floor-1,4,"0,1,2,4,5,8",6,47486,47486,256x256,256x256,True,kept,True,,
high_quality_architectural_14385_Floor-1.npz,high_quality_architectural/14385/Floor-1,8,"0,1,2,3,4,5,7,8",8,34628,34628,256x256,256x256,True,kept,True,,
high_quality_architectural_14386_Floor-1.npz,high_quality_architectural/14386/Floor-1,7,"0,1,2,3,4,5,6,7,8",9,29929,29929,256x256,256x256,True,kept,True,,
high_quality_architectural_14388_Floor-1.npz,high_quality_architectural/14388/Floor-1,4,"0,2,3,4,5,7,8",7,13373,13373,256x256,256x256,True,kept,True,,
high_quality_architectural_14388_Floor-2.npz,high_quality_architectural/14388/Floor-2,7,"0,3,5,7,8",5,16062,16062,256x256,256x256,True,kept,True,,
high_quality_architectural_1438_Floor-1.npz,high_quality_architectural/1438/Floor-1,3,"0,1,2,4,8",5,39068,39068,256x256,256x256,True,kept,True,,
high_quality_architectural_14390_Floor-1.npz,high_quality_architectural/14390/Floor-1,6,"0,1,2,3,4,5,7,8",8,14745,14745,256x256,256x256,True,kept,True,,
high_quality_architectural_14390_Floor-2.npz,high_quality_architectural/14390/Floor-2,6,"0,3,4,5,8",5,10346,10346,256x256,256x256,True,kept,True,,
high_quality_architectural_14394_Floor-1.npz,high_quality_architectural/14394/Floor-1,3,"0,2,4,8",4,22178,22178,256x256,256x256,True,kept,True,,
high_quality_architectural_14395_Floor-1.npz,high_quality_architectural/14395/Floor-1,4,"0,1,2,3,4,5,7,8",8,24203,24203,256x256,256x256,True,kept,True,,
high_quality_architectural_14396_Floor-1.npz,high_quality_architectural/14396/Floor-1,12,"0,1,2,3,4,5,7,8",8,17745,17745,256x256,256x256,True,kept,True,,
high_quality_architectural_14396_Floor-2.npz,high_quality_architectural/14396/Floor-2,6,"0,3,4,5,7,8",6,9308,9308,256x256,256x256,True,kept,True,,
high_quality_architectural_1439_Floor-1.npz,high_quality_architectural/1439/Floor-1,1,"0,1,2,5,8",5,34637,34637,256x256,256x256,False,room_count_below_min,False,,
high_quality_architectural_143_Floor-1.npz,high_quality_architectural/143/Floor-1,9,"0,2,4,7,8",5,15283,15283,256x256,256x256,True,kept,True,,
high_quality_architectural_143_Floor-2.npz,high_quality_architectural/143/Floor-2,8,"0,1,2,3,5,6,7,8",8,18907,18907,256x256,256x256,True,kept,True,,
high_quality_architectural_14402_Floor-1.npz,high_quality_architectural/14402/Floor-1,4,"0,1,2,4,5,8",6,37241,37241,256x256,256x256,True,kept,True,,
high_quality_architectural_14403_Floor-1.npz,high_quality_architectural/14403/Floor-1,4,"0,1,2,3,5,8",6,36084,36084,256x256,256x256,True,kept,True,,
high_quality_architectural_14404_Floor-1.npz,high_quality_architectural/14404/Floor-1,4,"0,1,2,4,7,8",6,24456,24456,256x256,256x256,True,kept,True,,
high_quality_architectural_14405_Floor-1.npz,high_quality_architectural/14405/Floor-1,6,"0,1,2,3,4,5,8",7,32947,32947,256x256,256x256,True,kept,True,,
high_quality_architectural_14408_Floor-1.npz,high_quality_architectural/14408/Floor-1,0,"0,8",2,7174,7174,256x256,256x256,False,room_count_below_min,False,,
high_quality_architectural_14409_Floor-1.npz,high_quality_architectural/14409/Floor-1,2,"0,1,2,3,8",5,26390,26390,256x256,256x256,False,room_count_below_min,False,,
high_quality_architectural_14410_Floor-1.npz,high_quality_architectural/14410/Floor-1,7,"0,1,2,3,4,8",6,16367,16367,256x256,256x256,True,kept,True,,
high_quality_architectural_14420_Floor-1.npz,high_quality_architectural/14420/Floor-1,2,"0,1,2,3,5,8",6,33011,33011,256x256,256x256,False,room_count_below_min,False,,
high_quality_architectural_14422_Floor-1.npz,high_quality_architectural/14422/Floor-1,8,"0,1,2,4,5,6,7,8",8,46359,46359,256x256,256x256,True,kept,True,,
high_quality_architectural_14423_Floor-1.npz,high_quality_architectural/14423/Floor-1,5,"0,1,2,3,4,8",6,27735,27735,256x256,256x256,True,kept,True,,
high_quality_architectural_14426_Floor-1.npz,high_quality_architectural/14426/Floor-1,3,"0,1,2,3,6,8",6,39924,39924,256x256,256x256,True,kept,True,,
high_quality_architectural_14432_Floor-1.npz,high_quality_architectural/14432/Floor-1,5,"0,1,2,3,4,5,7,8",8,14470,14470,256x256,256x256,True,kept,True,,
high_quality_architectural_14432_Floor-2.npz,high_quality_architectural/14432/Floor-2,5,"0,3,4,5,8",5,14201,14201,256x256,256x256,True,kept,True,,
high_quality_architectural_14436_Floor-1.npz,high_quality_architectural/14436/Floor-1,8,"0,1,2,3,4,5,7,8",8,21171,21171,256x256,256x256,True,kept,True,,
high_quality_architectural_14437_Floor-1.npz,high_quality_architectural/14437/Floor-1,2,"0,1,2,4,5,8",6,15494,15494,256x256,256x256,False,room_count_below_min,False,,
high_quality_architectural_14437_Floor-2.npz,high_quality_architectural/14437/Floor-2,0,"0,8",2,2732,2732,256x256,256x256,False,room_count_below_min,False,,
high_quality_architectural_14438_Floor-1.npz,high_quality_architectural/14438/Floor-1,2,"0,4,5,8",4,16899,16899,256x256,256x256,False,room_count_below_min,False,,
high_quality_architectural_14440_Floor-1.npz,high_quality_architectural/14440/Floor-1,2,"0,4,5,8",4,13923,13923,256x256,256x256,False,room_count_below_min,False,,
high_quality_architectural_14441_Floor-1.npz,high_quality_architectural/14441/Floor-1,5,"0,1,2,3,4,7,8",7,30792,30792,256x256,256x256,True,kept,True,,
high_quality_architectural_14445_Floor-1.npz,high_quality_architectural/14445/Floor-1,3,"0,2,4,5,7,8",6,22614,22614,256x256,256x256,True,kept,True,,
high_quality_architectural_1444_Floor-1.npz,high_quality_architectural/1444/Floor-1,3,"0,1,2,3,8",5,32290,32290,256x256,256x256,True,kept,True,,
high_quality_architectural_14455_Floor-1.npz,high_quality_architectural/14455/Floor-1,6,"0,1,2,4,5,7,8",7,11393,11393,256x256,256x256,True,kept,True,,
high_quality_architectural_14455_Floor-2.npz,high_quality_architectural/14455/Floor-2,4,"0,3,4,8",4,14619,14619,256x256,256x256,True,kept,True,,
high_quality_architectural_14459_Floor-1.npz,high_quality_architectural/14459/Floor-1,4,"0,1,2,3,4,8",6,36899,36899,256x256,256x256,True,kept,True,,
high_quality_architectural_14466_Floor-1.npz,high_quality_architectural/14466/Floor-1,6,"0,1,2,3,4,5,7,8",8,48047,48047,256x256,256x256,True,kept,True,,
high_quality_architectural_14474_Floor-1.npz,high_quality_architectural/14474/Floor-1,4,"0,1,2,3,5,8",6,36955,36955,256x256,256x256,True,kept,True,,
high_quality_architectural_14477_Floor-1.npz,high_quality_architectural/14477/Floor-1,5,"0,1,3,4,5,7,8",7,20103,20103,256x256,256x256,True,kept,True,,
high_quality_architectural_14483_Floor-1.npz,high_quality_architectural/14483/Floor-1,6,"0,1,2,3,4,5,8",7,10705,10705,256x256,256x256,True,kept,True,,
high_quality_architectural_14483_Floor-2.npz,high_quality_architectural/14483/Floor-2,2,"0,3,5,8",4,5655,5655,256x256,256x256,False,room_count_below_min,False,,
high_quality_architectural_14483_Floor-3.npz,high_quality_architectural/14483/Floor-3,5,"0,2,4,5,8",5,9826,9826,256x256,256x256,True,kept,True,,
high_quality_architectural_14484_Floor-1.npz,high_quality_architectural/14484/Floor-1,3,"0,1,2,4,5,8",6,34198,34198,256x256,256x256,True,kept,True,,
high_quality_architectural_14487_Floor-1.npz,high_quality_architectural/14487/Floor-1,5,"0,1,2,3,4,5,8",7,36369,36369,256x256,256x256,True,kept,True,,
high_quality_architectural_14489_Floor-1.npz,high_quality_architectural/14489/Floor-1,4,"0,1,2,3,6,7,8",7,25917,25917,256x256,256x256,True,kept,True,,
high_quality_architectural_14490_Floor-1.npz,high_quality_architectural/14490/Floor-1,5,"0,1,3,5,6,7,8",7,24355,24355,256x256,256x256,True,kept,True,,
high_quality_architectural_14491_Floor-1.npz,high_quality_architectural/14491/Floor-1,6,"0,1,2,3,4,5,6,7,8",9,26705,26705,256x256,256x256,True,kept,True,,
high_quality_architectural_14492_Floor-1.npz,high_quality_architectural/14492/Floor-1,1,"0,1,8",3,8455,8455,256x256,256x256,False,room_count_below_min,False,,
high_quality_architectural_14494_Floor-1.npz,high_quality_architectural/14494/Floor-1,2,"0,2,4,5,7,8",6,22646,22646,256x256,256x256,False,room_count_below_min,False,,
high_quality_architectural_14498_Floor-1.npz,high_quality_architectural/14498/Floor-1,5,"0,1,3,4,5,8",6,30784,30784,256x256,256x256,True,kept,True,,
high_quality_architectural_144_Floor-1.npz,high_quality_architectural/144/Floor-1,3,"0,1,2,3,4,5,8",7,33008,33008,256x256,256x256,True,kept,True,,
high_quality_architectural_14500_Floor-1.npz,high_quality_architectural/14500/Floor-1,1,"0,1,2,8",4,23174,23174,256x256,256x256,False,room_count_below_min,False,,
high_quality_architectural_14503_Floor-1.npz,high_quality_architectural/14503/Floor-1,5,"0,2,4,7,8",5,5793,5793,256x256,256x256,True,kept,True,,
high_quality_architectural_14503_Floor-2.npz,high_quality_architectural/14503/Floor-2,14,"0,1,2,4,5,7,8",7,12117,12117,256x256,256x256,True,kept,True,,
high_quality_architectural_14504_Floor-1.npz,high_quality_architectural/14504/Floor-1,7,"0,1,2,3,4,5,7,8",8,37296,37296,256x256,256x256,True,kept,True,,
high_quality_architectural_14509_Floor-1.npz,high_quality_architectural/14509/Floor-1,3,"0,1,2,4,8",5,21464,21464,256x256,256x256,True,kept,True,,
high_quality_architectural_14522_Floor-1.npz,high_quality_architectural/14522/Floor-1,0,"0,8",2,5694,5694,256x256,256x256,False,room_count_below_min,False,,
high_quality_architectural_14529_Floor-1.npz,high_quality_architectural/14529/Floor-1,4,"0,1,2,3,6,7,8",7,33337,33337,256x256,256x256,True,kept,True,,
high_quality_architectural_14530_Floor-1.npz,high_quality_architectural/14530/Floor-1,5,"0,1,2,4,5,7,8",7,16419,16419,256x256,256x256,True,kept,True,,
high_quality_architectural_14530_Floor-2.npz,high_quality_architectural/14530/Floor-2,6,"0,3,4,5,7,8",6,11408,11408,256x256,256x256,True,kept,True,,
high_quality_architectural_14533_Floor-1.npz,high_quality_architectural/14533/Floor-1,3,"0,1,2,3,5,7,8",7,40783,40783,256x256,256x256,True,kept,True,,
high_quality_architectural_14535_Floor-1.npz,high_quality_architectural/14535/Floor-1,7,"0,2,3,4,5,7,8",7,34205,34205,256x256,256x256,True,kept,True,,
high_quality_architectural_14537_Floor-1.npz,high_quality_architectural/14537/Floor-1,7,"0,1,2,3,4,5,7,8",8,35628,35628,256x256,256x256,True,kept,True,,
high_quality_architectural_14538_Floor-1.npz,high_quality_architectural/14538/Floor-1,4,"0,1,2,3,4,7,8",7,28897,28897,256x256,256x256,True,kept,True,,
high_quality_architectural_14546_Floor-1.npz,high_quality_architectural/14546/Floor-1,2,"0,1,2,8",4,30861,30861,256x256,256x256,False,room_count_below_min,False,,
high_quality_architectural_14547_Floor-1.npz,high_quality_architectural/14547/Floor-1,7,"0,1,2,3,4,6,7,8",8,40574,40574,256x256,256x256,True,kept,True,,
high_quality_architectural_14552_Floor-1.npz,high_quality_architectural/14552/Floor-1,6,"0,1,2,3,4,5,7,8",8,33131,33131,256x256,256x256,True,kept,True,,
high_quality_architectural_14554_Floor-1.npz,high_quality_architectural/14554/Floor-1,6,"0,1,3,4,6,7,8",7,24011,24011,256x256,256x256,True,kept,True,,
high_quality_architectural_14559_Floor-1.npz,high_quality_architectural/14559/Floor-1,4,"0,1,2,4,5,8",6,9931,9931,256x256,256x256,True,kept,True,,
high_quality_architectural_14559_Floor-2.npz,high_quality_architectural/14559/Floor-2,5,"0,3,4,5,7,8",6,11917,11917,256x256,256x256,True,kept,True,,
high_quality_architectural_1455_Floor-1.npz,high_quality_architectural/1455/Floor-1,5,"0,1,3,4,5,7,8",7,24544,24544,256x256,256x256,True,kept,True,,
high_quality_architectural_14561_Floor-1.npz,high_quality_architectural/14561/Floor-1,7,"0,1,2,3,4,5,6,7,8",9,15545,15545,256x256,256x256,True,kept,True,,
high_quality_architectural_14561_Floor-2.npz,high_quality_architectural/14561/Floor-2,6,"0,3,4,5,7,8",6,9471,9471,256x256,256x256,True,kept,True,,
high_quality_architectural_14563_Floor-1.npz,high_quality_architectural/14563/Floor-1,6,"0,1,2,3,4,5,6,7,8",9,32274,32274,256x256,256x256,True,kept,True,,
high_quality_architectural_14566_Floor-1.npz,high_quality_architectural/14566/Floor-1,5,"0,1,2,3,4,5,7,8",8,36778,36778,256x256,256x256,True,kept,True,,
high_quality_architectural_14575_Floor-1.npz,high_quality_architectural/14575/Floor-1,3,"0,1,3,4,8",5,19968,19968,256x256,256x256,True,kept,True,,
high_quality_architectural_14576_Floor-1.npz,high_quality_architectural/14576/Floor-1,7,"0,1,2,3,4,5,7,8",8,26284,26284,256x256,256x256,True,kept,True,,
high_quality_architectural_14577_Floor-1.npz,high_quality_architectural/14577/Floor-1,10,"0,1,2,3,4,5,7,8",8,26843,26843,256x256,256x256,True,kept,True,,
high_quality_architectural_1457_Floor-1.npz,high_quality_architectural/1457/Floor-1,5,"0,2,4,5,7,8",6,6781,6781,256x256,256x256,True,kept,True,,
high_quality_architectural_1457_Floor-2.npz,high_quality_architectural/1457/Floor-2,4,"0,2,3,4,5,8",6,8668,8668,256x256,256x256,True,kept,True,,
high_quality_architectural_14581_Floor-1.npz,high_quality_architectural/14581/Floor-1,7,"0,1,2,3,4,5,7,8",8,37988,37988,256x256,256x256,True,kept,True,,
high_quality_architectural_14587_Floor-1.npz,high_quality_architectural/14587/Floor-1,8,"0,1,2,3,4,5,6,7,8",9,26862,26862,256x256,256x256,True,kept,True,,
high_quality_architectural_14589_Floor-1.npz,high_quality_architectural/14589/Floor-1,10,"0,1,2,3,4,5,7,8",8,35711,35711,256x256,256x256,True,kept,True,,
high_quality_architectural_14590_Floor-1.npz,high_quality_architectural/14590/Floor-1,10,"0,1,2,3,4,5,7,8",8,47344,47344,256x256,256x256,True,kept,True,,
high_quality_architectural_14594_Floor-1.npz,high_quality_architectural/14594/Floor-1,3,"0,1,2,3,4,8",6,29909,29909,256x256,256x256,True,kept,True,,
high_quality_architectural_14595_Floor-1.npz,high_quality_architectural/14595/Floor-1,6,"0,1,2,3,4,7,8",7,35576,35576,256x256,256x256,True,kept,True,,
high_quality_architectural_14596_Floor-1.npz,high_quality_architectural/14596/Floor-1,4,"0,1,2,5,6,7,8",7,16125,16125,256x256,256x256,True,kept,True,,
high_quality_architectural_14596_Floor-2.npz,high_quality_architectural/14596/Floor-2,4,"0,3,5,8",4,13025,13025,256x256,256x256,True,kept,True,,
high_quality_architectural_145_Floor-1.npz,high_quality_architectural/145/Floor-1,3,"0,1,2,3,8",5,25110,25110,256x256,256x256,True,kept,True,,
high_quality_architectural_14605_Floor-1.npz,high_quality_architectural/14605/Floor-1,3,"0,1,2,3,5,8",6,32647,32647,256x256,256x256,True,kept,True,,
high_quality_architectural_14608_Floor-1.npz,high_quality_architectural/14608/Floor-1,12,"0,1,2,3,4,5,7,8",8,38547,38547,256x256,256x256,True,kept,True,,
high_quality_architectural_14611_Floor-1.npz,high_quality_architectural/14611/Floor-1,9,"0,1,2,4,7,8",6,33970,33970,256x256,256x256,True,kept,True,,
high_quality_architectural_14611_Floor-2.npz,high_quality_architectural/14611/Floor-2,0,"0,8",2,2264,2264,256x256,256x256,False,room_count_below_min,False,,
high_quality_architectural_14612_Floor-1.npz,high_quality_architectural/14612/Floor-1,10,"0,2,4,5,7,8",6,10105,10105,256x256,256x256,True,kept,True,,
high_quality_architectural_14612_Floor-2.npz,high_quality_architectural/14612/Floor-2,4,"0,1,2,3,4,5,6,8",8,8149,8149,256x256,256x256,True,kept,True,,
high_quality_architectural_14612_Floor-3.npz,high_quality_architectural/14612/Floor-3,5,"0,3,5,7,8",5,4695,4695,256x256,256x256,True,kept,True,,
high_quality_architectural_14619_Floor-1.npz,high_quality_architectural/14619/Floor-1,7,"0,1,2,3,4,5,7,8",8,34991,34991,256x256,256x256,True,kept,True,,
high_quality_architectural_1461_Floor-1.npz,high_quality_architectural/1461/Floor-1,3,"0,3,4,5,8",5,15956,15956,256x256,256x256,True,kept,True,,
high_quality_architectural_14622_Floor-1.npz,high_quality_architectural/14622/Floor-1,2,"0,1,4,5,8",5,23923,23923,256x256,256x256,False,room_count_below_min,False,,
high_quality_architectural_14627_Floor-1.npz,high_quality_architectural/14627/Floor-1,7,"0,1,2,3,4,5,7,8",8,32784,32784,256x256,256x256,True,kept,True,,
high_quality_architectural_14630_Floor-1.npz,high_quality_architectural/14630/Floor-1,4,"0,1,2,3,5,8",6,27849,27849,256x256,256x256,True,kept,True,,
high_quality_architectural_14638_Floor-1.npz,high_quality_architectural/14638/Floor-1,3,"0,1,2,3,5,8",6,31564,31564,256x256,256x256,True,kept,True,,
high_quality_architectural_14640_Floor-1.npz,high_quality_architectural/14640/Floor-1,3,"0,1,3,4,5,8",6,23802,23802,256x256,256x256,True,kept,True,,
high_quality_architectural_14644_Floor-1.npz,high_quality_architectural/14644/Floor-1,5,"0,1,2,3,4,5,6,7,8",9,33571,33571,256x256,256x256,True,kept,True,,
high_quality_architectural_14646_Floor-1.npz,high_quality_architectural/14646/Floor-1,4,"0,1,2,3,5,6,8",7,35177,35177,256x256,256x256,True,kept,True,,
high_quality_architectural_14648_Floor-1.npz,high_quality_architectural/14648/Floor-1,3,"0,1,2,4,5,8",6,31751,31751,256x256,256x256,True,kept,True,,
high_quality_architectural_14649_Floor-1.npz,high_quality_architectural/14649/Floor-1,3,"0,1,2,3,4,5,8",7,35687,35687,256x256,256x256,True,kept,True,,
high_quality_architectural_14650_Floor-1.npz,high_quality_architectural/14650/Floor-1,12,"0,1,2,3,4,5,6,7,8",9,29664,29664,256x256,256x256,True,kept,True,,
high_quality_architectural_14656_Floor-1.npz,high_quality_architectural/14656/Floor-1,11,"0,1,3,4,7,8",6,22039,22039,256x256,256x256,True,kept,True,,
high_quality_architectural_14668_Floor-1.npz,high_quality_architectural/14668/Floor-1,5,"0,3,4,7,8",5,9285,9285,256x256,256x256,True,kept,True,,
high_quality_architectural_14668_Floor-2.npz,high_quality_architectural/14668/Floor-2,2,"0,1,2,4,5,6,8",7,11776,11776,256x256,256x256,False,room_count_below_min,False,,
high_quality_architectural_14670_Floor-1.npz,high_quality_architectural/14670/Floor-1,4,"0,2,4,7,8",5,11066,11066,256x256,256x256,True,kept,True,,
high_quality_architectural_14670_Floor-2.npz,high_quality_architectural/14670/Floor-2,4,"0,1,2,3,4,5,8",7,12648,12648,256x256,256x256,True,kept,True,,
high_quality_architectural_14690_Floor-1.npz,high_quality_architectural/14690/Floor-1,18,"0,1,3,4,5,7,8",7,28118,28118,256x256,256x256,True,kept,True,,
high_quality_architectural_14691_Floor-1.npz,high_quality_architectural/14691/Floor-1,5,"0,1,2,4,8",5,37561,37561,256x256,256x256,True,kept,True,,
high_quality_architectural_14695_Floor-1.npz,high_quality_architectural/14695/Floor-1,5,"0,1,2,3,4,5,6,7,8",9,38451,38451,256x256,256x256,True,kept,True,,
high_quality_architectural_14698_Floor-1.npz,high_quality_architectural/14698/Floor-1,11,"0,1,2,3,4,5,7,8",8,44440,44440,256x256,256x256,True,kept,True,,
high_quality_architectural_14705_Floor-1.npz,high_quality_architectural/14705/Floor-1,6,"0,1,2,3,4,5,7,8",8,36916,36916,256x256,256x256,True,kept,True,,
high_quality_architectural_14706_Floor-1.npz,high_quality_architectural/14706/Floor-1,4,"0,1,2,3,4,5,8",7,25000,25000,256x256,256x256,True,kept,True,,
high_quality_architectural_14708_Floor-1.npz,high_quality_architectural/14708/Floor-1,7,"0,1,2,3,4,6,7,8",8,36072,36072,256x256,256x256,True,kept,True,,
high_quality_architectural_14710_Floor-1.npz,high_quality_architectural/14710/Floor-1,9,"0,1,2,3,4,5,7,8",8,31929,31929,256x256,256x256,True,kept,True,,
high_quality_architectural_14715_Floor-1.npz,high_quality_architectural/14715/Floor-1,2,"0,3,7,8",4,8995,8995,256x256,256x256,False,room_count_below_min,False,,
high_quality_architectural_1472_Floor-1.npz,high_quality_architectural/1472/Floor-1,9,"0,2,4,7,8",5,18254,18254,256x256,256x256,True,kept,True,,
high_quality_architectural_1472_Floor-2.npz,high_quality_architectural/1472/Floor-2,7,"0,1,2,3,4,7,8",7,19589,19589,256x256,256x256,True,kept,True,,
high_quality_architectural_14736_Floor-1.npz,high_quality_architectural/14736/Floor-1,3,"0,2,3,4,5,8",6,36230,36230,256x256,256x256,True,kept,True,,
high_quality_architectural_14746_Floor-1.npz,high_quality_architectural/14746/Floor-1,0,"0,8",2,5543,5543,256x256,256x256,False,room_count_below_min,False,,
high_quality_architectural_14747_Floor-1.npz,high_quality_architectural/14747/Floor-1,0,"0,8",2,5180,5180,256x256,256x256,False,room_count_below_min,False,,
high_quality_architectural_14749_Floor-1.npz,high_quality_architectural/14749/Floor-1,0,"0,8",2,5466,5466,256x256,256x256,False,room_count_below_min,False,,
high_quality_architectural_14750_Floor-1.npz,high_quality_architectural/14750/Floor-1,2,"0,1,2,8",4,29012,29012,256x256,256x256,False,room_count_below_min,False,,
high_quality_architectural_14751_Floor-1.npz,high_quality_architectural/14751/Floor-1,0,"0,8",2,5957,5957,256x256,256x256,False,room_count_below_min,False,,
high_quality_architectural_14752_Floor-1.npz,high_quality_architectural/14752/Floor-1,0,"0,8",2,5890,5890,256x256,256x256,False,room_count_below_min,False,,
high_quality_architectural_14753_Floor-1.npz,high_quality_architectural/14753/Floor-1,0,"0,8",2,7065,7065,256x256,256x256,False,room_count_below_min,False,,
high_quality_architectural_14754_Floor-1.npz,high_quality_architectural/14754/Floor-1,0,"0,8",2,6217,6217,256x256,256x256,False,room_count_below_min,False,,
high_quality_architectural_14755_Floor-1.npz,high_quality_architectural/14755/Floor-1,0,"0,8",2,6035,6035,256x256,256x256,False,room_count_below_min,False,,
high_quality_architectural_14757_Floor-1.npz,high_quality_architectural/14757/Floor-1,0,"0,8",2,5249,5249,256x256,256x256,False,room_count_below_min,False,,
high_quality_architectural_14758_Floor-1.npz,high_quality_architectural/14758/Floor-1,0,"0,8",2,5889,5889,256x256,256x256,False,room_count_below_min,False,,
high_quality_architectural_14759_Floor-1.npz,high_quality_architectural/14759/Floor-1,0,"0,8",2,7886,7886,256x256,256x256,False,room_count_below_min,False,,
high_quality_architectural_1475_Floor-1.npz,high_quality_architectural/1475/Floor-1,7,"0,1,3,4,5,7,8",7,31879,31879,256x256,256x256,True,kept,True,,
high_quality_architectural_14761_Floor-1.npz,high_quality_architectural/14761/Floor-1,0,"0,8",2,7444,7444,256x256,256x256,False,room_count_below_min,False,,
high_quality_architectural_14762_Floor-1.npz,high_quality_architectural/14762/Floor-1,0,"0,8",2,6854,6854,256x256,256x256,False,room_count_below_min,False,,
high_quality_architectural_14763_Floor-1.npz,high_quality_architectural/14763/Floor-1,0,"0,8",2,5036,5036,256x256,256x256,False,room_count_below_min,False,,
high_quality_architectural_14765_Floor-1.npz,high_quality_architectural/14765/Floor-1,0,"0,8",2,5404,5404,256x256,256x256,False,room_count_below_min,False,,
high_quality_architectural_14766_Floor-1.npz,high_quality_architectural/14766/Floor-1,0,"0,8",2,7357,7357,256x256,256x256,False,room_count_below_min,False,,
high_quality_architectural_14771_Floor-1.npz,high_quality_architectural/14771/Floor-1,7,"0,1,3,4,5,7,8",7,23675,23675,256x256,256x256,True,kept,True,,
high_quality_architectural_14772_Floor-1.npz,high_quality_architectural/14772/Floor-1,6,"0,1,2,3,4,5,7,8",8,37176,37176,256x256,256x256,True,kept,True,,
high_quality_architectural_14777_Floor-1.npz,high_quality_architectural/14777/Floor-1,4,"0,1,2,4,5,8",6,24306,24306,256x256,256x256,True,kept,True,,
high_quality_architectural_14787_Floor-1.npz,high_quality_architectural/14787/Floor-1,7,"0,1,2,3,4,5,8",7,46142,46142,256x256,256x256,True,kept,True,,
high_quality_architectural_1478_Floor-1.npz,high_quality_architectural/1478/Floor-1,2,"0,2,3,5,8",5,27372,27372,256x256,256x256,False,room_count_below_min,False,,
high_quality_architectural_14790_Floor-1.npz,high_quality_architectural/14790/Floor-1,5,"0,1,2,3,4,5,6,7,8",9,17108,17108,256x256,256x256,True,kept,True,,
high_quality_architectural_14790_Floor-2.npz,high_quality_architectural/14790/Floor-2,6,"0,3,4,5,7,8",6,14868,14868,256x256,256x256,True,kept,True,,
high_quality_architectural_14793_Floor-1.npz,high_quality_architectural/14793/Floor-1,2,"0,1,2,3,5,8",6,37762,37762,256x256,256x256,False,room_count_below_min,False,,
high_quality_architectural_14794_Floor-1.npz,high_quality_architectural/14794/Floor-1,3,"0,1,2,4,5,7,8",7,14547,14547,256x256,256x256,True,kept,True,,
high_quality_architectural_14794_Floor-2.npz,high_quality_architectural/14794/Floor-2,3,"0,3,4,8",4,10810,10810,256x256,256x256,True,kept,True,,
high_quality_architectural_14797_Floor-1.npz,high_quality_architectural/14797/Floor-1,7,"0,1,2,3,4,5,7,8",8,41160,41160,256x256,256x256,True,kept,True,,
high_quality_architectural_14803_Floor-1.npz,high_quality_architectural/14803/Floor-1,3,"0,1,2,4,7,8",6,8933,8933,256x256,256x256,True,kept,True,,
high_quality_architectural_14803_Floor-2.npz,high_quality_architectural/14803/Floor-2,4,"0,3,4,8",4,8458,8458,256x256,256x256,True,kept,True,,
high_quality_architectural_14805_Floor-1.npz,high_quality_architectural/14805/Floor-1,4,"0,4,7,8",4,10610,10610,256x256,256x256,True,kept,True,,
high_quality_architectural_14806_Floor-1.npz,high_quality_architectural/14806/Floor-1,4,"0,1,2,4,5,7,8",7,10274,10274,256x256,256x256,True,kept,True,,
high_quality_architectural_14806_Floor-2.npz,high_quality_architectural/14806/Floor-2,4,"0,3,4,8",4,8977,8977,256x256,256x256,True,kept,True,,
high_quality_architectural_14809_Floor-1.npz,high_quality_architectural/14809/Floor-1,8,"0,2,3,4,5,7,8",7,25625,25625,256x256,256x256,True,kept,True,,
high_quality_architectural_14811_Floor-1.npz,high_quality_architectural/14811/Floor-1,4,"0,1,2,4,8",5,27989,27989,256x256,256x256,True,kept,True,,
high_quality_architectural_14812_Floor-1.npz,high_quality_architectural/14812/Floor-1,7,"0,1,3,4,5,7,8",7,33325,33325,256x256,256x256,True,kept,True,,
high_quality_architectural_14814_Floor-1.npz,high_quality_architectural/14814/Floor-1,9,"0,1,2,4,5,6,7,8",8,30097,30097,256x256,256x256,True,kept,True,,
high_quality_architectural_14816_Floor-1.npz,high_quality_architectural/14816/Floor-1,6,"0,2,3,4,5,7,8",7,30534,30534,256x256,256x256,True,kept,True,,
high_quality_architectural_14817_Floor-1.npz,high_quality_architectural/14817/Floor-1,8,"0,1,2,4,5,6,7,8",8,34306,34306,256x256,256x256,True,kept,True,,
high_quality_architectural_14818_Floor-1.npz,high_quality_architectural/14818/Floor-1,7,"0,2,4,5,7,8",6,20856,20856,256x256,256x256,True,kept,True,,
high_quality_architectural_14823_Floor-1.npz,high_quality_architectural/14823/Floor-1,11,"0,1,2,3,4,5,7,8",8,43515,43515,256x256,256x256,True,kept,True,,
high_quality_architectural_14838_Floor-1.npz,high_quality_architectural/14838/Floor-1,7,"0,2,3,4,5,7,8",7,34724,34724,256x256,256x256,True,kept,True,,
high_quality_architectural_1483_Floor-1.npz,high_quality_architectural/1483/Floor-1,7,"0,2,3,4,5,7,8",7,8528,8528,256x256,256x256,True,kept,True,,
high_quality_architectural_14847_Floor-1.npz,high_quality_architectural/14847/Floor-1,8,"0,1,2,3,4,5,7,8",8,10884,10884,256x256,256x256,True,kept,True,,
high_quality_architectural_14847_Floor-2.npz,high_quality_architectural/14847/Floor-2,6,"0,2,3,4,5,7,8",7,8456,8456,256x256,256x256,True,kept,True,,
high_quality_architectural_14849_Floor-1.npz,high_quality_architectural/14849/Floor-1,4,"0,2,3,4,5,7,8",7,25047,25047,256x256,256x256,True,kept,True,,
high_quality_architectural_14853_Floor-1.npz,high_quality_architectural/14853/Floor-1,5,"0,1,2,4,5,7,8",7,15938,15938,256x256,256x256,True,kept,True,,
high_quality_architectural_14853_Floor-2.npz,high_quality_architectural/14853/Floor-2,7,"0,3,4,5,7,8",6,10997,10997,256x256,256x256,True,kept,True,,
high_quality_architectural_14855_Floor-1.npz,high_quality_architectural/14855/Floor-1,7,"0,1,2,3,4,5,7,8",8,28450,28450,256x256,256x256,True,kept,True,,
high_quality_architectural_14859_Floor-1.npz,high_quality_architectural/14859/Floor-1,6,"0,1,2,3,4,5,8",7,14848,14848,256x256,256x256,True,kept,True,,
high_quality_architectural_14859_Floor-2.npz,high_quality_architectural/14859/Floor-2,6,"0,3,4,5,7,8",6,9753,9753,256x256,256x256,True,kept,True,,
high_quality_architectural_1485_Floor-1.npz,high_quality_architectural/1485/Floor-1,8,"0,1,2,3,5,7,8",7,22020,22020,256x256,256x256,True,kept,True,,
high_quality_architectural_14864_Floor-1.npz,high_quality_architectural/14864/Floor-1,7,"0,3,4,5,7,8",6,13077,13077,256x256,256x256,True,kept,True,,
high_quality_architectural_14864_Floor-2.npz,high_quality_architectural/14864/Floor-2,4,"0,1,2,3,5,7,8",7,15214,15214,256x256,256x256,True,kept,True,,
high_quality_architectural_14869_Floor-1.npz,high_quality_architectural/14869/Floor-1,4,"0,1,3,4,7,8",6,21896,21896,256x256,256x256,True,kept,True,,
high_quality_architectural_14874_Floor-1.npz,high_quality_architectural/14874/Floor-1,8,"0,1,2,3,4,5,7,8",8,26919,26919,256x256,256x256,True,kept,True,,
high_quality_architectural_14875_Floor-1.npz,high_quality_architectural/14875/Floor-1,7,"0,1,2,3,4,5,7,8",8,37529,37529,256x256,256x256,True,kept,True,,
high_quality_architectural_14877_Floor-1.npz,high_quality_architectural/14877/Floor-1,4,"0,1,2,3,4,5,8",7,40485,40485,256x256,256x256,True,kept,True,,
high_quality_architectural_14879_Floor-1.npz,high_quality_architectural/14879/Floor-1,10,"0,1,2,3,4,5,6,7,8",9,30776,30776,256x256,256x256,True,kept,True,,
high_quality_architectural_14881_Floor-1.npz,high_quality_architectural/14881/Floor-1,12,"0,1,2,3,4,5,7,8",8,26525,26525,256x256,256x256,True,kept,True,,
high_quality_architectural_14884_Floor-1.npz,high_quality_architectural/14884/Floor-1,5,"0,1,2,4,7,8",6,27320,27320,256x256,256x256,True,kept,True,,
high_quality_architectural_14896_Floor-1.npz,high_quality_architectural/14896/Floor-1,12,"0,1,2,3,4,5,7,8",8,27076,27076,256x256,256x256,True,kept,True,,
high_quality_architectural_14910_Floor-1.npz,high_quality_architectural/14910/Floor-1,9,"0,1,2,3,4,5,8",7,35437,35437,256x256,256x256,True,kept,True,,
high_quality_architectural_14917_Floor-1.npz,high_quality_architectural/14917/Floor-1,7,"0,1,2,3,4,5,7,8",8,22433,22433,256x256,256x256,True,kept,True,,
high_quality_architectural_1491_Floor-1.npz,high_quality_architectural/1491/Floor-1,3,"0,1,2,8",4,25664,25664,256x256,256x256,True,kept,True,,
high_quality_architectural_14945_Floor-1.npz,high_quality_architectural/14945/Floor-1,9,"0,2,4,5,6,7,8",7,26101,26101,256x256,256x256,True,kept,True,,
high_quality_architectural_14946_Floor-1.npz,high_quality_architectural/14946/Floor-1,7,"0,1,3,4,5,7,8",7,36601,36601,256x256,256x256,True,kept,True,,
high_quality_architectural_14955_Floor-1.npz,high_quality_architectural/14955/Floor-1,3,"0,1,2,3,4,5,8",7,30637,30637,256x256,256x256,True,kept,True,,
high_quality_architectural_14962_Floor-1.npz,high_quality_architectural/14962/Floor-1,4,"0,1,2,4,5,7,8",7,15806,15806,256x256,256x256,True,kept,True,,
high_quality_architectural_14962_Floor-2.npz,high_quality_architectural/14962/Floor-2,6,"0,3,4,5,7,8",6,13031,13031,256x256,256x256,True,kept,True,,
high_quality_architectural_14963_Floor-1.npz,high_quality_architectural/14963/Floor-1,11,"0,1,2,3,4,5,7,8",8,34913,34913,256x256,256x256,True,kept,True,,
high_quality_architectural_14964_Floor-1.npz,high_quality_architectural/14964/Floor-1,8,"0,2,3,4,5,7,8",7,11640,11640,256x256,256x256,True,kept,True,,
high_quality_architectural_14964_Floor-2.npz,high_quality_architectural/14964/Floor-2,5,"0,3,4,5,8",5,10321,10321,256x256,256x256,True,kept,True,,
high_quality_architectural_14965_Floor-1.npz,high_quality_architectural/14965/Floor-1,3,"0,1,2,4,8",5,34539,34539,256x256,256x256,True,kept,True,,
high_quality_architectural_14967_Floor-1.npz,high_quality_architectural/14967/Floor-1,7,"0,1,2,3,4,5,7,8",8,33713,33713,256x256,256x256,True,kept,True,,
high_quality_architectural_14970_Floor-1.npz,high_quality_architectural/14970/Floor-1,4,"0,1,2,3,4,5,7,8",8,13922,13922,256x256,256x256,True,kept,True,,
high_quality_architectural_14970_Floor-2.npz,high_quality_architectural/14970/Floor-2,5,"0,3,4,5,8",5,11610,11610,256x256,256x256,True,kept,True,,
high_quality_architectural_14971_Floor-1.npz,high_quality_architectural/14971/Floor-1,7,"0,2,4,5,7,8",6,6992,6992,256x256,256x256,True,kept,True,,
high_quality_architectural_14971_Floor-2.npz,high_quality_architectural/14971/Floor-2,4,"0,1,2,4,5,6,8",7,9755,9755,256x256,256x256,True,kept,True,,
high_quality_architectural_14971_Floor-3.npz,high_quality_architectural/14971/Floor-3,5,"0,2,3,5,7,8",6,5917,5917,256x256,256x256,True,kept,True,,
high_quality_architectural_14973_Floor-1.npz,high_quality_architectural/14973/Floor-1,7,"0,1,2,4,5,7,8",7,9902,9902,256x256,256x256,True,kept,True,,
high_quality_architectural_14973_Floor-2.npz,high_quality_architectural/14973/Floor-2,5,"0,3,5,7,8",5,9865,9865,256x256,256x256,True,kept,True,,
high_quality_architectural_1504_Floor-1.npz,high_quality_architectural/1504/Floor-1,8,"0,2,3,4,5,6,7,8",8,27973,27973,256x256,256x256,True,kept,True,,
high_quality_architectural_1507_Floor-1.npz,high_quality_architectural/1507/Floor-1,10,"0,1,2,3,4,5,7,8",8,30951,30951,256x256,256x256,True,kept,True,,
high_quality_architectural_150_Floor-1.npz,high_quality_architectural/150/Floor-1,3,"0,1,2,4,8",5,21143,21143,256x256,256x256,True,kept,True,,
high_quality_architectural_1511_Floor-1.npz,high_quality_architectural/1511/Floor-1,6,"0,1,2,4,6,7,8",7,26691,26691,256x256,256x256,True,kept,True,,
high_quality_architectural_1512_Floor-1.npz,high_quality_architectural/1512/Floor-1,7,"0,1,2,3,4,5,6,7,8",9,31848,31848,256x256,256x256,True,kept,True,,
high_quality_architectural_1520_Floor-1.npz,high_quality_architectural/1520/Floor-1,4,"0,1,2,7,8",5,40213,40213,256x256,256x256,True,kept,True,,
high_quality_architectural_1524_Floor-1.npz,high_quality_architectural/1524/Floor-1,4,"0,1,2,4,7,8",6,21549,21549,256x256,256x256,True,kept,True,,
high_quality_architectural_1525_Floor-1.npz,high_quality_architectural/1525/Floor-1,4,"0,1,2,4,7,8",6,42581,42581,256x256,256x256,True,kept,True,,
high_quality_architectural_1529_Floor-1.npz,high_quality_architectural/1529/Floor-1,9,"0,1,3,4,5,7,8",7,26333,26333,256x256,256x256,True,kept,True,,
high_quality_architectural_1533_Floor-1.npz,high_quality_architectural/1533/Floor-1,3,"0,1,2,3,4,5,8",7,31647,31647,256x256,256x256,True,kept,True,,
high_quality_architectural_1536_Floor-1.npz,high_quality_architectural/1536/Floor-1,5,"0,1,2,3,4,5,8",7,24784,24784,256x256,256x256,True,kept,True,,
high_quality_architectural_1539_Floor-1.npz,high_quality_architectural/1539/Floor-1,8,"0,1,2,3,4,5,7,8",8,26204,26204,256x256,256x256,True,kept,True,,
high_quality_architectural_1542_Floor-1.npz,high_quality_architectural/1542/Floor-1,6,"0,1,2,3,4,5,6,7,8",9,31847,31847,256x256,256x256,True,kept,True,,
high_quality_architectural_154_Floor-1.npz,high_quality_architectural/154/Floor-1,7,"0,1,2,3,4,5,7,8",8,37723,37723,256x256,256x256,True,kept,True,,
high_quality_architectural_1551_Floor-1.npz,high_quality_architectural/1551/Floor-1,5,"0,1,2,4,5,7,8",7,19224,19224,256x256,256x256,True,kept,True,,
high_quality_architectural_1551_Floor-2.npz,high_quality_architectural/1551/Floor-2,5,"0,2,4,7,8",5,10944,10944,256x256,256x256,True,kept,True,,
high_quality_architectural_1560_Floor-1.npz,high_quality_architectural/1560/Floor-1,4,"0,1,2,3,4,5,8",7,46807,46807,256x256,256x256,True,kept,True,,
high_quality_architectural_1561_Floor-1.npz,high_quality_architectural/1561/Floor-1,4,"0,3,4,5,8",5,26710,26710,256x256,256x256,True,kept,True,,
high_quality_architectural_1563_Floor-1.npz,high_quality_architectural/1563/Floor-1,4,"0,1,3,4,5,8",6,45528,45528,256x256,256x256,True,kept,True,,
high_quality_architectural_1572_Floor-1.npz,high_quality_architectural/1572/Floor-1,6,"0,1,2,4,5,6,7,8",8,12388,12388,256x256,256x256,True,kept,True,,
high_quality_architectural_1572_Floor-2.npz,high_quality_architectural/1572/Floor-2,12,"0,3,4,5,8",5,13435,13435,256x256,256x256,True,kept,True,,
high_quality_architectural_1575_Floor-1.npz,high_quality_architectural/1575/Floor-1,5,"0,4,7,8",4,5006,5006,256x256,256x256,True,kept,True,,
high_quality_architectural_1575_Floor-2.npz,high_quality_architectural/1575/Floor-2,6,"0,1,2,3,4,5,7,8",8,9602,9602,256x256,256x256,True,kept,True,,
high_quality_architectural_1575_Floor-3.npz,high_quality_architectural/1575/Floor-3,3,"0,3,4,8",4,3713,3713,256x256,256x256,True,kept,True,,
high_quality_architectural_1576_Floor-1.npz,high_quality_architectural/1576/Floor-1,4,"0,2,4,5,7,8",6,13572,13572,256x256,256x256,True,kept,True,,
high_quality_architectural_1576_Floor-2.npz,high_quality_architectural/1576/Floor-2,7,"0,2,3,5,8",5,16972,16972,256x256,256x256,True,kept,True,,
high_quality_architectural_1579_Floor-1.npz,high_quality_architectural/1579/Floor-1,9,"0,1,2,3,4,5,7,8",8,36475,36475,256x256,256x256,True,kept,True,,
high_quality_architectural_157_Floor-1.npz,high_quality_architectural/157/Floor-1,6,"0,2,3,4,5,7,8",7,33856,33856,256x256,256x256,True,kept,True,,
high_quality_architectural_1581_Floor-1.npz,high_quality_architectural/1581/Floor-1,4,"0,1,2,3,4,5,8",7,44556,44556,256x256,256x256,True,kept,True,,
high_quality_architectural_1582_Floor-1.npz,high_quality_architectural/1582/Floor-1,6,"0,1,2,3,4,7,8",7,36158,36158,256x256,256x256,True,kept,True,,
high_quality_architectural_1584_Floor-1.npz,high_quality_architectural/1584/Floor-1,2,"0,2,7,8",4,8734,8734,256x256,256x256,False,room_count_below_min,False,,
high_quality_architectural_1584_Floor-2.npz,high_quality_architectural/1584/Floor-2,10,"0,1,2,4,5,6,8",7,20885,20885,256x256,256x256,True,kept,True,,
high_quality_architectural_1589_Floor-1.npz,high_quality_architectural/1589/Floor-1,8,"0,2,4,5,7,8",6,19584,19584,256x256,256x256,True,kept,True,,
high_quality_architectural_1589_Floor-2.npz,high_quality_architectural/1589/Floor-2,11,"0,1,2,3,4,5,6,7,8",9,21302,21302,256x256,256x256,True,kept,True,,
high_quality_architectural_1590_Floor-1.npz,high_quality_architectural/1590/Floor-1,6,"0,2,3,4,5,8",6,28775,28775,256x256,256x256,True,kept,True,,
high_quality_architectural_1595_Floor-1.npz,high_quality_architectural/1595/Floor-1,8,"0,1,2,3,4,5,7,8",8,30430,30430,256x256,256x256,True,kept,True,,
high_quality_architectural_1596_Floor-1.npz,high_quality_architectural/1596/Floor-1,2,"0,1,2,4,7,8",6,27362,27362,256x256,256x256,False,room_count_below_min,False,,
high_quality_architectural_1599_Floor-1.npz,high_quality_architectural/1599/Floor-1,8,"0,1,3,4,5,7,8",7,16932,16932,256x256,256x256,True,kept,True,,
high_quality_architectural_1601_Floor-1.npz,high_quality_architectural/1601/Floor-1,5,"0,1,2,4,7,8",6,29380,29380,256x256,256x256,True,kept,True,,
high_quality_architectural_1609_Floor-1.npz,high_quality_architectural/1609/Floor-1,7,"0,1,2,4,5,8",6,18895,18895,256x256,256x256,True,kept,True,,
high_quality_architectural_1609_Floor-2.npz,high_quality_architectural/1609/Floor-2,5,"0,2,3,4,7,8",6,15755,15755,256x256,256x256,True,kept,True,,
high_quality_architectural_160_Floor-1.npz,high_quality_architectural/160/Floor-1,4,"0,1,3,7,8",5,19621,19621,256x256,256x256,True,kept,True,,
high_quality_architectural_1611_Floor-1.npz,high_quality_architectural/1611/Floor-1,2,"0,1,2,8",4,28505,28505,256x256,256x256,False,room_count_below_min,False,,
high_quality_architectural_1622_Floor-1.npz,high_quality_architectural/1622/Floor-1,2,"0,1,2,3,8",5,33866,33866,256x256,256x256,False,room_count_below_min,False,,
high_quality_architectural_162_Floor-1.npz,high_quality_architectural/162/Floor-1,4,"0,1,2,3,4,5,8",7,41573,41573,256x256,256x256,True,kept,True,,
high_quality_architectural_1630_Floor-1.npz,high_quality_architectural/1630/Floor-1,6,"0,1,2,8",4,36838,36838,256x256,256x256,True,kept,True,,
high_quality_architectural_1632_Floor-1.npz,high_quality_architectural/1632/Floor-1,4,"0,1,2,3,4,5,8",7,28420,28420,256x256,256x256,True,kept,True,,
high_quality_architectural_1636_Floor-1.npz,high_quality_architectural/1636/Floor-1,5,"0,1,2,3,4,7,8",7,31111,31111,256x256,256x256,True,kept,True,,
high_quality_architectural_163_Floor-1.npz,high_quality_architectural/163/Floor-1,12,"0,2,3,4,5,7,8",7,20311,20311,256x256,256x256,True,kept,True,,
high_quality_architectural_163_Floor-2.npz,high_quality_architectural/163/Floor-2,1,"0,5,8",3,4178,4178,256x256,256x256,False,room_count_below_min,False,,
high_quality_architectural_1641_Floor-1.npz,high_quality_architectural/1641/Floor-1,4,"0,2,4,7,8",5,15900,15900,256x256,256x256,True,kept,True,,
high_quality_architectural_1641_Floor-2.npz,high_quality_architectural/1641/Floor-2,0,"0,8",2,3227,3227,256x256,256x256,False,room_count_below_min,False,,
high_quality_architectural_1645_Floor-1.npz,high_quality_architectural/1645/Floor-1,6,"0,1,2,4,5,6,7,8",8,14145,14145,256x256,256x256,True,kept,True,,
high_quality_architectural_1645_Floor-2.npz,high_quality_architectural/1645/Floor-2,5,"0,3,5,7,8",5,14652,14652,256x256,256x256,True,kept,True,,
high_quality_architectural_1646_Floor-1.npz,high_quality_architectural/1646/Floor-1,8,"0,1,2,3,4,5,6,7,8",9,14978,14978,256x256,256x256,True,kept,True,,
high_quality_architectural_1646_Floor-2.npz,high_quality_architectural/1646/Floor-2,2,"0,3,8",3,4155,4155,256x256,256x256,False,room_count_below_min,False,,
high_quality_architectural_1648_Floor-1.npz,high_quality_architectural/1648/Floor-1,5,"0,1,2,5,7,8",6,26395,26395,256x256,256x256,True,kept,True,,
high_quality_architectural_1648_Floor-2.npz,high_quality_architectural/1648/Floor-2,1,"0,5,8",3,13943,13943,256x256,256x256,False,room_count_below_min,False,,
high_quality_architectural_164_Floor-1.npz,high_quality_architectural/164/Floor-1,9,"0,1,2,3,4,5,7,8",8,35392,35392,256x256,256x256,True,kept,True,,
high_quality_architectural_1650_Floor-1.npz,high_quality_architectural/1650/Floor-1,6,"0,1,2,3,4,5,8",7,18819,18819,256x256,256x256,True,kept,True,,
high_quality_architectural_1652_Floor-1.npz,high_quality_architectural/1652/Floor-1,2,"0,2,4,8",4,17543,17543,256x256,256x256,False,room_count_below_min,False,,
high_quality_architectural_1653_Floor-1.npz,high_quality_architectural/1653/Floor-1,7,"0,1,3,4,5,7,8",7,25944,25944,256x256,256x256,True,kept,True,,
high_quality_architectural_1654_Floor-1.npz,high_quality_architectural/1654/Floor-1,3,"0,1,4,5,7,8",6,25120,25120,256x256,256x256,True,kept,True,,
high_quality_architectural_165_Floor-1.npz,high_quality_architectural/165/Floor-1,5,"0,1,2,3,4,8",6,40373,40373,256x256,256x256,True,kept,True,,
high_quality_architectural_1660_Floor-1.npz,high_quality_architectural/1660/Floor-1,3,"0,1,3,4,8",5,35389,35389,256x256,256x256,True,kept,True,,
high_quality_architectural_1666_Floor-1.npz,high_quality_architectural/1666/Floor-1,7,"0,1,2,3,4,5,6,7,8",9,35204,35204,256x256,256x256,True,kept,True,,
high_quality_architectural_1669_Floor-1.npz,high_quality_architectural/1669/Floor-1,5,"0,1,2,4,5,7,8",7,30247,30247,256x256,256x256,True,kept,True,,
high_quality_architectural_1677_Floor-1.npz,high_quality_architectural/1677/Floor-1,8,"0,1,2,3,4,5,7,8",8,39719,39719,256x256,256x256,True,kept,True,,
high_quality_architectural_1683_Floor-1.npz,high_quality_architectural/1683/Floor-1,3,"0,2,4,5,8",5,24374,24374,256x256,256x256,True,kept,True,,
high_quality_architectural_1688_Floor-1.npz,high_quality_architectural/1688/Floor-1,9,"0,1,2,3,4,5,7,8",8,32773,32773,256x256,256x256,True,kept,True,,
high_quality_architectural_1691_Floor-1.npz,high_quality_architectural/1691/Floor-1,3,"0,2,4,7,8",5,16180,16180,256x256,256x256,True,kept,True,,
high_quality_architectural_1691_Floor-2.npz,high_quality_architectural/1691/Floor-2,4,"0,1,2,4,5,8",6,16568,16568,256x256,256x256,True,kept,True,,
high_quality_architectural_1694_Floor-1.npz,high_quality_architectural/1694/Floor-1,6,"0,1,2,3,4,5,7,8",8,36220,36220,256x256,256x256,True,kept,True,,
high_quality_architectural_1696_Floor-1.npz,high_quality_architectural/1696/Floor-1,10,"0,1,2,3,4,5,7,8",8,32396,32396,256x256,256x256,True,kept,True,,
high_quality_architectural_1699_Floor-1.npz,high_quality_architectural/1699/Floor-1,11,"0,1,2,3,4,5,7,8",8,40464,40464,256x256,256x256,True,kept,True,,
high_quality_architectural_169_Floor-1.npz,high_quality_architectural/169/Floor-1,6,"0,1,2,3,4,5,8",7,27821,27821,256x256,256x256,True,kept,True,,
high_quality_architectural_16_Floor-1.npz,high_quality_architectural/16/Floor-1,11,"0,1,2,3,4,5,7,8",8,32567,32567,256x256,256x256,True,kept,True,,
high_quality_architectural_1700_Floor-1.npz,high_quality_architectural/1700/Floor-1,9,"0,1,2,3,4,5,6,7,8",9,34012,34012,256x256,256x256,True,kept,True,,
high_quality_architectural_1701_Floor-1.npz,high_quality_architectural/1701/Floor-1,6,"0,1,2,3,4,5,7,8",8,30716,30716,256x256,256x256,True,kept,True,,
high_quality_architectural_1706_Floor-1.npz,high_quality_architectural/1706/Floor-1,2,"0,1,2,7,8",5,27143,27143,256x256,256x256,False,room_count_below_min,False,,
high_quality_architectural_1707_Floor-1.npz,high_quality_architectural/1707/Floor-1,6,"0,2,4,5,6,7,8",7,10664,10664,256x256,256x256,True,kept,True,,
high_quality_architectural_1707_Floor-2.npz,high_quality_architectural/1707/Floor-2,7,"0,3,4,5,7,8",6,6699,6699,256x256,256x256,True,kept,True,,
high_quality_architectural_1717_Floor-1.npz,high_quality_architectural/1717/Floor-1,6,"0,1,2,3,4,7,8",7,33628,33628,256x256,256x256,True,kept,True,,
high_quality_architectural_1718_Floor-1.npz,high_quality_architectural/1718/Floor-1,4,"0,1,2,4,5,7,8",7,15047,15047,256x256,256x256,True,kept,True,,
high_quality_architectural_1718_Floor-2.npz,high_quality_architectural/1718/Floor-2,6,"0,3,4,5,7,8",6,11466,11466,256x256,256x256,True,kept,True,,
high_quality_architectural_1722_Floor-1.npz,high_quality_architectural/1722/Floor-1,2,"0,2,8",3,4193,4193,256x256,256x256,False,room_count_below_min,False,,
high_quality_architectural_1722_Floor-2.npz,high_quality_architectural/1722/Floor-2,6,"0,1,2,3,5,6,8",7,14539,14539,256x256,256x256,True,kept,True,,
high_quality_architectural_1725_Floor-1.npz,high_quality_architectural/1725/Floor-1,10,"0,1,2,3,4,5,7,8",8,12139,12139,256x256,256x256,True,kept,True,,
high_quality_architectural_1727_Floor-1.npz,high_quality_architectural/1727/Floor-1,5,"0,1,2,4,5,6,8",7,26196,26196,256x256,256x256,True,kept,True,,
high_quality_architectural_172_Floor-1.npz,high_quality_architectural/172/Floor-1,4,"0,1,2,3,4,7,8",7,34300,34300,256x256,256x256,True,kept,True,,
high_quality_architectural_1745_Floor-1.npz,high_quality_architectural/1745/Floor-1,8,"0,1,3,4,5,7,8",7,25886,25886,256x256,256x256,True,kept,True,,
high_quality_architectural_1746_Floor-1.npz,high_quality_architectural/1746/Floor-1,2,"0,2,4,5,7,8",6,34251,34251,256x256,256x256,False,room_count_below_min,False,,
high_quality_architectural_1747_Floor-1.npz,high_quality_architectural/1747/Floor-1,5,"0,1,2,4,5,8",6,8196,8196,256x256,256x256,True,kept,True,,
high_quality_architectural_1747_Floor-2.npz,high_quality_architectural/1747/Floor-2,2,"0,2,7,8",4,3646,3646,256x256,256x256,False,room_count_below_min,False,,
high_quality_architectural_1748_Floor-1.npz,high_quality_architectural/1748/Floor-1,9,"0,1,2,3,4,5,7,8",8,35171,35171,256x256,256x256,True,kept,True,,
high_quality_architectural_174_Floor-1.npz,high_quality_architectural/174/Floor-1,11,"0,1,2,3,4,5,7,8",8,48223,48223,256x256,256x256,True,kept,True,,
high_quality_architectural_1754_Floor-1.npz,high_quality_architectural/1754/Floor-1,2,"0,1,4,8",4,10215,10215,256x256,256x256,False,room_count_below_min,False,,
high_quality_architectural_1757_Floor-1.npz,high_quality_architectural/1757/Floor-1,9,"0,1,2,3,4,5,7,8",8,40122,40122,256x256,256x256,True,kept,True,,
high_quality_architectural_1763_Floor-1.npz,high_quality_architectural/1763/Floor-1,6,"0,1,2,3,4,5,8",7,39644,39644,256x256,256x256,True,kept,True,,
high_quality_architectural_1765_Floor-1.npz,high_quality_architectural/1765/Floor-1,4,"0,1,2,3,4,5,7,8",8,32570,32570,256x256,256x256,True,kept,True,,
high_quality_architectural_1767_Floor-1.npz,high_quality_architectural/1767/Floor-1,2,"0,1,2,4,5,8",6,41489,41489,256x256,256x256,False,room_count_below_min,False,,
high_quality_architectural_176_Floor-1.npz,high_quality_architectural/176/Floor-1,16,"0,1,2,3,4,5,6,7,8",9,36169,36169,256x256,256x256,True,kept,True,,
high_quality_architectural_1770_Floor-1.npz,high_quality_architectural/1770/Floor-1,5,"0,1,2,4,5,8",6,15581,15581,256x256,256x256,True,kept,True,,
high_quality_architectural_1770_Floor-2.npz,high_quality_architectural/1770/Floor-2,4,"0,2,5,7,8",5,16489,16489,256x256,256x256,True,kept,True,,
high_quality_architectural_1772_Floor-1.npz,high_quality_architectural/1772/Floor-1,1,"0,4,8",3,2380,2380,256x256,256x256,False,room_count_below_min,False,,
high_quality_architectural_1772_Floor-2.npz,high_quality_architectural/1772/Floor-2,2,"0,1,2,3,8",5,12383,12383,256x256,256x256,False,room_count_below_min,False,,
high_quality_architectural_1778_Floor-1.npz,high_quality_architectural/1778/Floor-1,7,"0,1,2,3,4,5,7,8",8,29815,29815,256x256,256x256,True,kept,True,,
high_quality_architectural_1780_Floor-1.npz,high_quality_architectural/1780/Floor-1,3,"0,1,2,3,4,8",6,43693,43693,256x256,256x256,True,kept,True,,
high_quality_architectural_1781_Floor-1.npz,high_quality_architectural/1781/Floor-1,3,"0,1,2,3,4,8",6,16020,16020,256x256,256x256,True,kept,True,,
high_quality_architectural_1781_Floor-2.npz,high_quality_architectural/1781/Floor-2,0,"0,8",2,3441,3441,256x256,256x256,False,room_count_below_min,False,,
high_quality_architectural_1783_Floor-1.npz,high_quality_architectural/1783/Floor-1,7,"0,1,2,4,5,7,8",7,21926,21926,256x256,256x256,True,kept,True,,
high_quality_architectural_1784_Floor-1.npz,high_quality_architectural/1784/Floor-1,9,"0,2,4,7,8",5,16994,16994,256x256,256x256,True,kept,True,,
high_quality_architectural_1784_Floor-2.npz,high_quality_architectural/1784/Floor-2,4,"0,1,2,3,5,6,8",7,15977,15977,256x256,256x256,True,kept,True,,
high_quality_architectural_1787_Floor-1.npz,high_quality_architectural/1787/Floor-1,7,"0,1,2,3,4,6,7,8",8,15399,15399,256x256,256x256,True,kept,True,,
high_quality_architectural_1787_Floor-2.npz,high_quality_architectural/1787/Floor-2,5,"0,3,4,5,7,8",6,10087,10087,256x256,256x256,True,kept,True,,
high_quality_architectural_1788_Floor-1.npz,high_quality_architectural/1788/Floor-1,7,"0,1,2,3,4,6,7,8",8,20320,20320,256x256,256x256,True,kept,True,,
high_quality_architectural_1788_Floor-2.npz,high_quality_architectural/1788/Floor-2,5,"0,3,4,5,7,8",6,8564,8564,256x256,256x256,True,kept,True,,
high_quality_architectural_1789_Floor-1.npz,high_quality_architectural/1789/Floor-1,2,"0,1,2,4,5,8",6,40581,40581,256x256,256x256,False,room_count_below_min,False,,
high_quality_architectural_1801_Floor-1.npz,high_quality_architectural/1801/Floor-1,0,"0,8",2,1028,1028,256x256,256x256,False,room_count_below_min,False,,
high_quality_architectural_1803_Floor-1.npz,high_quality_architectural/1803/Floor-1,7,"0,1,2,3,4,5,6,7,8",9,31899,31899,256x256,256x256,True,kept,True,,
high_quality_architectural_1809_Floor-1.npz,high_quality_architectural/1809/Floor-1,5,"0,2,3,4,7,8",6,29863,29863,256x256,256x256,True,kept,True,,
high_quality_architectural_180_Floor-1.npz,high_quality_architectural/180/Floor-1,9,"0,1,2,3,4,5,7,8",8,28421,28421,256x256,256x256,True,kept,True,,
high_quality_architectural_1812_Floor-1.npz,high_quality_architectural/1812/Floor-1,6,"0,2,4,5,7,8",6,12913,12913,256x256,256x256,True,kept,True,,
high_quality_architectural_1812_Floor-2.npz,high_quality_architectural/1812/Floor-2,7,"0,1,2,4,8",5,14523,14523,256x256,256x256,True,kept,True,,
high_quality_architectural_1814_Floor-1.npz,high_quality_architectural/1814/Floor-1,8,"0,1,3,4,7,8",6,37655,37655,256x256,256x256,True,kept,True,,
high_quality_architectural_1815_Floor-1.npz,high_quality_architectural/1815/Floor-1,4,"0,1,2,3,4,5,6,7,8",9,42203,42203,256x256,256x256,True,kept,True,,
high_quality_architectural_1816_Floor-1.npz,high_quality_architectural/1816/Floor-1,0,"0,8",2,5395,5395,256x256,256x256,False,room_count_below_min,False,,
high_quality_architectural_1823_Floor-1.npz,high_quality_architectural/1823/Floor-1,9,"0,1,2,3,4,5,7,8",8,34288,34288,256x256,256x256,True,kept,True,,
high_quality_architectural_1828_Floor-1.npz,high_quality_architectural/1828/Floor-1,8,"0,1,2,3,4,6,7,8",8,32823,32823,256x256,256x256,True,kept,True,,
high_quality_architectural_1829_Floor-1.npz,high_quality_architectural/1829/Floor-1,2,"0,1,4,5,8",5,24726,24726,256x256,256x256,False,room_count_below_min,False,,
high_quality_architectural_1831_Floor-1.npz,high_quality_architectural/1831/Floor-1,4,"0,1,2,3,4,5,7,8",8,32118,32118,256x256,256x256,True,kept,True,,
high_quality_architectural_1833_Floor-1.npz,high_quality_architectural/1833/Floor-1,1,"0,1,2,5,8",5,37845,37845,256x256,256x256,False,room_count_below_min,False,,
high_quality_architectural_1834_Floor-1.npz,high_quality_architectural/1834/Floor-1,5,"0,1,2,3,4,5,7,8",8,33723,33723,256x256,256x256,True,kept,True,,
high_quality_architectural_1836_Floor-1.npz,high_quality_architectural/1836/Floor-1,4,"0,1,2,3,4,5,7,8",8,39533,39533,256x256,256x256,True,kept,True,,
high_quality_architectural_1837_Floor-1.npz,high_quality_architectural/1837/Floor-1,3,"0,1,2,3,4,5,8",7,34708,34708,256x256,256x256,True,kept,True,,
high_quality_architectural_1838_Floor-1.npz,high_quality_architectural/1838/Floor-1,2,"0,2,4,5,8",5,36743,36743,256x256,256x256,False,room_count_below_min,False,,
high_quality_architectural_1839_Floor-1.npz,high_quality_architectural/1839/Floor-1,3,"0,1,2,4,5,7,8",7,30893,30893,256x256,256x256,True,kept,True,,
high_quality_architectural_183_Floor-1.npz,high_quality_architectural/183/Floor-1,10,"0,2,3,4,5,6,7,8",8,43049,43049,256x256,256x256,True,kept,True,,
high_quality_architectural_1840_Floor-1.npz,high_quality_architectural/1840/Floor-1,4,"0,1,2,3,4,5,7,8",8,26744,26744,256x256,256x256,True,kept,True,,
high_quality_architectural_1841_Floor-1.npz,high_quality_architectural/1841/Floor-1,4,"0,1,2,3,4,5,7,8",8,38935,38935,256x256,256x256,True,kept,True,,
high_quality_architectural_1842_Floor-1.npz,high_quality_architectural/1842/Floor-1,3,"0,2,4,5,8",5,34659,34659,256x256,256x256,True,kept,True,,
high_quality_architectural_1843_Floor-1.npz,high_quality_architectural/1843/Floor-1,4,"0,1,2,3,4,5,8",7,34144,34144,256x256,256x256,True,kept,True,,
high_quality_architectural_1844_Floor-1.npz,high_quality_architectural/1844/Floor-1,3,"0,1,2,3,4,7,8",7,32157,32157,256x256,256x256,True,kept,True,,
high_quality_architectural_1845_Floor-1.npz,high_quality_architectural/1845/Floor-1,3,"0,2,4,5,8",5,25178,25178,256x256,256x256,True,kept,True,,
high_quality_architectural_1846_Floor-1.npz,high_quality_architectural/1846/Floor-1,5,"0,1,2,3,4,5,7,8",8,32561,32561,256x256,256x256,True,kept,True,,
high_quality_architectural_1847_Floor-1.npz,high_quality_architectural/1847/Floor-1,3,"0,1,2,3,4,5,8",7,38379,38379,256x256,256x256,True,kept,True,,
high_quality_architectural_1848_Floor-1.npz,high_quality_architectural/1848/Floor-1,2,"0,1,2,4,8",5,38236,38236,256x256,256x256,False,room_count_below_min,False,,
high_quality_architectural_1849_Floor-1.npz,high_quality_architectural/1849/Floor-1,5,"0,1,2,3,4,5,7,8",8,32107,32107,256x256,256x256,True,kept,True,,
high_quality_architectural_1850_Floor-1.npz,high_quality_architectural/1850/Floor-1,3,"0,1,2,3,5,7,8",7,35668,35668,256x256,256x256,True,kept,True,,
high_quality_architectural_1851_Floor-1.npz,high_quality_architectural/1851/Floor-1,4,"0,1,2,3,4,5,8",7,34158,34158,256x256,256x256,True,kept,True,,
high_quality_architectural_1852_Floor-1.npz,high_quality_architectural/1852/Floor-1,13,"0,2,4,5,7,8",6,11188,11188,256x256,256x256,True,kept,True,,
high_quality_architectural_1852_Floor-2.npz,high_quality_architectural/1852/Floor-2,12,"0,1,2,4,5,6,7,8",8,9853,9853,256x256,256x256,True,kept,True,,
high_quality_architectural_1852_Floor-3.npz,high_quality_architectural/1852/Floor-3,10,"0,3,4,5,7,8",6,8600,8600,256x256,256x256,True,kept,True,,
high_quality_architectural_1853_Floor-1.npz,high_quality_architectural/1853/Floor-1,4,"0,1,2,3,4,5,7,8",8,40127,40127,256x256,256x256,True,kept,True,,
high_quality_architectural_1854_Floor-1.npz,high_quality_architectural/1854/Floor-1,2,"0,2,4,5,8",5,35197,35197,256x256,256x256,False,room_count_below_min,False,,
high_quality_architectural_1855_Floor-1.npz,high_quality_architectural/1855/Floor-1,3,"0,2,4,5,8",5,35295,35295,256x256,256x256,True,kept,True,,
high_quality_architectural_1856_Floor-1.npz,high_quality_architectural/1856/Floor-1,3,"0,2,3,4,5,7,8",7,29740,29740,256x256,256x256,True,kept,True,,
high_quality_architectural_1857_Floor-1.npz,high_quality_architectural/1857/Floor-1,4,"0,1,2,3,4,5,7,8",8,23783,23783,256x256,256x256,True,kept,True,,
high_quality_architectural_1858_Floor-1.npz,high_quality_architectural/1858/Floor-1,3,"0,1,2,3,4,5,7,8",8,42766,42766,256x256,256x256,True,kept,True,,
high_quality_architectural_1859_Floor-1.npz,high_quality_architectural/1859/Floor-1,3,"0,1,2,3,4,5,7,8",8,34359,34359,256x256,256x256,True,kept,True,,
high_quality_architectural_1860_Floor-1.npz,high_quality_architectural/1860/Floor-1,12,"0,1,2,3,4,5,7,8",8,38493,38493,256x256,256x256,True,kept,True,,
high_quality_architectural_1869_Floor-1.npz,high_quality_architectural/1869/Floor-1,8,"0,2,3,4,7,8",6,10408,10408,256x256,256x256,True,kept,True,,
high_quality_architectural_1869_Floor-2.npz,high_quality_architectural/1869/Floor-2,0,"0,8",2,1588,1588,256x256,256x256,False,room_count_below_min,False,,
high_quality_architectural_1876_Floor-1.npz,high_quality_architectural/1876/Floor-1,7,"0,1,2,3,4,5,7,8",8,23908,23908,256x256,256x256,True,kept,True,,
high_quality_architectural_1883_Floor-1.npz,high_quality_architectural/1883/Floor-1,8,"0,1,2,3,4,5,7,8",8,16129,16129,256x256,256x256,True,kept,True,,
high_quality_architectural_1883_Floor-2.npz,high_quality_architectural/1883/Floor-2,8,"0,2,3,4,5,8",6,19850,19850,256x256,256x256,True,kept,True,,
high_quality_architectural_1886_Floor-1.npz,high_quality_architectural/1886/Floor-1,3,"0,1,2,7,8",5,20843,20843,256x256,256x256,True,kept,True,,
high_quality_architectural_1888_Floor-1.npz,high_quality_architectural/1888/Floor-1,3,"0,1,2,3,7,8",6,28739,28739,256x256,256x256,True,kept,True,,
high_quality_architectural_188_Floor-1.npz,high_quality_architectural/188/Floor-1,2,"0,1,2,8",4,32644,32644,256x256,256x256,False,room_count_below_min,False,,
high_quality_architectural_1895_Floor-1.npz,high_quality_architectural/1895/Floor-1,8,"0,3,4,5,7,8",6,17231,17231,256x256,256x256,True,kept,True,,
high_quality_architectural_1896_Floor-1.npz,high_quality_architectural/1896/Floor-1,7,"0,2,3,4,5,7,8",7,24911,24911,256x256,256x256,True,kept,True,,
high_quality_architectural_189_Floor-1.npz,high_quality_architectural/189/Floor-1,8,"0,1,2,3,4,5,6,7,8",9,43060,43060,256x256,256x256,True,kept,True,,
high_quality_architectural_18_Floor-1.npz,high_quality_architectural/18/Floor-1,3,"0,1,2,3,4,5,8",7,29434,29434,256x256,256x256,True,kept,True,,
high_quality_architectural_1902_Floor-1.npz,high_quality_architectural/1902/Floor-1,2,"0,1,2,4,8",5,37923,37923,256x256,256x256,False,room_count_below_min,False,,
high_quality_architectural_1903_Floor-1.npz,high_quality_architectural/1903/Floor-1,13,"0,1,2,3,4,5,7,8",8,28495,28495,256x256,256x256,True,kept,True,,
high_quality_architectural_1908_Floor-1.npz,high_quality_architectural/1908/Floor-1,5,"0,2,4,5,7,8",6,10200,10200,256x256,256x256,True,kept,True,,
high_quality_architectural_190_Floor-1.npz,high_quality_architectural/190/Floor-1,11,"0,1,2,4,5,6,7,8",8,22267,22267,256x256,256x256,True,kept,True,,
high_quality_architectural_1910_Floor-1.npz,high_quality_architectural/1910/Floor-1,12,"0,1,2,3,4,5,7,8",8,29708,29708,256x256,256x256,True,kept,True,,
high_quality_architectural_1913_Floor-1.npz,high_quality_architectural/1913/Floor-1,8,"0,1,2,3,4,5,6,7,8",9,17950,17950,256x256,256x256,True,kept,True,,
high_quality_architectural_1913_Floor-2.npz,high_quality_architectural/1913/Floor-2,3,"0,3,5,8",4,13002,13002,256x256,256x256,True,kept,True,,
high_quality_architectural_1914_Floor-1.npz,high_quality_architectural/1914/Floor-1,1,"0,7,8",3,12393,12393,256x256,256x256,False,room_count_below_min,False,,
high_quality_architectural_1916_Floor-1.npz,high_quality_architectural/1916/Floor-1,3,"0,1,3,5,8",5,17521,17521,256x256,256x256,True,kept,True,,
high_quality_architectural_1921_Floor-1.npz,high_quality_architectural/1921/Floor-1,5,"0,2,3,4,5,7,8",7,32213,32213,256x256,256x256,True,kept,True,,
high_quality_architectural_1924_Floor-1.npz,high_quality_architectural/1924/Floor-1,14,"0,1,2,3,4,5,7,8",8,51297,51297,256x256,256x256,True,kept,True,,
high_quality_architectural_1933_Floor-1.npz,high_quality_architectural/1933/Floor-1,4,"0,1,2,3,4,8",6,35338,35338,256x256,256x256,True,kept,True,,
high_quality_architectural_193_Floor-1.npz,high_quality_architectural/193/Floor-1,2,"0,3,7,8",4,13234,13234,256x256,256x256,False,room_count_below_min,False,,
high_quality_architectural_1941_Floor-1.npz,high_quality_architectural/1941/Floor-1,6,"0,2,3,4,7,8",6,9860,9860,256x256,256x256,True,kept,True,,
high_quality_architectural_1941_Floor-2.npz,high_quality_architectural/1941/Floor-2,5,"0,1,2,3,4,5,7,8",8,13019,13019,256x256,256x256,True,kept,True,,
high_quality_architectural_1944_Floor-1.npz,high_quality_architectural/1944/Floor-1,3,"0,3,4,8",4,17388,17388,256x256,256x256,True,kept,True,,
high_quality_architectural_1945_Floor-1.npz,high_quality_architectural/1945/Floor-1,5,"0,1,3,4,5,7,8",7,23952,23952,256x256,256x256,True,kept,True,,
high_quality_architectural_1949_Floor-1.npz,high_quality_architectural/1949/Floor-1,2,"0,1,2,3,8",5,36534,36534,256x256,256x256,False,room_count_below_min,False,,
high_quality_architectural_194_Floor-1.npz,high_quality_architectural/194/Floor-1,9,"0,1,2,3,4,5,7,8",8,28241,28241,256x256,256x256,True,kept,True,,
high_quality_architectural_1951_Floor-1.npz,high_quality_architectural/1951/Floor-1,4,"0,1,2,4,5,7,8",7,14260,14260,256x256,256x256,True,kept,True,,
high_quality_architectural_1951_Floor-2.npz,high_quality_architectural/1951/Floor-2,6,"0,3,4,5,7,8",6,12514,12514,256x256,256x256,True,kept,True,,
high_quality_architectural_1954_Floor-1.npz,high_quality_architectural/1954/Floor-1,2,"0,3,4,8",4,15718,15718,256x256,256x256,False,room_count_below_min,False,,
high_quality_architectural_1960_Floor-1.npz,high_quality_architectural/1960/Floor-1,9,"0,1,2,3,4,5,7,8",8,33608,33608,256x256,256x256,True,kept,True,,
high_quality_architectural_1966_Floor-1.npz,high_quality_architectural/1966/Floor-1,3,"0,7,8",3,6996,6996,256x256,256x256,True,kept,True,,
high_quality_architectural_1966_Floor-2.npz,high_quality_architectural/1966/Floor-2,6,"0,1,2,3,4,5,6,7,8",9,9510,9510,256x256,256x256,True,kept,True,,
high_quality_architectural_1966_Floor-3.npz,high_quality_architectural/1966/Floor-3,4,"0,3,4,5,8",5,5100,5100,256x256,256x256,True,kept,True,,
high_quality_architectural_1967_Floor-1.npz,high_quality_architectural/1967/Floor-1,6,"0,1,2,3,4,5,7,8",8,16200,16200,256x256,256x256,True,kept,True,,
high_quality_architectural_1967_Floor-2.npz,high_quality_architectural/1967/Floor-2,0,"0,8",2,1761,1761,256x256,256x256,False,room_count_below_min,False,,
high_quality_architectural_1974_Floor-1.npz,high_quality_architectural/1974/Floor-1,5,"0,1,2,3,4,5,6,7,8",9,27427,27427,256x256,256x256,True,kept,True,,
high_quality_architectural_1975_Floor-1.npz,high_quality_architectural/1975/Floor-1,13,"0,1,2,3,4,5,7,8",8,40917,40917,256x256,256x256,True,kept,True,,
high_quality_architectural_1982_Floor-1.npz,high_quality_architectural/1982/Floor-1,14,"0,1,2,3,4,5,6,7,8",9,16437,16437,256x256,256x256,True,kept,True,,
high_quality_architectural_1982_Floor-2.npz,high_quality_architectural/1982/Floor-2,7,"0,3,4,7,8",5,5857,5857,256x256,256x256,True,kept,True,,
high_quality_architectural_1987_Floor-1.npz,high_quality_architectural/1987/Floor-1,15,"0,1,2,3,4,5,6,7,8",9,30965,30965,256x256,256x256,True,kept,True,,
high_quality_architectural_1988_Floor-1.npz,high_quality_architectural/1988/Floor-1,6,"0,1,2,4,5,8",6,33623,33623,256x256,256x256,True,kept,True,,
high_quality_architectural_199_Floor-1.npz,high_quality_architectural/199/Floor-1,3,"0,2,3,4,5,8",6,31634,31634,256x256,256x256,True,kept,True,,
high_quality_architectural_1_Floor-1.npz,high_quality_architectural/1/Floor-1,6,"0,4,7,8",4,20357,20357,256x256,256x256,True,kept,True,,
high_quality_architectural_1_Floor-2.npz,high_quality_architectural/1/Floor-2,10,"0,1,2,3,4,5,8",7,13257,13257,256x256,256x256,True,kept,True,,
high_quality_architectural_20000_Floor-1.npz,high_quality_architectural/20000/Floor-1,0,"0,8",2,7187,7187,256x256,256x256,False,room_count_below_min,False,,
high_quality_architectural_20001_Floor-1.npz,high_quality_architectural/20001/Floor-1,3,"0,1,2,3,4,8",6,41148,41148,256x256,256x256,True,kept,True,,
high_quality_architectural_20002_Floor-1.npz,high_quality_architectural/20002/Floor-1,6,"0,3,4,5,7,8",6,13350,13350,256x256,256x256,True,kept,True,,
high_quality_architectural_20003_Floor-1.npz,high_quality_architectural/20003/Floor-1,4,"0,2,3,8",4,38303,38303,256x256,256x256,True,kept,True,,
high_quality_architectural_2000_Floor-1.npz,high_quality_architectural/2000/Floor-1,10,"0,1,2,3,4,7,8",7,36738,36738,256x256,256x256,True,kept,True,,
high_quality_architectural_20014_Floor-1.npz,high_quality_architectural/20014/Floor-1,0,"0,8",2,4505,4505,256x256,256x256,False,room_count_below_min,False,,
high_quality_architectural_20017_Floor-1.npz,high_quality_architectural/20017/Floor-1,10,"0,1,2,3,4,5,6,7,8",9,32798,32798,256x256,256x256,True,kept,True,,
high_quality_architectural_20018_Floor-1.npz,high_quality_architectural/20018/Floor-1,9,"0,1,2,3,4,5,7,8",8,33477,33477,256x256,256x256,True,kept,True,,
high_quality_architectural_20019_Floor-1.npz,high_quality_architectural/20019/Floor-1,3,"0,1,3,7,8",5,15007,15007,256x256,256x256,True,kept,True,,
high_quality_architectural_2001_Floor-1.npz,high_quality_architectural/2001/Floor-1,4,"0,1,2,3,4,5,8",7,24350,24350,256x256,256x256,True,kept,True,,
high_quality_architectural_2001_Floor-2.npz,high_quality_architectural/2001/Floor-2,2,"0,1,2,5,8",5,11464,11464,256x256,256x256,False,room_count_below_min,False,,
high_quality_architectural_20021_Floor-1.npz,high_quality_architectural/20021/Floor-1,1,"0,1,2,5,8",5,25849,25849,256x256,256x256,False,room_count_below_min,False,,
high_quality_architectural_20022_Floor-1.npz,high_quality_architectural/20022/Floor-1,5,"0,1,2,4,5,8",6,33607,33607,256x256,256x256,True,kept,True,,
high_quality_architectural_20023_Floor-1.npz,high_quality_architectural/20023/Floor-1,5,"0,1,2,3,4,5,7,8",8,28350,28350,256x256,256x256,True,kept,True,,
high_quality_architectural_20026_Floor-1.npz,high_quality_architectural/20026/Floor-1,4,"0,1,2,3,4,5,7,8",8,40149,40149,256x256,256x256,True,kept,True,,
high_quality_architectural_20028_Floor-1.npz,high_quality_architectural/20028/Floor-1,2,"0,1,3,5,8",5,23780,23780,256x256,256x256,False,room_count_below_min,False,,
high_quality_architectural_20030_Floor-1.npz,high_quality_architectural/20030/Floor-1,7,"0,2,4,7,8",5,18313,18313,256x256,256x256,True,kept,True,,
high_quality_architectural_20030_Floor-2.npz,high_quality_architectural/20030/Floor-2,8,"0,1,2,3,4,5,7,8",8,22067,22067,256x256,256x256,True,kept,True,,
high_quality_architectural_20031_Floor-1.npz,high_quality_architectural/20031/Floor-1,5,"0,1,2,3,4,5,7,8",8,14320,14320,256x256,256x256,True,kept,True,,
high_quality_architectural_20031_Floor-2.npz,high_quality_architectural/20031/Floor-2,3,"0,3,4,7,8",5,10536,10536,256x256,256x256,True,kept,True,,
high_quality_architectural_20032_Floor-1.npz,high_quality_architectural/20032/Floor-1,7,"0,1,2,3,4,5,8",7,24432,24432,256x256,256x256,True,kept,True,,
high_quality_architectural_20033_Floor-1.npz,high_quality_architectural/20033/Floor-1,4,"0,1,2,4,5,7,8",7,27287,27287,256x256,256x256,True,kept,True,,
high_quality_architectural_20035_Floor-1.npz,high_quality_architectural/20035/Floor-1,4,"0,1,2,3,4,5,7,8",8,33674,33674,256x256,256x256,True,kept,True,,
high_quality_architectural_20036_Floor-1.npz,high_quality_architectural/20036/Floor-1,2,"0,1,2,5,8",5,9693,9693,256x256,256x256,False,room_count_below_min,False,,
high_quality_architectural_20036_Floor-2.npz,high_quality_architectural/20036/Floor-2,3,"0,2,7,8",4,7224,7224,256x256,256x256,True,kept,True,,
high_quality_architectural_2003_Floor-1.npz,high_quality_architectural/2003/Floor-1,8,"0,3,4,5,7,8",6,8287,8287,256x256,256x256,True,kept,True,,
high_quality_architectural_2003_Floor-2.npz,high_quality_architectural/2003/Floor-2,7,"0,1,2,3,4,5,8",7,7485,7485,256x256,256x256,True,kept,True,,
high_quality_architectural_20043_Floor-1.npz,high_quality_architectural/20043/Floor-1,8,"0,1,3,4,5,7,8",7,28658,28658,256x256,256x256,True,kept,True,,
high_quality_architectural_20047_Floor-1.npz,high_quality_architectural/20047/Floor-1,3,"0,3,4,5,8",5,23489,23489,256x256,256x256,True,kept,True,,
high_quality_architectural_20049_Floor-1.npz,high_quality_architectural/20049/Floor-1,3,"0,1,3,4,8",5,19009,19009,256x256,256x256,True,kept,True,,
high_quality_architectural_20057_Floor-1.npz,high_quality_architectural/20057/Floor-1,6,"0,1,2,3,4,5,7,8",8,42005,42005,256x256,256x256,True,kept,True,,
high_quality_architectural_20058_Floor-1.npz,high_quality_architectural/20058/Floor-1,4,"0,1,2,4,5,6,7,8",8,22124,22124,256x256,256x256,True,kept,True,,
high_quality_architectural_2005_Floor-1.npz,high_quality_architectural/2005/Floor-1,4,"0,2,4,8",4,6551,6551,256x256,256x256,True,kept,True,,
high_quality_architectural_2005_Floor-2.npz,high_quality_architectural/2005/Floor-2,2,"0,1,2,4,5,8",6,11270,11270,256x256,256x256,False,room_count_below_min,False,,
high_quality_architectural_2005_Floor-3.npz,high_quality_architectural/2005/Floor-3,1,"0,2,8",3,8433,8433,256x256,256x256,False,room_count_below_min,False,,
high_quality_architectural_20062_Floor-1.npz,high_quality_architectural/20062/Floor-1,0,"0,8",2,3230,3230,256x256,256x256,False,room_count_below_min,False,,
high_quality_architectural_20063_Floor-1.npz,high_quality_architectural/20063/Floor-1,0,"0,8",2,6470,6470,256x256,256x256,False,room_count_below_min,False,,
high_quality_architectural_20064_Floor-1.npz,high_quality_architectural/20064/Floor-1,5,"0,1,2,3,4,5,8",7,28763,28763,256x256,256x256,True,kept,True,,
high_quality_architectural_20068_Floor-1.npz,high_quality_architectural/20068/Floor-1,1,"0,1,8",3,9166,9166,256x256,256x256,False,room_count_below_min,False,,
high_quality_architectural_20071_Floor-1.npz,high_quality_architectural/20071/Floor-1,7,"0,1,2,3,4,7,8",7,29977,29977,256x256,256x256,True,kept,True,,
high_quality_architectural_20073_Floor-1.npz,high_quality_architectural/20073/Floor-1,10,"0,1,2,3,4,5,7,8",8,42208,42208,256x256,256x256,True,kept,True,,
high_quality_architectural_20074_Floor-1.npz,high_quality_architectural/20074/Floor-1,3,"0,1,2,4,5,7,8",7,20673,20673,256x256,256x256,True,kept,True,,
high_quality_architectural_20075_Floor-1.npz,high_quality_architectural/20075/Floor-1,8,"0,1,2,3,4,5,7,8",8,35541,35541,256x256,256x256,True,kept,True,,
high_quality_architectural_20077_Floor-1.npz,high_quality_architectural/20077/Floor-1,8,"0,1,2,3,4,5,6,7,8",9,36867,36867,256x256,256x256,True,kept,True,,
high_quality_architectural_20078_Floor-1.npz,high_quality_architectural/20078/Floor-1,5,"0,1,2,4,5,6,8",7,13375,13375,256x256,256x256,True,kept,True,,
high_quality_architectural_20078_Floor-2.npz,high_quality_architectural/20078/Floor-2,7,"0,2,4,5,7,8",6,14032,14032,256x256,256x256,True,kept,True,,
high_quality_architectural_20080_Floor-1.npz,high_quality_architectural/20080/Floor-1,10,"0,2,4,5,7,8",6,14124,14124,256x256,256x256,True,kept,True,,
high_quality_architectural_20080_Floor-2.npz,high_quality_architectural/20080/Floor-2,8,"0,1,2,3,4,5,6,7,8",9,17388,17388,256x256,256x256,True,kept,True,,
high_quality_architectural_20081_Floor-1.npz,high_quality_architectural/20081/Floor-1,4,"0,1,2,3,7,8",6,28603,28603,256x256,256x256,True,kept,True,,
high_quality_architectural_20084_Floor-1.npz,high_quality_architectural/20084/Floor-1,9,"0,1,2,3,4,5,6,7,8",9,34155,34155,256x256,256x256,True,kept,True,,
high_quality_architectural_20085_Floor-1.npz,high_quality_architectural/20085/Floor-1,3,"0,1,4,7,8",5,16190,16190,256x256,256x256,True,kept,True,,
high_quality_architectural_20088_Floor-1.npz,high_quality_architectural/20088/Floor-1,2,"0,1,2,7,8",5,36529,36529,256x256,256x256,False,room_count_below_min,False,,
high_quality_architectural_20091_Floor-1.npz,high_quality_architectural/20091/Floor-1,5,"0,1,3,4,5,7,8",7,24697,24697,256x256,256x256,True,kept,True,,
high_quality_architectural_20092_Floor-1.npz,high_quality_architectural/20092/Floor-1,3,"0,2,3,4,8",5,19955,19955,256x256,256x256,True,kept,True,,
high_quality_architectural_20093_Floor-1.npz,high_quality_architectural/20093/Floor-1,10,"0,2,3,4,5,7,8",7,30268,30268,256x256,256x256,True,kept,True,,
high_quality_architectural_20094_Floor-1.npz,high_quality_architectural/20094/Floor-1,13,"0,1,2,3,4,5,7,8",8,22956,22956,256x256,256x256,True,kept,True,,
high_quality_architectural_20094_Floor-2.npz,high_quality_architectural/20094/Floor-2,2,"0,3,8",3,8402,8402,256x256,256x256,False,room_count_below_min,False,,
high_quality_architectural_20096_Floor-1.npz,high_quality_architectural/20096/Floor-1,7,"0,3,4,5,7,8",6,16918,16918,256x256,256x256,True,kept,True,,
high_quality_architectural_20096_Floor-2.npz,high_quality_architectural/20096/Floor-2,5,"0,1,2,3,4,5,7,8",8,17351,17351,256x256,256x256,True,kept,True,,
high_quality_architectural_20097_Floor-1.npz,high_quality_architectural/20097/Floor-1,3,"0,2,4,5,7,8",6,36765,36765,256x256,256x256,True,kept,True,,
high_quality_architectural_20098_Floor-1.npz,high_quality_architectural/20098/Floor-1,7,"0,1,2,3,4,5,7,8",8,14099,14099,256x256,256x256,True,kept,True,,
high_quality_architectural_20098_Floor-2.npz,high_quality_architectural/20098/Floor-2,7,"0,2,3,4,5,7,8",7,11357,11357,256x256,256x256,True,kept,True,,
high_quality_architectural_20100_Floor-1.npz,high_quality_architectural/20100/Floor-1,9,"0,1,2,3,4,5,7,8",8,26047,26047,256x256,256x256,True,kept,True,,
high_quality_architectural_20102_Floor-1.npz,high_quality_architectural/20102/Floor-1,4,"0,1,2,3,5,8",6,37032,37032,256x256,256x256,True,kept,True,,
high_quality_architectural_20106_Floor-1.npz,high_quality_architectural/20106/Floor-1,15,"0,1,2,3,4,5,6,7,8",9,30500,30500,256x256,256x256,True,kept,True,,
high_quality_architectural_20107_Floor-1.npz,high_quality_architectural/20107/Floor-1,4,"0,1,2,5,7,8",6,33929,33929,256x256,256x256,True,kept,True,,
high_quality_architectural_20109_Floor-1.npz,high_quality_architectural/20109/Floor-1,7,"0,1,2,3,4,5,7,8",8,20742,20742,256x256,256x256,True,kept,True,,
high_quality_architectural_20112_Floor-1.npz,high_quality_architectural/20112/Floor-1,11,"0,1,2,3,4,5,7,8",8,32924,32924,256x256,256x256,True,kept,True,,
high_quality_architectural_20113_Floor-1.npz,high_quality_architectural/20113/Floor-1,5,"0,1,2,3,4,5,8",7,29319,29319,256x256,256x256,True,kept,True,,
high_quality_architectural_2011_Floor-1.npz,high_quality_architectural/2011/Floor-1,3,"0,2,4,7,8",5,10442,10442,256x256,256x256,True,kept,True,,
high_quality_architectural_2011_Floor-2.npz,high_quality_architectural/2011/Floor-2,3,"0,1,2,5,6,8",6,14674,14674,256x256,256x256,True,kept,True,,
high_quality_architectural_2014_Floor-1.npz,high_quality_architectural/2014/Floor-1,5,"0,1,2,3,4,5,6,8",8,26779,26779,256x256,256x256,True,kept,True,,
high_quality_architectural_2015_Floor-1.npz,high_quality_architectural/2015/Floor-1,5,"0,1,2,3,4,7,8",7,33365,33365,256x256,256x256,True,kept,True,,
high_quality_architectural_2019_Floor-1.npz,high_quality_architectural/2019/Floor-1,14,"0,1,2,3,4,5,7,8",8,33192,33192,256x256,256x256,True,kept,True,,
high_quality_architectural_2029_Floor-1.npz,high_quality_architectural/2029/Floor-1,14,"0,1,2,3,4,5,6,7,8",9,30963,30963,256x256,256x256,True,kept,True,,
high_quality_architectural_2030_Floor-1.npz,high_quality_architectural/2030/Floor-1,2,"0,1,2,3,4,5,8",7,27659,27659,256x256,256x256,False,room_count_below_min,False,,
high_quality_architectural_2031_Floor-1.npz,high_quality_architectural/2031/Floor-1,4,"0,2,3,4,5,8",6,31272,31272,256x256,256x256,True,kept,True,,
high_quality_architectural_2032_Floor-1.npz,high_quality_architectural/2032/Floor-1,4,"0,1,2,3,4,5,7,8",8,41402,41402,256x256,256x256,True,kept,True,,
high_quality_architectural_2035_Floor-1.npz,high_quality_architectural/2035/Floor-1,4,"0,1,2,3,4,5,8",7,38626,38626,256x256,256x256,True,kept,True,,
high_quality_architectural_2036_Floor-1.npz,high_quality_architectural/2036/Floor-1,3,"0,1,2,3,4,5,8",7,36744,36744,256x256,256x256,True,kept,True,,
high_quality_architectural_2037_Floor-1.npz,high_quality_architectural/2037/Floor-1,4,"0,1,2,3,5,7,8",7,38445,38445,256x256,256x256,True,kept,True,,
high_quality_architectural_2039_Floor-1.npz,high_quality_architectural/2039/Floor-1,6,"0,1,3,4,5,7,8",7,27863,27863,256x256,256x256,True,kept,True,,
high_quality_architectural_2045_Floor-1.npz,high_quality_architectural/2045/Floor-1,7,"0,1,2,3,4,5,7,8",8,27395,27395,256x256,256x256,True,kept,True,,
high_quality_architectural_2050_Floor-1.npz,high_quality_architectural/2050/Floor-1,4,"0,3,4,5,8",5,15900,15900,256x256,256x256,True,kept,True,,
high_quality_architectural_2053_Floor-1.npz,high_quality_architectural/2053/Floor-1,4,"0,1,2,4,5,8",6,19005,19005,256x256,256x256,True,kept,True,,
high_quality_architectural_2053_Floor-2.npz,high_quality_architectural/2053/Floor-2,4,"0,2,4,8",4,15694,15694,256x256,256x256,True,kept,True,,
high_quality_architectural_2055_Floor-1.npz,high_quality_architectural/2055/Floor-1,6,"0,1,2,3,4,5,6,7,8",9,35323,35323,256x256,256x256,True,kept,True,,
high_quality_architectural_2058_Floor-1.npz,high_quality_architectural/2058/Floor-1,5,"0,1,2,3,4,5,8",7,26586,26586,256x256,256x256,True,kept,True,,
high_quality_architectural_2069_Floor-1.npz,high_quality_architectural/2069/Floor-1,0,"0,8",2,7033,7033,256x256,256x256,False,room_count_below_min,False,,
high_quality_architectural_2070_Floor-1.npz,high_quality_architectural/2070/Floor-1,8,"0,1,2,3,4,5,7,8",8,14365,14365,256x256,256x256,True,kept,True,,
high_quality_architectural_2073_Floor-1.npz,high_quality_architectural/2073/Floor-1,4,"0,1,2,3,8",5,25724,25724,256x256,256x256,True,kept,True,,
high_quality_architectural_2078_Floor-1.npz,high_quality_architectural/2078/Floor-1,8,"0,1,2,3,4,5,7,8",8,40825,40825,256x256,256x256,True,kept,True,,
high_quality_architectural_2079_Floor-1.npz,high_quality_architectural/2079/Floor-1,10,"0,1,2,3,4,5,7,8",8,15829,15829,256x256,256x256,True,kept,True,,
high_quality_architectural_2079_Floor-2.npz,high_quality_architectural/2079/Floor-2,8,"0,3,4,7,8",5,8765,8765,256x256,256x256,True,kept,True,,
high_quality_architectural_207_Floor-1.npz,high_quality_architectural/207/Floor-1,13,"0,1,2,3,4,5,6,7,8",9,39660,39660,256x256,256x256,True,kept,True,,
high_quality_architectural_2080_Floor-1.npz,high_quality_architectural/2080/Floor-1,11,"0,1,2,3,4,5,7,8",8,31679,31679,256x256,256x256,True,kept,True,,
high_quality_architectural_2084_Floor-1.npz,high_quality_architectural/2084/Floor-1,7,"0,1,2,4,5,7,8",7,22697,22697,256x256,256x256,True,kept,True,,
high_quality_architectural_2085_Floor-1.npz,high_quality_architectural/2085/Floor-1,8,"0,1,2,3,4,5,7,8",8,16454,16454,256x256,256x256,True,kept,True,,
high_quality_architectural_2085_Floor-2.npz,high_quality_architectural/2085/Floor-2,6,"0,3,4,5,7,8",6,17419,17419,256x256,256x256,True,kept,True,,
high_quality_architectural_2090_Floor-1.npz,high_quality_architectural/2090/Floor-1,3,"0,2,3,4,5,8",6,35292,35292,256x256,256x256,True,kept,True,,
high_quality_architectural_2091_Floor-1.npz,high_quality_architectural/2091/Floor-1,5,"0,2,3,4,5,7,8",7,14382,14382,256x256,256x256,True,kept,True,,
high_quality_architectural_2091_Floor-2.npz,high_quality_architectural/2091/Floor-2,5,"0,1,2,3,4,6,7,8",8,16310,16310,256x256,256x256,True,kept,True,,
high_quality_architectural_2100_Floor-1.npz,high_quality_architectural/2100/Floor-1,3,"0,7,8",3,19807,19807,256x256,256x256,True,kept,True,,
high_quality_architectural_2100_Floor-2.npz,high_quality_architectural/2100/Floor-2,2,"0,1,2,7,8",5,6404,6404,256x256,256x256,False,room_count_below_min,False,,
high_quality_architectural_2103_Floor-1.npz,high_quality_architectural/2103/Floor-1,9,"0,1,2,3,4,5,7,8",8,13769,13769,256x256,256x256,True,kept,True,,
high_quality_architectural_2103_Floor-2.npz,high_quality_architectural/2103/Floor-2,3,"0,3,5,8",4,8673,8673,256x256,256x256,True,kept,True,,
high_quality_architectural_2105_Floor-1.npz,high_quality_architectural/2105/Floor-1,6,"0,1,2,3,4,5,6,7,8",9,28065,28065,256x256,256x256,True,kept,True,,
high_quality_architectural_2107_Floor-1.npz,high_quality_architectural/2107/Floor-1,4,"0,1,2,3,4,5,7,8",8,30142,30142,256x256,256x256,True,kept,True,,
high_quality_architectural_2108_Floor-1.npz,high_quality_architectural/2108/Floor-1,9,"0,1,2,3,4,5,7,8",8,24682,24682,256x256,256x256,True,kept,True,,
high_quality_architectural_2108_Floor-2.npz,high_quality_architectural/2108/Floor-2,5,"0,3,4,5,8",5,9692,9692,256x256,256x256,True,kept,True,,
high_quality_architectural_2113_Floor-1.npz,high_quality_architectural/2113/Floor-1,2,"0,1,2,8",4,45654,45654,256x256,256x256,False,room_count_below_min,False,,
high_quality_architectural_2117_Floor-1.npz,high_quality_architectural/2117/Floor-1,2,"0,1,2,4,5,8",6,47022,47022,256x256,256x256,False,room_count_below_min,False,,
high_quality_architectural_211_Floor-1.npz,high_quality_architectural/211/Floor-1,7,"0,1,2,3,4,5,7,8",8,33417,33417,256x256,256x256,True,kept,True,,
high_quality_architectural_2123_Floor-1.npz,high_quality_architectural/2123/Floor-1,6,"0,2,3,4,5,7,8",7,24465,24465,256x256,256x256,True,kept,True,,
high_quality_architectural_2131_Floor-1.npz,high_quality_architectural/2131/Floor-1,9,"0,1,2,3,4,5,7,8",8,16069,16069,256x256,256x256,True,kept,True,,
high_quality_architectural_2131_Floor-2.npz,high_quality_architectural/2131/Floor-2,1,"0,7,8",3,19563,19563,256x256,256x256,False,room_count_below_min,False,,
high_quality_architectural_2142_Floor-1.npz,high_quality_architectural/2142/Floor-1,3,"0,1,2,3,4,5,8",7,33720,33720,256x256,256x256,True,kept,True,,
high_quality_architectural_2143_Floor-1.npz,high_quality_architectural/2143/Floor-1,2,"0,4,5,8",4,18476,18476,256x256,256x256,False,room_count_below_min,False,,
high_quality_architectural_2144_Floor-1.npz,high_quality_architectural/2144/Floor-1,5,"0,1,2,3,4,5,7,8",8,16570,16570,256x256,256x256,True,kept,True,,
high_quality_architectural_2144_Floor-2.npz,high_quality_architectural/2144/Floor-2,4,"0,3,4,7,8",5,12734,12734,256x256,256x256,True,kept,True,,
high_quality_architectural_2145_Floor-1.npz,high_quality_architectural/2145/Floor-1,3,"0,1,2,3,4,5,8",7,29760,29760,256x256,256x256,True,kept,True,,
high_quality_architectural_2148_Floor-1.npz,high_quality_architectural/2148/Floor-1,1,"0,1,2,8",4,14933,14933,256x256,256x256,False,room_count_below_min,False,,
high_quality_architectural_2149_Floor-1.npz,high_quality_architectural/2149/Floor-1,1,"0,1,2,5,7,8",6,28330,28330,256x256,256x256,False,room_count_below_min,False,,
high_quality_architectural_214_Floor-1.npz,high_quality_architectural/214/Floor-1,7,"0,1,2,3,4,5,6,7,8",9,33801,33801,256x256,256x256,True,kept,True,,
high_quality_architectural_2163_Floor-1.npz,high_quality_architectural/2163/Floor-1,11,"0,1,3,4,5,7,8",7,28232,28232,256x256,256x256,True,kept,True,,
high_quality_architectural_2164_Floor-1.npz,high_quality_architectural/2164/Floor-1,7,"0,1,2,4,5,7,8",7,30341,30341,256x256,256x256,True,kept,True,,
high_quality_architectural_2172_Floor-1.npz,high_quality_architectural/2172/Floor-1,6,"0,3,4,5,7,8",6,9645,9645,256x256,256x256,True,kept,True,,
high_quality_architectural_2172_Floor-2.npz,high_quality_architectural/2172/Floor-2,4,"0,1,2,3,4,8",6,12492,12492,256x256,256x256,True,kept,True,,
high_quality_architectural_2176_Floor-1.npz,high_quality_architectural/2176/Floor-1,6,"0,1,2,3,4,5,8",7,25502,25502,256x256,256x256,True,kept,True,,
high_quality_architectural_2177_Floor-1.npz,high_quality_architectural/2177/Floor-1,2,"0,1,2,3,4,5,8",7,38035,38035,256x256,256x256,False,room_count_below_min,False,,
high_quality_architectural_2179_Floor-1.npz,high_quality_architectural/2179/Floor-1,7,"0,3,4,5,7,8",6,8040,8040,256x256,256x256,True,kept,True,,
high_quality_architectural_2179_Floor-2.npz,high_quality_architectural/2179/Floor-2,1,"0,5,8",3,6731,6731,256x256,256x256,False,room_count_below_min,False,,
high_quality_architectural_2183_Floor-1.npz,high_quality_architectural/2183/Floor-1,0,"0,8",2,4775,4775,256x256,256x256,False,room_count_below_min,False,,
high_quality_architectural_2183_Floor-2.npz,high_quality_architectural/2183/Floor-2,0,"0,8",2,2083,2083,256x256,256x256,False,room_count_below_min,False,,
high_quality_architectural_2185_Floor-1.npz,high_quality_architectural/2185/Floor-1,4,"0,2,3,4,8",5,26986,26986,256x256,256x256,True,kept,True,,
high_quality_architectural_218_Floor-1.npz,high_quality_architectural/218/Floor-1,7,"0,1,2,3,4,5,7,8",8,14905,14905,256x256,256x256,True,kept,True,,
high_quality_architectural_218_Floor-2.npz,high_quality_architectural/218/Floor-2,4,"0,3,4,5,7,8",6,6838,6838,256x256,256x256,True,kept,True,,
high_quality_architectural_2195_Floor-1.npz,high_quality_architectural/2195/Floor-1,5,"0,1,2,3,7,8",6,36380,36380,256x256,256x256,True,kept,True,,
high_quality_architectural_2200_Floor-1.npz,high_quality_architectural/2200/Floor-1,2,"0,4,5,8",4,10224,10224,256x256,256x256,False,room_count_below_min,False,,
high_quality_architectural_2204_Floor-1.npz,high_quality_architectural/2204/Floor-1,9,"0,1,2,3,4,5,7,8",8,20031,20031,256x256,256x256,True,kept,True,,
high_quality_architectural_2204_Floor-2.npz,high_quality_architectural/2204/Floor-2,0,"0,8",2,2784,2784,256x256,256x256,False,room_count_below_min,False,,
high_quality_architectural_2207_Floor-1.npz,high_quality_architectural/2207/Floor-1,12,"0,1,2,3,4,5,7,8",8,30753,30753,256x256,256x256,True,kept,True,,
high_quality_architectural_222_Floor-1.npz,high_quality_architectural/222/Floor-1,14,"0,1,2,3,4,5,6,7,8",9,32672,32672,256x256,256x256,True,kept,True,,
high_quality_architectural_225_Floor-1.npz,high_quality_architectural/225/Floor-1,8,"0,1,2,3,4,5,7,8",8,34433,34433,256x256,256x256,True,kept,True,,
high_quality_architectural_22_Floor-1.npz,high_quality_architectural/22/Floor-1,11,"0,1,2,3,4,5,7,8",8,37750,37750,256x256,256x256,True,kept,True,,
high_quality_architectural_232_Floor-1.npz,high_quality_architectural/232/Floor-1,2,"0,1,4,8",4,14569,14569,256x256,256x256,False,room_count_below_min,False,,
high_quality_architectural_233_Floor-1.npz,high_quality_architectural/233/Floor-1,1,"0,7,8",3,16078,16078,256x256,256x256,False,room_count_below_min,False,,
high_quality_architectural_239_Floor-1.npz,high_quality_architectural/239/Floor-1,2,"0,2,3,4,8",5,21583,21583,256x256,256x256,False,room_count_below_min,False,,
high_quality_architectural_23_Floor-1.npz,high_quality_architectural/23/Floor-1,11,"0,1,2,3,4,5,7,8",8,28521,28521,256x256,256x256,True,kept,True,,
high_quality_architectural_241_Floor-1.npz,high_quality_architectural/241/Floor-1,4,"0,1,3,4,8",5,20659,20659,256x256,256x256,True,kept,True,,
high_quality_architectural_242_Floor-1.npz,high_quality_architectural/242/Floor-1,1,"0,1,2,8",4,26084,26084,256x256,256x256,False,room_count_below_min,False,,
high_quality_architectural_247_Floor-1.npz,high_quality_architectural/247/Floor-1,4,"0,2,3,4,8",5,22718,22718,256x256,256x256,True,kept,True,,
high_quality_architectural_24_Floor-1.npz,high_quality_architectural/24/Floor-1,7,"0,1,2,3,4,5,7,8",8,12823,12823,256x256,256x256,True,kept,True,,
high_quality_architectural_24_Floor-2.npz,high_quality_architectural/24/Floor-2,0,"0,8",2,2233,2233,256x256,256x256,False,room_count_below_min,False,,
high_quality_architectural_2504_Floor-1.npz,high_quality_architectural/2504/Floor-1,3,"0,1,2,3,4,5,8",7,30017,30017,256x256,256x256,True,kept,True,,
high_quality_architectural_2505_Floor-1.npz,high_quality_architectural/2505/Floor-1,9,"0,1,2,4,5,7,8",7,8940,8940,256x256,256x256,True,kept,True,,
high_quality_architectural_2505_Floor-2.npz,high_quality_architectural/2505/Floor-2,3,"0,3,5,8",4,6028,6028,256x256,256x256,True,kept,True,,
high_quality_architectural_2510_Floor-1.npz,high_quality_architectural/2510/Floor-1,9,"0,1,2,3,4,6,7,8",8,35153,35153,256x256,256x256,True,kept,True,,
high_quality_architectural_2512_Floor-1.npz,high_quality_architectural/2512/Floor-1,5,"0,1,2,3,5,7,8",7,35874,35874,256x256,256x256,True,kept,True,,
high_quality_architectural_2516_Floor-1.npz,high_quality_architectural/2516/Floor-1,8,"0,2,3,4,5,7,8",7,31463,31463,256x256,256x256,True,kept,True,,
high_quality_architectural_2519_Floor-1.npz,high_quality_architectural/2519/Floor-1,4,"0,1,2,3,4,5,8",7,33945,33945,256x256,256x256,True,kept,True,,
high_quality_architectural_251_Floor-1.npz,high_quality_architectural/251/Floor-1,8,"0,1,2,3,4,5,7,8",8,31765,31765,256x256,256x256,True,kept,True,,
high_quality_architectural_2523_Floor-1.npz,high_quality_architectural/2523/Floor-1,4,"0,1,2,3,4,5,6,8",8,28819,28819,256x256,256x256,True,kept,True,,
high_quality_architectural_2528_Floor-1.npz,high_quality_architectural/2528/Floor-1,4,"0,1,2,4,5,8",6,24794,24794,256x256,256x256,True,kept,True,,
high_quality_architectural_2530_Floor-1.npz,high_quality_architectural/2530/Floor-1,12,"0,1,2,3,4,5,6,7,8",9,35158,35158,256x256,256x256,True,kept,True,,
high_quality_architectural_2536_Floor-1.npz,high_quality_architectural/2536/Floor-1,6,"0,1,2,3,4,5,7,8",8,43807,43807,256x256,256x256,True,kept,True,,
high_quality_architectural_2539_Floor-1.npz,high_quality_architectural/2539/Floor-1,0,"0,8",2,3993,3993,256x256,256x256,False,room_count_below_min,False,,
high_quality_architectural_253_Floor-1.npz,high_quality_architectural/253/Floor-1,14,"0,1,2,3,4,5,6,7,8",9,30398,30398,256x256,256x256,True,kept,True,,
high_quality_architectural_2547_Floor-1.npz,high_quality_architectural/2547/Floor-1,13,"0,1,2,3,4,5,6,7,8",9,11271,11271,256x256,256x256,True,kept,True,,
high_quality_architectural_2547_Floor-2.npz,high_quality_architectural/2547/Floor-2,5,"0,3,4,5,7,8",6,5884,5884,256x256,256x256,True,kept,True,,
high_quality_architectural_2550_Floor-1.npz,high_quality_architectural/2550/Floor-1,14,"0,1,2,3,4,5,7,8",8,14750,14750,256x256,256x256,True,kept,True,,
high_quality_architectural_2550_Floor-2.npz,high_quality_architectural/2550/Floor-2,8,"0,3,4,5,8",5,10009,10009,256x256,256x256,True,kept,True,,
high_quality_architectural_2551_Floor-1.npz,high_quality_architectural/2551/Floor-1,8,"0,1,2,3,4,5,7,8",8,42427,42427,256x256,256x256,True,kept,True,,
high_quality_architectural_2558_Floor-1.npz,high_quality_architectural/2558/Floor-1,0,"0,8",2,5110,5110,256x256,256x256,False,room_count_below_min,False,,
high_quality_architectural_2559_Floor-1.npz,high_quality_architectural/2559/Floor-1,0,"0,8",2,4249,4249,256x256,256x256,False,room_count_below_min,False,,
high_quality_architectural_2560_Floor-1.npz,high_quality_architectural/2560/Floor-1,0,"0,8",2,1603,1603,256x256,256x256,False,room_count_below_min,False,,
high_quality_architectural_2560_Floor-2.npz,high_quality_architectural/2560/Floor-2,0,"0,8",2,1205,1205,256x256,256x256,False,room_count_below_min,False,,
high_quality_architectural_2561_Floor-1.npz,high_quality_architectural/2561/Floor-1,0,"0,8",2,3229,3229,256x256,256x256,False,room_count_below_min,False,,
high_quality_architectural_2561_Floor-2.npz,high_quality_architectural/2561/Floor-2,0,"0,8",2,3765,3765,256x256,256x256,False,room_count_below_min,False,,
high_quality_architectural_2563_Floor-1.npz,high_quality_architectural/2563/Floor-1,0,"0,8",2,5765,5765,256x256,256x256,False,room_count_below_min,False,,
high_quality_architectural_2564_Floor-1.npz,high_quality_architectural/2564/Floor-1,0,"0,8",2,1129,1129,256x256,256x256,False,room_count_below_min,False,,
high_quality_architectural_2564_Floor-2.npz,high_quality_architectural/2564/Floor-2,0,"0,8",2,1086,1086,256x256,256x256,False,room_count_below_min,False,,
high_quality_architectural_2564_Floor-3.npz,high_quality_architectural/2564/Floor-3,0,"0,8",2,1004,1004,256x256,256x256,False,room_count_below_min,False,,
high_quality_architectural_2565_Floor-1.npz,high_quality_architectural/2565/Floor-1,0,"0,8",2,3267,3267,256x256,256x256,False,room_count_below_min,False,,
high_quality_architectural_2565_Floor-2.npz,high_quality_architectural/2565/Floor-2,0,"0,8",2,2311,2311,256x256,256x256,False,room_count_below_min,False,,
high_quality_architectural_2566_Floor-1.npz,high_quality_architectural/2566/Floor-1,6,"0,1,2,4,5,6,7,8",8,14408,14408,256x256,256x256,True,kept,True,,
high_quality_architectural_2566_Floor-2.npz,high_quality_architectural/2566/Floor-2,5,"0,3,5,7,8",5,7633,7633,256x256,256x256,True,kept,True,,
high_quality_architectural_2567_Floor-1.npz,high_quality_architectural/2567/Floor-1,0,"0,8",2,2227,2227,256x256,256x256,False,room_count_below_min,False,,
high_quality_architectural_2567_Floor-2.npz,high_quality_architectural/2567/Floor-2,0,"0,8",2,2340,2340,256x256,256x256,False,room_count_below_min,False,,
high_quality_architectural_2569_Floor-1.npz,high_quality_architectural/2569/Floor-1,0,"0,8",2,3615,3615,256x256,256x256,False,room_count_below_min,False,,
high_quality_architectural_2569_Floor-2.npz,high_quality_architectural/2569/Floor-2,0,"0,8",2,2839,2839,256x256,256x256,False,room_count_below_min,False,,
high_quality_architectural_2572_Floor-1.npz,high_quality_architectural/2572/Floor-1,0,"0,8",2,2692,2692,256x256,256x256,False,room_count_below_min,False,,
high_quality_architectural_2572_Floor-2.npz,high_quality_architectural/2572/Floor-2,0,"0,8",2,3101,3101,256x256,256x256,False,room_count_below_min,False,,
high_quality_architectural_2573_Floor-1.npz,high_quality_architectural/2573/Floor-1,0,"0,8",2,2398,2398,256x256,256x256,False,room_count_below_min,False,,
high_quality_architectural_2573_Floor-2.npz,high_quality_architectural/2573/Floor-2,0,"0,8",2,2425,2425,256x256,256x256,False,room_count_below_min,False,,
high_quality_architectural_2573_Floor-3.npz,high_quality_architectural/2573/Floor-3,0,"0,8",2,1653,1653,256x256,256x256,False,room_count_below_min,False,,
high_quality_architectural_2575_Floor-1.npz,high_quality_architectural/2575/Floor-1,0,"0,8",2,2235,2235,256x256,256x256,False,room_count_below_min,False,,
high_quality_architectural_2575_Floor-2.npz,high_quality_architectural/2575/Floor-2,0,"0,8",2,2170,2170,256x256,256x256,False,room_count_below_min,False,,
high_quality_architectural_2577_Floor-1.npz,high_quality_architectural/2577/Floor-1,0,"0,8",2,5845,5845,256x256,256x256,False,room_count_below_min,False,,
high_quality_architectural_2579_Floor-1.npz,high_quality_architectural/2579/Floor-1,0,"0,8",2,2358,2358,256x256,256x256,False,room_count_below_min,False,,
high_quality_architectural_2579_Floor-2.npz,high_quality_architectural/2579/Floor-2,0,"0,8",2,2175,2175,256x256,256x256,False,room_count_below_min,False,,
high_quality_architectural_2580_Floor-1.npz,high_quality_architectural/2580/Floor-1,0,"0,8",2,3084,3084,256x256,256x256,False,room_count_below_min,False,,
high_quality_architectural_2580_Floor-2.npz,high_quality_architectural/2580/Floor-2,0,"0,8",2,3043,3043,256x256,256x256,False,room_count_below_min,False,,
high_quality_architectural_2582_Floor-1.npz,high_quality_architectural/2582/Floor-1,0,"0,8",2,5657,5657,256x256,256x256,False,room_count_below_min,False,,
high_quality_architectural_2583_Floor-1.npz,high_quality_architectural/2583/Floor-1,0,"0,8",2,2714,2714,256x256,256x256,False,room_count_below_min,False,,
high_quality_architectural_2583_Floor-2.npz,high_quality_architectural/2583/Floor-2,0,"0,8",2,3307,3307,256x256,256x256,False,room_count_below_min,False,,
high_quality_architectural_2588_Floor-1.npz,high_quality_architectural/2588/Floor-1,0,"0,8",2,5259,5259,256x256,256x256,False,room_count_below_min,False,,
high_quality_architectural_2589_Floor-1.npz,high_quality_architectural/2589/Floor-1,0,"0,8",2,2689,2689,256x256,256x256,False,room_count_below_min,False,,
high_quality_architectural_2589_Floor-2.npz,high_quality_architectural/2589/Floor-2,0,"0,8",2,2707,2707,256x256,256x256,False,room_count_below_min,False,,
high_quality_architectural_2590_Floor-1.npz,high_quality_architectural/2590/Floor-1,6,"0,1,2,3,4,5,6,8",8,18010,18010,256x256,256x256,True,kept,True,,
high_quality_architectural_2590_Floor-2.npz,high_quality_architectural/2590/Floor-2,6,"0,3,5,7,8",5,18500,18500,256x256,256x256,True,kept,True,,
high_quality_architectural_2596_Floor-1.npz,high_quality_architectural/2596/Floor-1,2,"0,2,3,5,8",5,26701,26701,256x256,256x256,False,room_count_below_min,False,,
high_quality_architectural_259_Floor-1.npz,high_quality_architectural/259/Floor-1,14,"0,1,2,3,4,5,6,7,8",9,21811,21811,256x256,256x256,True,kept,True,,
high_quality_architectural_259_Floor-2.npz,high_quality_architectural/259/Floor-2,1,"0,5,8",3,6509,6509,256x256,256x256,False,room_count_below_min,False,,
high_quality_architectural_2600_Floor-1.npz,high_quality_architectural/2600/Floor-1,2,"0,1,2,3,5,6,7,8",8,9866,9866,256x256,256x256,False,room_count_below_min,False,,
high_quality_architectural_2600_Floor-2.npz,high_quality_architectural/2600/Floor-2,4,"0,3,4,5,7,8",6,7315,7315,256x256,256x256,True,kept,True,,
high_quality_architectural_2609_Floor-1.npz,high_quality_architectural/2609/Floor-1,7,"0,1,2,3,4,6,7,8",8,12594,12594,256x256,256x256,True,kept,True,,
high_quality_architectural_2609_Floor-2.npz,high_quality_architectural/2609/Floor-2,6,"0,3,4,5,8",5,10279,10279,256x256,256x256,True,kept,True,,
high_quality_architectural_263_Floor-1.npz,high_quality_architectural/263/Floor-1,6,"0,1,2,3,4,5,7,8",8,26734,26734,256x256,256x256,True,kept,True,,
high_quality_architectural_277_Floor-1.npz,high_quality_architectural/277/Floor-1,0,"0,8",2,3447,3447,256x256,256x256,False,room_count_below_min,False,,
high_quality_architectural_282_Floor-1.npz,high_quality_architectural/282/Floor-1,7,"0,1,2,3,4,5,7,8",8,30355,30355,256x256,256x256,True,kept,True,,
high_quality_architectural_283_Floor-1.npz,high_quality_architectural/283/Floor-1,8,"0,1,2,3,4,5,7,8",8,36098,36098,256x256,256x256,True,kept,True,,
high_quality_architectural_285_Floor-1.npz,high_quality_architectural/285/Floor-1,9,"0,1,2,3,4,5,7,8",8,30590,30590,256x256,256x256,True,kept,True,,
high_quality_architectural_287_Floor-1.npz,high_quality_architectural/287/Floor-1,12,"0,1,2,3,4,5,6,7,8",9,44116,44116,256x256,256x256,True,kept,True,,
high_quality_architectural_288_Floor-1.npz,high_quality_architectural/288/Floor-1,12,"0,1,2,4,5,7,8",7,31929,31929,256x256,256x256,True,kept,True,,
high_quality_architectural_294_Floor-1.npz,high_quality_architectural/294/Floor-1,5,"0,1,2,3,4,5,7,8",8,37826,37826,256x256,256x256,True,kept,True,,
high_quality_architectural_2_Floor-1.npz,high_quality_architectural/2/Floor-1,2,"0,1,5,7,8",5,33351,33351,256x256,256x256,False,room_count_below_min,False,,
high_quality_architectural_3001_Floor-1.npz,high_quality_architectural/3001/Floor-1,7,"0,1,2,4,5,7,8",7,13723,13723,256x256,256x256,True,kept,True,,
high_quality_architectural_3001_Floor-2.npz,high_quality_architectural/3001/Floor-2,3,"0,3,4,8",4,9129,9129,256x256,256x256,True,kept,True,,
high_quality_architectural_3008_Floor-1.npz,high_quality_architectural/3008/Floor-1,6,"0,1,2,3,4,5,7,8",8,42855,42855,256x256,256x256,True,kept,True,,
high_quality_architectural_3015_Floor-1.npz,high_quality_architectural/3015/Floor-1,5,"0,1,2,4,5,6,7,8",8,10526,10526,256x256,256x256,True,kept,True,,
high_quality_architectural_3015_Floor-2.npz,high_quality_architectural/3015/Floor-2,8,"0,3,4,5,7,8",6,12080,12080,256x256,256x256,True,kept,True,,
high_quality_architectural_3024_Floor-1.npz,high_quality_architectural/3024/Floor-1,7,"0,1,2,3,4,5,7,8",8,34359,34359,256x256,256x256,True,kept,True,,
high_quality_architectural_302_Floor-1.npz,high_quality_architectural/302/Floor-1,8,"0,1,4,7,8",5,18446,18446,256x256,256x256,True,kept,True,,
high_quality_architectural_302_Floor-2.npz,high_quality_architectural/302/Floor-2,6,"0,1,2,3,4,5,8",7,14635,14635,256x256,256x256,True,kept,True,,
high_quality_architectural_3031_Floor-1.npz,high_quality_architectural/3031/Floor-1,5,"0,1,2,4,5,7,8",7,14360,14360,256x256,256x256,True,kept,True,,
high_quality_architectural_3031_Floor-2.npz,high_quality_architectural/3031/Floor-2,5,"0,2,3,5,7,8",6,14126,14126,256x256,256x256,True,kept,True,,
high_quality_architectural_3032_Floor-1.npz,high_quality_architectural/3032/Floor-1,4,"0,1,2,3,4,5,8",7,27642,27642,256x256,256x256,True,kept,True,,
high_quality_architectural_3035_Floor-1.npz,high_quality_architectural/3035/Floor-1,11,"0,1,2,3,4,5,7,8",8,43009,43009,256x256,256x256,True,kept,True,,
high_quality_architectural_3038_Floor-1.npz,high_quality_architectural/3038/Floor-1,11,"0,1,2,3,4,5,7,8",8,34886,34886,256x256,256x256,True,kept,True,,
high_quality_architectural_3039_Floor-1.npz,high_quality_architectural/3039/Floor-1,11,"0,1,2,3,4,5,6,7,8",9,23881,23881,256x256,256x256,True,kept,True,,
high_quality_architectural_303_Floor-1.npz,high_quality_architectural/303/Floor-1,8,"0,2,3,4,5,6,7,8",8,25578,25578,256x256,256x256,True,kept,True,,
high_quality_architectural_3040_Floor-1.npz,high_quality_architectural/3040/Floor-1,4,"0,1,2,4,5,8",6,11106,11106,256x256,256x256,True,kept,True,,
high_quality_architectural_3040_Floor-2.npz,high_quality_architectural/3040/Floor-2,2,"0,2,3,8",4,11135,11135,256x256,256x256,False,room_count_below_min,False,,
high_quality_architectural_3043_Floor-1.npz,high_quality_architectural/3043/Floor-1,3,"0,3,4,5,8",5,29565,29565,256x256,256x256,True,kept,True,,
high_quality_architectural_3046_Floor-1.npz,high_quality_architectural/3046/Floor-1,4,"0,1,2,3,4,5,8",7,38312,38312,256x256,256x256,True,kept,True,,
high_quality_architectural_3049_Floor-1.npz,high_quality_architectural/3049/Floor-1,10,"0,1,2,3,4,5,7,8",8,22486,22486,256x256,256x256,True,kept,True,,
high_quality_architectural_3060_Floor-1.npz,high_quality_architectural/3060/Floor-1,9,"0,1,2,3,4,7,8",7,31459,31459,256x256,256x256,True,kept,True,,
high_quality_architectural_3061_Floor-1.npz,high_quality_architectural/3061/Floor-1,11,"0,1,2,3,4,5,7,8",8,24740,24740,256x256,256x256,True,kept,True,,
high_quality_architectural_3061_Floor-2.npz,high_quality_architectural/3061/Floor-2,6,"0,3,4,5,7,8",6,19955,19955,256x256,256x256,True,kept,True,,
high_quality_architectural_306_Floor-1.npz,high_quality_architectural/306/Floor-1,9,"0,1,2,3,4,5,7,8",8,36589,36589,256x256,256x256,True,kept,True,,
high_quality_architectural_3080_Floor-1.npz,high_quality_architectural/3080/Floor-1,4,"0,1,3,4,5,8",6,22071,22071,256x256,256x256,True,kept,True,,
high_quality_architectural_3085_Floor-1.npz,high_quality_architectural/3085/Floor-1,11,"0,1,2,3,4,5,7,8",8,33830,33830,256x256,256x256,True,kept,True,,
high_quality_architectural_3087_Floor-1.npz,high_quality_architectural/3087/Floor-1,13,"0,1,2,3,4,5,7,8",8,21161,21161,256x256,256x256,True,kept,True,,
high_quality_architectural_3087_Floor-2.npz,high_quality_architectural/3087/Floor-2,5,"0,2,3,7,8",5,15455,15455,256x256,256x256,True,kept,True,,
high_quality_architectural_3096_Floor-1.npz,high_quality_architectural/3096/Floor-1,9,"0,1,2,3,4,5,7,8",8,42373,42373,256x256,256x256,True,kept,True,,
high_quality_architectural_3099_Floor-1.npz,high_quality_architectural/3099/Floor-1,5,"0,2,3,4,8",5,16933,16933,256x256,256x256,True,kept,True,,
high_quality_architectural_3102_Floor-1.npz,high_quality_architectural/3102/Floor-1,4,"0,1,3,4,5,7,8",7,38889,38889,256x256,256x256,True,kept,True,,
high_quality_architectural_3115_Floor-1.npz,high_quality_architectural/3115/Floor-1,4,"0,2,3,4,5,8",6,30321,30321,256x256,256x256,True,kept,True,,
high_quality_architectural_3118_Floor-1.npz,high_quality_architectural/3118/Floor-1,6,"0,1,2,3,4,5,6,7,8",9,10368,10368,256x256,256x256,True,kept,True,,
high_quality_architectural_3124_Floor-1.npz,high_quality_architectural/3124/Floor-1,4,"0,1,2,4,5,8",6,29920,29920,256x256,256x256,True,kept,True,,
high_quality_architectural_3127_Floor-1.npz,high_quality_architectural/3127/Floor-1,10,"0,1,2,3,4,5,6,7,8",9,35860,35860,256x256,256x256,True,kept,True,,
high_quality_architectural_312_Floor-1.npz,high_quality_architectural/312/Floor-1,1,"0,1,2,5,8",5,36976,36976,256x256,256x256,False,room_count_below_min,False,,
high_quality_architectural_313_Floor-1.npz,high_quality_architectural/313/Floor-1,6,"0,1,2,3,4,5,7,8",8,44196,44196,256x256,256x256,True,kept,True,,
high_quality_architectural_3144_Floor-1.npz,high_quality_architectural/3144/Floor-1,9,"0,1,2,3,4,5,7,8",8,18562,18562,256x256,256x256,True,kept,True,,
high_quality_architectural_3144_Floor-2.npz,high_quality_architectural/3144/Floor-2,9,"0,3,4,5,7,8",6,17202,17202,256x256,256x256,True,kept,True,,
high_quality_architectural_3150_Floor-1.npz,high_quality_architectural/3150/Floor-1,11,"0,1,2,3,4,5,7,8",8,36400,36400,256x256,256x256,True,kept,True,,
high_quality_architectural_3153_Floor-1.npz,high_quality_architectural/3153/Floor-1,5,"0,1,2,3,4,5,7,8",8,37989,37989,256x256,256x256,True,kept,True,,
high_quality_architectural_3163_Floor-1.npz,high_quality_architectural/3163/Floor-1,11,"0,1,2,4,5,7,8",7,33673,33673,256x256,256x256,True,kept,True,,
high_quality_architectural_3164_Floor-1.npz,high_quality_architectural/3164/Floor-1,11,"0,1,2,3,4,5,6,7,8",9,29874,29874,256x256,256x256,True,kept,True,,
high_quality_architectural_3172_Floor-1.npz,high_quality_architectural/3172/Floor-1,9,"0,1,2,3,4,5,7,8",8,18096,18096,256x256,256x256,True,kept,True,,
high_quality_architectural_3179_Floor-1.npz,high_quality_architectural/3179/Floor-1,11,"0,1,2,3,4,5,7,8",8,13935,13935,256x256,256x256,True,kept,True,,
high_quality_architectural_3179_Floor-2.npz,high_quality_architectural/3179/Floor-2,8,"0,1,2,3,4,5,6,7,8",9,14197,14197,256x256,256x256,True,kept,True,,
high_quality_architectural_3184_Floor-1.npz,high_quality_architectural/3184/Floor-1,9,"0,1,2,3,4,5,7,8",8,42577,42577,256x256,256x256,True,kept,True,,
high_quality_architectural_3195_Floor-1.npz,high_quality_architectural/3195/Floor-1,7,"0,2,3,4,5,7,8",7,15549,15549,256x256,256x256,True,kept,True,,
high_quality_architectural_3195_Floor-2.npz,high_quality_architectural/3195/Floor-2,2,"0,1,2,4,5,6,8",7,11145,11145,256x256,256x256,False,room_count_below_min,False,,
high_quality_architectural_3196_Floor-1.npz,high_quality_architectural/3196/Floor-1,5,"0,1,2,4,5,7,8",7,8942,8942,256x256,256x256,True,kept,True,,
high_quality_architectural_3196_Floor-2.npz,high_quality_architectural/3196/Floor-2,5,"0,3,4,7,8",5,6310,6310,256x256,256x256,True,kept,True,,
high_quality_architectural_3202_Floor-1.npz,high_quality_architectural/3202/Floor-1,5,"0,2,4,5,7,8",6,5701,5701,256x256,256x256,True,kept,True,,
high_quality_architectural_3202_Floor-2.npz,high_quality_architectural/3202/Floor-2,6,"0,1,2,4,5,6,7,8",8,9095,9095,256x256,256x256,True,kept,True,,
high_quality_architectural_3202_Floor-3.npz,high_quality_architectural/3202/Floor-3,4,"0,2,3,4,8",5,4496,4496,256x256,256x256,True,kept,True,,
high_quality_architectural_3204_Floor-1.npz,high_quality_architectural/3204/Floor-1,9,"0,1,2,3,4,5,6,7,8",9,35945,35945,256x256,256x256,True,kept,True,,
high_quality_architectural_3207_Floor-1.npz,high_quality_architectural/3207/Floor-1,9,"0,2,3,4,5,7,8",7,33513,33513,256x256,256x256,True,kept,True,,
high_quality_architectural_3209_Floor-1.npz,high_quality_architectural/3209/Floor-1,1,"0,5,8",3,6836,6836,256x256,256x256,False,room_count_below_min,False,,
high_quality_architectural_320_Floor-1.npz,high_quality_architectural/320/Floor-1,5,"0,1,3,4,7,8",6,10909,10909,256x256,256x256,True,kept,True,,
high_quality_architectural_320_Floor-2.npz,high_quality_architectural/320/Floor-2,6,"0,3,4,5,7,8",6,9580,9580,256x256,256x256,True,kept,True,,
high_quality_architectural_3210_Floor-1.npz,high_quality_architectural/3210/Floor-1,3,"0,1,2,3,5,8",6,33800,33800,256x256,256x256,True,kept,True,,
high_quality_architectural_3215_Floor-1.npz,high_quality_architectural/3215/Floor-1,7,"0,1,2,3,4,5,8",7,29457,29457,256x256,256x256,True,kept,True,,
high_quality_architectural_3218_Floor-1.npz,high_quality_architectural/3218/Floor-1,4,"0,1,2,3,4,5,8",7,42879,42879,256x256,256x256,True,kept,True,,
high_quality_architectural_3222_Floor-1.npz,high_quality_architectural/3222/Floor-1,3,"0,1,2,3,6,8",6,28266,28266,256x256,256x256,True,kept,True,,
high_quality_architectural_3225_Floor-1.npz,high_quality_architectural/3225/Floor-1,11,"0,2,3,4,7,8",6,20576,20576,256x256,256x256,True,kept,True,,
high_quality_architectural_3225_Floor-2.npz,high_quality_architectural/3225/Floor-2,13,"0,2,3,4,5,7,8",7,15404,15404,256x256,256x256,True,kept,True,,
high_quality_architectural_3229_Floor-1.npz,high_quality_architectural/3229/Floor-1,8,"0,1,2,3,4,5,7,8",8,16007,16007,256x256,256x256,True,kept,True,,
high_quality_architectural_3229_Floor-2.npz,high_quality_architectural/3229/Floor-2,2,"0,4,7,8",4,2912,2912,256x256,256x256,False,room_count_below_min,False,,
high_quality_architectural_3240_Floor-1.npz,high_quality_architectural/3240/Floor-1,2,"0,2,7,8",4,19715,19715,256x256,256x256,False,room_count_below_min,False,,
high_quality_architectural_3242_Floor-1.npz,high_quality_architectural/3242/Floor-1,2,"0,2,3,5,8",5,13329,13329,256x256,256x256,False,room_count_below_min,False,,
high_quality_architectural_3245_Floor-1.npz,high_quality_architectural/3245/Floor-1,5,"0,1,3,4,5,7,8",7,28579,28579,256x256,256x256,True,kept,True,,
high_quality_architectural_3252_Floor-1.npz,high_quality_architectural/3252/Floor-1,7,"0,1,2,3,4,5,6,7,8",9,41069,41069,256x256,256x256,True,kept,True,,
high_quality_architectural_3256_Floor-1.npz,high_quality_architectural/3256/Floor-1,2,"0,1,2,4,5,8",6,30454,30454,256x256,256x256,False,room_count_below_min,False,,
high_quality_architectural_32_Floor-1.npz,high_quality_architectural/32/Floor-1,11,"0,1,2,3,4,5,7,8",8,33328,33328,256x256,256x256,True,kept,True,,
high_quality_architectural_333_Floor-1.npz,high_quality_architectural/333/Floor-1,4,"0,1,2,4,5,7,8",7,34156,34156,256x256,256x256,True,kept,True,,
high_quality_architectural_334_Floor-1.npz,high_quality_architectural/334/Floor-1,11,"0,1,2,3,4,5,7,8",8,33216,33216,256x256,256x256,True,kept,True,,
high_quality_architectural_336_Floor-1.npz,high_quality_architectural/336/Floor-1,7,"0,1,2,3,4,5,8",7,40352,40352,256x256,256x256,True,kept,True,,
high_quality_architectural_340_Floor-1.npz,high_quality_architectural/340/Floor-1,3,"0,1,2,4,8",5,38442,38442,256x256,256x256,True,kept,True,,
high_quality_architectural_343_Floor-1.npz,high_quality_architectural/343/Floor-1,6,"0,1,2,3,4,5,7,8",8,24044,24044,256x256,256x256,True,kept,True,,
high_quality_architectural_3501_Floor-1.npz,high_quality_architectural/3501/Floor-1,8,"0,2,4,8",4,7330,7330,256x256,256x256,True,kept,True,,
high_quality_architectural_3501_Floor-2.npz,high_quality_architectural/3501/Floor-2,12,"0,2,4,7,8",5,9905,9905,256x256,256x256,True,kept,True,,
high_quality_architectural_3502_Floor-1.npz,high_quality_architectural/3502/Floor-1,8,"0,1,2,3,4,5,6,7,8",9,30992,30992,256x256,256x256,True,kept,True,,
high_quality_architectural_3505_Floor-1.npz,high_quality_architectural/3505/Floor-1,3,"0,1,2,7,8",5,10503,10503,256x256,256x256,True,kept,True,,
high_quality_architectural_3505_Floor-2.npz,high_quality_architectural/3505/Floor-2,8,"0,1,2,4,7,8",6,13164,13164,256x256,256x256,True,kept,True,,
high_quality_architectural_3508_Floor-1.npz,high_quality_architectural/3508/Floor-1,5,"0,1,2,3,5,8",6,39706,39706,256x256,256x256,True,kept,True,,
high_quality_architectural_3510_Floor-1.npz,high_quality_architectural/3510/Floor-1,4,"0,2,3,4,5,8",6,22979,22979,256x256,256x256,True,kept,True,,
high_quality_architectural_3516_Floor-1.npz,high_quality_architectural/3516/Floor-1,2,"0,1,2,8",4,29767,29767,256x256,256x256,False,room_count_below_min,False,,
high_quality_architectural_3517_Floor-1.npz,high_quality_architectural/3517/Floor-1,4,"0,1,2,3,7,8",6,12704,12704,256x256,256x256,True,kept,True,,
high_quality_architectural_3519_Floor-1.npz,high_quality_architectural/3519/Floor-1,6,"0,1,3,4,5,8",6,27357,27357,256x256,256x256,True,kept,True,,
high_quality_architectural_3520_Floor-1.npz,high_quality_architectural/3520/Floor-1,1,"0,2,8",3,18665,18665,256x256,256x256,False,room_count_below_min,False,,
high_quality_architectural_3523_Floor-1.npz,high_quality_architectural/3523/Floor-1,9,"0,1,2,3,4,7,8",7,29100,29100,256x256,256x256,True,kept,True,,
high_quality_architectural_3527_Floor-1.npz,high_quality_architectural/3527/Floor-1,8,"0,1,2,4,5,6,7,8",8,6532,6532,256x256,256x256,True,kept,True,,
high_quality_architectural_3527_Floor-2.npz,high_quality_architectural/3527/Floor-2,4,"0,2,5,8",4,2670,2670,256x256,256x256,True,kept,True,,
high_quality_architectural_3528_Floor-1.npz,high_quality_architectural/3528/Floor-1,2,"0,1,2,4,5,6,8",7,26464,26464,256x256,256x256,False,room_count_below_min,False,,
high_quality_architectural_3531_Floor-1.npz,high_quality_architectural/3531/Floor-1,3,"0,1,2,3,4,5,8",7,28223,28223,256x256,256x256,True,kept,True,,
high_quality_architectural_3534_Floor-1.npz,high_quality_architectural/3534/Floor-1,11,"0,1,2,3,4,5,7,8",8,25146,25146,256x256,256x256,True,kept,True,,
high_quality_architectural_353_Floor-1.npz,high_quality_architectural/353/Floor-1,10,"0,2,3,4,5,6,7,8",8,32316,32316,256x256,256x256,True,kept,True,,
high_quality_architectural_3541_Floor-1.npz,high_quality_architectural/3541/Floor-1,6,"0,2,3,4,5,8",6,33223,33223,256x256,256x256,True,kept,True,,
high_quality_architectural_3542_Floor-1.npz,high_quality_architectural/3542/Floor-1,4,"0,1,3,4,7,8",6,16819,16819,256x256,256x256,True,kept,True,,
high_quality_architectural_3546_Floor-1.npz,high_quality_architectural/3546/Floor-1,4,"0,1,2,3,4,5,8",7,39248,39248,256x256,256x256,True,kept,True,,
high_quality_architectural_3551_Floor-1.npz,high_quality_architectural/3551/Floor-1,4,"0,2,3,4,8",5,16237,16237,256x256,256x256,True,kept,True,,
high_quality_architectural_3570_Floor-1.npz,high_quality_architectural/3570/Floor-1,2,"0,1,2,3,5,8",6,28438,28438,256x256,256x256,False,room_count_below_min,False,,
high_quality_architectural_3573_Floor-1.npz,high_quality_architectural/3573/Floor-1,7,"0,1,2,3,4,5,7,8",8,11459,11459,256x256,256x256,True,kept,True,,
high_quality_architectural_3573_Floor-2.npz,high_quality_architectural/3573/Floor-2,5,"0,3,4,5,8",5,10790,10790,256x256,256x256,True,kept,True,,
high_quality_architectural_357_Floor-1.npz,high_quality_architectural/357/Floor-1,0,"0,8",2,3054,3054,256x256,256x256,False,room_count_below_min,False,,
high_quality_architectural_3580_Floor-1.npz,high_quality_architectural/3580/Floor-1,6,"0,1,2,3,4,5,7,8",8,22618,22618,256x256,256x256,True,kept,True,,
high_quality_architectural_3586_Floor-1.npz,high_quality_architectural/3586/Floor-1,7,"0,2,3,4,5,7,8",7,10265,10265,256x256,256x256,True,kept,True,,
high_quality_architectural_3586_Floor-2.npz,high_quality_architectural/3586/Floor-2,3,"0,3,5,8",4,6100,6100,256x256,256x256,True,kept,True,,
high_quality_architectural_358_Floor-1.npz,high_quality_architectural/358/Floor-1,7,"0,1,2,4,8",5,37134,37134,256x256,256x256,True,kept,True,,
high_quality_architectural_3590_Floor-1.npz,high_quality_architectural/3590/Floor-1,8,"0,1,2,3,4,5,7,8",8,25105,25105,256x256,256x256,True,kept,True,,
high_quality_architectural_3597_Floor-1.npz,high_quality_architectural/3597/Floor-1,7,"0,1,2,3,4,5,7,8",8,33084,33084,256x256,256x256,True,kept,True,,
high_quality_architectural_3604_Floor-1.npz,high_quality_architectural/3604/Floor-1,8,"0,1,2,3,4,5,7,8",8,12367,12367,256x256,256x256,True,kept,True,,
high_quality_architectural_3608_Floor-1.npz,high_quality_architectural/3608/Floor-1,7,"0,1,2,3,4,5,7,8",8,20364,20364,256x256,256x256,True,kept,True,,
high_quality_architectural_3608_Floor-2.npz,high_quality_architectural/3608/Floor-2,6,"0,3,4,7,8",5,15858,15858,256x256,256x256,True,kept,True,,
high_quality_architectural_360_Floor-1.npz,high_quality_architectural/360/Floor-1,5,"0,1,3,4,5,6,8",7,24377,24377,256x256,256x256,True,kept,True,,
high_quality_architectural_3612_Floor-1.npz,high_quality_architectural/3612/Floor-1,7,"0,1,2,3,4,5,6,7,8",9,14789,14789,256x256,256x256,True,kept,True,,
high_quality_architectural_3612_Floor-2.npz,high_quality_architectural/3612/Floor-2,2,"0,2,8",3,3717,3717,256x256,256x256,False,room_count_below_min,False,,
high_quality_architectural_3614_Floor-1.npz,high_quality_architectural/3614/Floor-1,0,"0,8",2,5882,5882,256x256,256x256,False,room_count_below_min,False,,
high_quality_architectural_3619_Floor-1.npz,high_quality_architectural/3619/Floor-1,3,"0,7,8",3,5415,5415,256x256,256x256,True,kept,True,,
high_quality_architectural_3619_Floor-2.npz,high_quality_architectural/3619/Floor-2,9,"0,1,2,4,5,6,7,8",8,9068,9068,256x256,256x256,True,kept,True,,
high_quality_architectural_3619_Floor-3.npz,high_quality_architectural/3619/Floor-3,8,"0,3,4,5,7,8",6,7194,7194,256x256,256x256,True,kept,True,,
high_quality_architectural_361_Floor-1.npz,high_quality_architectural/361/Floor-1,7,"0,2,3,4,5,7,8",7,9790,9790,256x256,256x256,True,kept,True,,
high_quality_architectural_361_Floor-2.npz,high_quality_architectural/361/Floor-2,6,"0,3,4,5,7,8",6,14127,14127,256x256,256x256,True,kept,True,,
high_quality_architectural_3621_Floor-1.npz,high_quality_architectural/3621/Floor-1,9,"0,1,2,3,4,5,6,7,8",9,30177,30177,256x256,256x256,True,kept,True,,
high_quality_architectural_3624_Floor-1.npz,high_quality_architectural/3624/Floor-1,1,"0,2,8",3,25433,25433,256x256,256x256,False,room_count_below_min,False,,
high_quality_architectural_3629_Floor-1.npz,high_quality_architectural/3629/Floor-1,7,"0,1,2,3,4,5,6,7,8",9,35489,35489,256x256,256x256,True,kept,True,,
high_quality_architectural_3637_Floor-1.npz,high_quality_architectural/3637/Floor-1,2,"0,2,7,8",4,23803,23803,256x256,256x256,False,room_count_below_min,False,,
high_quality_architectural_3649_Floor-1.npz,high_quality_architectural/3649/Floor-1,8,"0,1,2,3,4,5,7,8",8,39109,39109,256x256,256x256,True,kept,True,,
high_quality_architectural_3652_Floor-1.npz,high_quality_architectural/3652/Floor-1,6,"0,1,2,3,4,5,7,8",8,38223,38223,256x256,256x256,True,kept,True,,
high_quality_architectural_3654_Floor-1.npz,high_quality_architectural/3654/Floor-1,7,"0,1,2,3,4,5,7,8",8,32360,32360,256x256,256x256,True,kept,True,,
high_quality_architectural_3656_Floor-1.npz,high_quality_architectural/3656/Floor-1,3,"0,1,2,8",4,24857,24857,256x256,256x256,True,kept,True,,
high_quality_architectural_3658_Floor-1.npz,high_quality_architectural/3658/Floor-1,7,"0,1,2,3,4,5,7,8",8,34021,34021,256x256,256x256,True,kept,True,,
high_quality_architectural_3660_Floor-1.npz,high_quality_architectural/3660/Floor-1,3,"0,1,3,8",4,18204,18204,256x256,256x256,True,kept,True,,
high_quality_architectural_3665_Floor-1.npz,high_quality_architectural/3665/Floor-1,11,"0,1,3,4,5,6,7,8",8,21455,21455,256x256,256x256,True,kept,True,,
high_quality_architectural_3667_Floor-1.npz,high_quality_architectural/3667/Floor-1,3,"0,2,4,7,8",5,8590,8590,256x256,256x256,True,kept,True,,
high_quality_architectural_3667_Floor-2.npz,high_quality_architectural/3667/Floor-2,5,"0,1,2,3,4,5,6,8",8,17459,17459,256x256,256x256,True,kept,True,,
high_quality_architectural_366_Floor-1.npz,high_quality_architectural/366/Floor-1,11,"0,2,3,4,5,7,8",7,20156,20156,256x256,256x256,True,kept,True,,
high_quality_architectural_3671_Floor-1.npz,high_quality_architectural/3671/Floor-1,3,"0,2,3,4,5,8",6,32056,32056,256x256,256x256,True,kept,True,,
high_quality_architectural_3679_Floor-1.npz,high_quality_architectural/3679/Floor-1,10,"0,1,2,3,4,5,7,8",8,15819,15819,256x256,256x256,True,kept,True,,
high_quality_architectural_3690_Floor-1.npz,high_quality_architectural/3690/Floor-1,5,"0,1,2,4,6,7,8",7,16250,16250,256x256,256x256,True,kept,True,,
high_quality_architectural_3690_Floor-2.npz,high_quality_architectural/3690/Floor-2,5,"0,2,5,8",4,18131,18131,256x256,256x256,True,kept,True,,
high_quality_architectural_3691_Floor-1.npz,high_quality_architectural/3691/Floor-1,10,"0,2,3,4,5,6,7,8",8,36064,36064,256x256,256x256,True,kept,True,,
high_quality_architectural_3694_Floor-1.npz,high_quality_architectural/3694/Floor-1,0,"0,8",2,3412,3412,256x256,256x256,False,room_count_below_min,False,,
high_quality_architectural_369_Floor-1.npz,high_quality_architectural/369/Floor-1,6,"0,1,2,3,4,5,7,8",8,17502,17502,256x256,256x256,True,kept,True,,
high_quality_architectural_369_Floor-2.npz,high_quality_architectural/369/Floor-2,8,"0,3,4,5,7,8",6,12024,12024,256x256,256x256,True,kept,True,,
high_quality_architectural_36_Floor-1.npz,high_quality_architectural/36/Floor-1,10,"0,1,3,4,5,7,8",7,20532,20532,256x256,256x256,True,kept,True,,
high_quality_architectural_3701_Floor-1.npz,high_quality_architectural/3701/Floor-1,4,"0,1,2,4,5,8",6,35386,35386,256x256,256x256,True,kept,True,,
high_quality_architectural_3702_Floor-1.npz,high_quality_architectural/3702/Floor-1,2,"0,4,8",3,8641,8641,256x256,256x256,False,room_count_below_min,False,,
high_quality_architectural_3704_Floor-1.npz,high_quality_architectural/3704/Floor-1,7,"0,1,2,4,5,8",6,23987,23987,256x256,256x256,True,kept,True,,
high_quality_architectural_3710_Floor-1.npz,high_quality_architectural/3710/Floor-1,5,"0,1,2,4,5,6,7,8",8,17816,17816,256x256,256x256,True,kept,True,,
high_quality_architectural_3710_Floor-2.npz,high_quality_architectural/3710/Floor-2,6,"0,2,3,4,7,8",6,14226,14226,256x256,256x256,True,kept,True,,
high_quality_architectural_3717_Floor-1.npz,high_quality_architectural/3717/Floor-1,6,"0,1,2,3,4,5,7,8",8,34342,34342,256x256,256x256,True,kept,True,,
high_quality_architectural_3718_Floor-1.npz,high_quality_architectural/3718/Floor-1,12,"0,1,2,3,4,5,7,8",8,31023,31023,256x256,256x256,True,kept,True,,
high_quality_architectural_3724_Floor-1.npz,high_quality_architectural/3724/Floor-1,5,"0,1,3,4,5,8",6,27003,27003,256x256,256x256,True,kept,True,,
high_quality_architectural_372_Floor-1.npz,high_quality_architectural/372/Floor-1,9,"0,1,2,3,4,5,7,8",8,42405,42405,256x256,256x256,True,kept,True,,
high_quality_architectural_3734_Floor-1.npz,high_quality_architectural/3734/Floor-1,6,"0,1,3,4,5,7,8",7,11620,11620,256x256,256x256,True,kept,True,,
high_quality_architectural_3734_Floor-2.npz,high_quality_architectural/3734/Floor-2,4,"0,3,4,5,8",5,8193,8193,256x256,256x256,True,kept,True,,
high_quality_architectural_3737_Floor-1.npz,high_quality_architectural/3737/Floor-1,3,"0,1,2,4,8",5,14742,14742,256x256,256x256,True,kept,True,,
high_quality_architectural_3759_Floor-1.npz,high_quality_architectural/3759/Floor-1,5,"0,1,2,4,5,6,7,8",8,9323,9323,256x256,256x256,True,kept,True,,
high_quality_architectural_3759_Floor-2.npz,high_quality_architectural/3759/Floor-2,6,"0,3,4,8",4,7518,7518,256x256,256x256,True,kept,True,,
high_quality_architectural_375_Floor-1.npz,high_quality_architectural/375/Floor-1,10,"0,1,2,3,4,5,7,8",8,30415,30415,256x256,256x256,True,kept,True,,
high_quality_architectural_3766_Floor-1.npz,high_quality_architectural/3766/Floor-1,3,"0,2,7,8",4,25125,25125,256x256,256x256,True,kept,True,,
high_quality_architectural_3778_Floor-1.npz,high_quality_architectural/3778/Floor-1,3,"0,1,2,3,4,8",6,33574,33574,256x256,256x256,True,kept,True,,
high_quality_architectural_377_Floor-1.npz,high_quality_architectural/377/Floor-1,3,"0,1,2,4,5,8",6,47804,47804,256x256,256x256,True,kept,True,,
high_quality_architectural_3781_Floor-1.npz,high_quality_architectural/3781/Floor-1,1,"0,1,2,8",4,31388,31388,256x256,256x256,False,room_count_below_min,False,,
high_quality_architectural_3782_Floor-1.npz,high_quality_architectural/3782/Floor-1,2,"0,3,6,8",4,13063,13063,256x256,256x256,False,room_count_below_min,False,,
high_quality_architectural_3782_Floor-2.npz,high_quality_architectural/3782/Floor-2,0,"0,8",2,2428,2428,256x256,256x256,False,room_count_below_min,False,,
high_quality_architectural_3791_Floor-1.npz,high_quality_architectural/3791/Floor-1,11,"0,1,3,4,5,7,8",7,30472,30472,256x256,256x256,True,kept,True,,
high_quality_architectural_3792_Floor-1.npz,high_quality_architectural/3792/Floor-1,5,"0,1,2,3,4,8",6,42329,42329,256x256,256x256,True,kept,True,,
high_quality_architectural_3794_Floor-1.npz,high_quality_architectural/3794/Floor-1,11,"0,1,2,3,4,5,7,8",8,34161,34161,256x256,256x256,True,kept,True,,
high_quality_architectural_3795_Floor-1.npz,high_quality_architectural/3795/Floor-1,4,"0,1,2,3,4,8",6,29286,29286,256x256,256x256,True,kept,True,,
high_quality_architectural_3796_Floor-1.npz,high_quality_architectural/3796/Floor-1,7,"0,1,2,3,4,5,7,8",8,24197,24197,256x256,256x256,True,kept,True,,
high_quality_architectural_3802_Floor-1.npz,high_quality_architectural/3802/Floor-1,10,"0,1,2,4,5,7,8",7,38432,38432,256x256,256x256,True,kept,True,,
high_quality_architectural_380_Floor-1.npz,high_quality_architectural/380/Floor-1,7,"0,1,2,3,4,5,6,7,8",9,31806,31806,256x256,256x256,True,kept,True,,
high_quality_architectural_3819_Floor-1.npz,high_quality_architectural/3819/Floor-1,3,"0,4,7,8",4,5492,5492,256x256,256x256,True,kept,True,,
high_quality_architectural_3819_Floor-2.npz,high_quality_architectural/3819/Floor-2,8,"0,1,2,4,5,6,7,8",8,13677,13677,256x256,256x256,True,kept,True,,
high_quality_architectural_3819_Floor-3.npz,high_quality_architectural/3819/Floor-3,7,"0,2,3,5,7,8",6,9381,9381,256x256,256x256,True,kept,True,,
high_quality_architectural_381_Floor-1.npz,high_quality_architectural/381/Floor-1,6,"0,1,2,3,4,5,7,8",8,20225,20225,256x256,256x256,True,kept,True,,
high_quality_architectural_3838_Floor-1.npz,high_quality_architectural/3838/Floor-1,2,"0,2,7,8",4,17371,17371,256x256,256x256,False,room_count_below_min,False,,
high_quality_architectural_3842_Floor-1.npz,high_quality_architectural/3842/Floor-1,16,"0,1,3,4,5,6,7,8",8,28448,28448,256x256,256x256,True,kept,True,,
high_quality_architectural_3844_Floor-1.npz,high_quality_architectural/3844/Floor-1,3,"0,1,2,3,6,8",6,33345,33345,256x256,256x256,True,kept,True,,
high_quality_architectural_3849_Floor-1.npz,high_quality_architectural/3849/Floor-1,1,"0,2,8",3,22438,22438,256x256,256x256,False,room_count_below_min,False,,
high_quality_architectural_384_Floor-1.npz,high_quality_architectural/384/Floor-1,10,"0,1,3,4,5,7,8",7,5938,5938,256x256,256x256,True,kept,True,,
high_quality_architectural_384_Floor-2.npz,high_quality_architectural/384/Floor-2,2,"0,2,8",3,3925,3925,256x256,256x256,False,room_count_below_min,False,,
high_quality_architectural_3855_Floor-1.npz,high_quality_architectural/3855/Floor-1,3,"0,1,2,3,6,8",6,31115,31115,256x256,256x256,True,kept,True,,
high_quality_architectural_3860_Floor-1.npz,high_quality_architectural/3860/Floor-1,5,"0,1,2,3,4,5,7,8",8,23782,23782,256x256,256x256,True,kept,True,,
high_quality_architectural_3864_Floor-1.npz,high_quality_architectural/3864/Floor-1,7,"0,1,2,3,4,5,7,8",8,27292,27292,256x256,256x256,True,kept,True,,
high_quality_architectural_3865_Floor-1.npz,high_quality_architectural/3865/Floor-1,5,"0,1,2,3,4,5,7,8",8,26600,26600,256x256,256x256,True,kept,True,,
high_quality_architectural_3867_Floor-1.npz,high_quality_architectural/3867/Floor-1,4,"0,1,2,3,4,5,7,8",8,29446,29446,256x256,256x256,True,kept,True,,
high_quality_architectural_3868_Floor-1.npz,high_quality_architectural/3868/Floor-1,3,"0,1,2,3,4,5,8",7,34570,34570,256x256,256x256,True,kept,True,,
high_quality_architectural_3869_Floor-1.npz,high_quality_architectural/3869/Floor-1,4,"0,2,3,4,5,7,8",7,28908,28908,256x256,256x256,True,kept,True,,
high_quality_architectural_3871_Floor-1.npz,high_quality_architectural/3871/Floor-1,2,"0,1,2,3,4,8",6,26669,26669,256x256,256x256,False,room_count_below_min,False,,
high_quality_architectural_3872_Floor-1.npz,high_quality_architectural/3872/Floor-1,4,"0,1,2,3,4,5,7,8",8,35584,35584,256x256,256x256,True,kept,True,,
high_quality_architectural_3873_Floor-1.npz,high_quality_architectural/3873/Floor-1,4,"0,1,2,3,4,8",6,32055,32055,256x256,256x256,True,kept,True,,
high_quality_architectural_3874_Floor-1.npz,high_quality_architectural/3874/Floor-1,3,"0,1,2,3,4,5,8",7,30803,30803,256x256,256x256,True,kept,True,,
high_quality_architectural_3875_Floor-1.npz,high_quality_architectural/3875/Floor-1,4,"0,1,3,4,5,8",6,34498,34498,256x256,256x256,True,kept,True,,
high_quality_architectural_3876_Floor-1.npz,high_quality_architectural/3876/Floor-1,13,"0,1,2,3,4,5,7,8",8,26325,26325,256x256,256x256,True,kept,True,,
high_quality_architectural_3883_Floor-1.npz,high_quality_architectural/3883/Floor-1,10,"0,1,2,4,5,6,7,8",8,14653,14653,256x256,256x256,True,kept,True,,
high_quality_architectural_3883_Floor-2.npz,high_quality_architectural/3883/Floor-2,6,"0,3,4,5,8",5,8455,8455,256x256,256x256,True,kept,True,,
high_quality_architectural_3886_Floor-1.npz,high_quality_architectural/3886/Floor-1,6,"0,1,2,7,8",5,36864,36864,256x256,256x256,True,kept,True,,
high_quality_architectural_3890_Floor-1.npz,high_quality_architectural/3890/Floor-1,6,"0,1,2,3,4,5,7,8",8,47319,47319,256x256,256x256,True,kept,True,,
high_quality_architectural_3891_Floor-1.npz,high_quality_architectural/3891/Floor-1,4,"0,2,4,7,8",5,4997,4997,256x256,256x256,True,kept,True,,
high_quality_architectural_3891_Floor-2.npz,high_quality_architectural/3891/Floor-2,9,"0,1,2,4,6,7,8",7,15212,15212,256x256,256x256,True,kept,True,,
high_quality_architectural_3892_Floor-1.npz,high_quality_architectural/3892/Floor-1,6,"0,1,2,3,4,7,8",7,42284,42284,256x256,256x256,True,kept,True,,
high_quality_architectural_3904_Floor-1.npz,high_quality_architectural/3904/Floor-1,11,"0,1,2,3,4,5,6,7,8",9,18755,18755,256x256,256x256,True,kept,True,,
high_quality_architectural_3904_Floor-2.npz,high_quality_architectural/3904/Floor-2,5,"0,2,3,5,7,8",6,6858,6858,256x256,256x256,True,kept,True,,
high_quality_architectural_3910_Floor-1.npz,high_quality_architectural/3910/Floor-1,9,"0,1,2,3,4,5,6,8",8,18409,18409,256x256,256x256,True,kept,True,,
high_quality_architectural_3912_Floor-1.npz,high_quality_architectural/3912/Floor-1,5,"0,1,3,4,5,7,8",7,23381,23381,256x256,256x256,True,kept,True,,
high_quality_architectural_3913_Floor-1.npz,high_quality_architectural/3913/Floor-1,9,"0,1,3,4,5,7,8",7,24187,24187,256x256,256x256,True,kept,True,,
high_quality_architectural_3915_Floor-1.npz,high_quality_architectural/3915/Floor-1,8,"0,1,2,3,4,5,6,7,8",9,15290,15290,256x256,256x256,True,kept,True,,
high_quality_architectural_3915_Floor-2.npz,high_quality_architectural/3915/Floor-2,0,"0,8",2,2042,2042,256x256,256x256,False,room_count_below_min,False,,
high_quality_architectural_3916_Floor-1.npz,high_quality_architectural/3916/Floor-1,6,"0,1,2,3,4,5,6,7,8",9,17919,17919,256x256,256x256,True,kept,True,,
high_quality_architectural_3916_Floor-2.npz,high_quality_architectural/3916/Floor-2,6,"0,3,4,5,7,8",6,10529,10529,256x256,256x256,True,kept,True,,
high_quality_architectural_3918_Floor-1.npz,high_quality_architectural/3918/Floor-1,3,"0,1,2,5,7,8",6,14505,14505,256x256,256x256,True,kept,True,,
high_quality_architectural_3918_Floor-2.npz,high_quality_architectural/3918/Floor-2,5,"0,3,7,8",4,11929,11929,256x256,256x256,True,kept,True,,
high_quality_architectural_3919_Floor-1.npz,high_quality_architectural/3919/Floor-1,14,"0,1,2,3,4,5,7,8",8,38278,38278,256x256,256x256,True,kept,True,,
high_quality_architectural_3925_Floor-1.npz,high_quality_architectural/3925/Floor-1,2,"0,1,2,4,5,8",6,26981,26981,256x256,256x256,False,room_count_below_min,False,,
high_quality_architectural_3926_Floor-1.npz,high_quality_architectural/3926/Floor-1,2,"0,2,4,8",4,26540,26540,256x256,256x256,False,room_count_below_min,False,,
high_quality_architectural_3927_Floor-1.npz,high_quality_architectural/3927/Floor-1,1,"0,5,8",3,5945,5945,256x256,256x256,False,room_count_below_min,False,,
high_quality_architectural_392_Floor-1.npz,high_quality_architectural/392/Floor-1,4,"0,1,2,3,4,8",6,26120,26120,256x256,256x256,True,kept,True,,
high_quality_architectural_3933_Floor-1.npz,high_quality_architectural/3933/Floor-1,3,"0,1,2,4,5,8",6,27871,27871,256x256,256x256,True,kept,True,,
high_quality_architectural_3937_Floor-1.npz,high_quality_architectural/3937/Floor-1,3,"0,1,3,8",4,27908,27908,256x256,256x256,True,kept,True,,
high_quality_architectural_393_Floor-1.npz,high_quality_architectural/393/Floor-1,2,"0,1,5,8",4,15846,15846,256x256,256x256,False,room_count_below_min,False,,
high_quality_architectural_393_Floor-2.npz,high_quality_architectural/393/Floor-2,2,"0,3,8",3,18812,18812,256x256,256x256,False,room_count_below_min,False,,
high_quality_architectural_3941_Floor-1.npz,high_quality_architectural/3941/Floor-1,3,"0,2,3,5,8",5,19482,19482,256x256,256x256,True,kept,True,,
high_quality_architectural_3941_Floor-2.npz,high_quality_architectural/3941/Floor-2,0,"0,8",2,2430,2430,256x256,256x256,False,room_count_below_min,False,,
high_quality_architectural_3942_Floor-1.npz,high_quality_architectural/3942/Floor-1,7,"0,1,2,3,4,5,7,8",8,35269,35269,256x256,256x256,True,kept,True,,
high_quality_architectural_3943_Floor-1.npz,high_quality_architectural/3943/Floor-1,11,"0,1,2,3,4,5,6,7,8",9,36480,36480,256x256,256x256,True,kept,True,,
high_quality_architectural_3944_Floor-1.npz,high_quality_architectural/3944/Floor-1,8,"0,4,5,7,8",5,7561,7561,256x256,256x256,True,kept,True,,
high_quality_architectural_3944_Floor-2.npz,high_quality_architectural/3944/Floor-2,7,"0,1,2,3,4,5,6,7,8",9,9744,9744,256x256,256x256,True,kept,True,,
high_quality_architectural_3944_Floor-3.npz,high_quality_architectural/3944/Floor-3,7,"0,3,4,5,7,8",6,9045,9045,256x256,256x256,True,kept,True,,
high_quality_architectural_3947_Floor-1.npz,high_quality_architectural/3947/Floor-1,6,"0,3,4,5,7,8",6,9645,9645,256x256,256x256,True,kept,True,,
high_quality_architectural_3947_Floor-2.npz,high_quality_architectural/3947/Floor-2,4,"0,1,2,3,4,8",6,12492,12492,256x256,256x256,True,kept,True,,
high_quality_architectural_3957_Floor-1.npz,high_quality_architectural/3957/Floor-1,8,"0,1,2,3,4,5,7,8",8,25972,25972,256x256,256x256,True,kept,True,,
high_quality_architectural_3960_Floor-1.npz,high_quality_architectural/3960/Floor-1,4,"0,1,3,7,8",5,17187,17187,256x256,256x256,True,kept,True,,
high_quality_architectural_3960_Floor-2.npz,high_quality_architectural/3960/Floor-2,0,"0,8",2,1598,1598,256x256,256x256,False,room_count_below_min,False,,
high_quality_architectural_3961_Floor-1.npz,high_quality_architectural/3961/Floor-1,3,"0,1,2,4,8",5,18359,18359,256x256,256x256,True,kept,True,,
high_quality_architectural_3963_Floor-1.npz,high_quality_architectural/3963/Floor-1,7,"0,1,2,4,7,8",6,35464,35464,256x256,256x256,True,kept,True,,
high_quality_architectural_3964_Floor-1.npz,high_quality_architectural/3964/Floor-1,5,"0,1,2,3,5,7,8",7,32839,32839,256x256,256x256,True,kept,True,,
high_quality_architectural_3967_Floor-1.npz,high_quality_architectural/3967/Floor-1,10,"0,1,2,3,4,5,6,7,8",9,11900,11900,256x256,256x256,True,kept,True,,
high_quality_architectural_3967_Floor-2.npz,high_quality_architectural/3967/Floor-2,8,"0,2,3,5,7,8",6,8850,8850,256x256,256x256,True,kept,True,,
high_quality_architectural_3970_Floor-1.npz,high_quality_architectural/3970/Floor-1,4,"0,1,2,4,5,7,8",7,11865,11865,256x256,256x256,True,kept,True,,
high_quality_architectural_3970_Floor-2.npz,high_quality_architectural/3970/Floor-2,4,"0,3,4,5,8",5,11404,11404,256x256,256x256,True,kept,True,,
high_quality_architectural_3971_Floor-1.npz,high_quality_architectural/3971/Floor-1,10,"0,1,2,3,4,5,7,8",8,20840,20840,256x256,256x256,True,kept,True,,
high_quality_architectural_3971_Floor-2.npz,high_quality_architectural/3971/Floor-2,5,"0,3,4,5,7,8",6,14228,14228,256x256,256x256,True,kept,True,,
high_quality_architectural_3974_Floor-1.npz,high_quality_architectural/3974/Floor-1,11,"0,1,2,3,4,5,7,8",8,46364,46364,256x256,256x256,True,kept,True,,
high_quality_architectural_3976_Floor-1.npz,high_quality_architectural/3976/Floor-1,4,"0,2,3,4,5,8",6,25272,25272,256x256,256x256,True,kept,True,,
high_quality_architectural_3984_Floor-1.npz,high_quality_architectural/3984/Floor-1,11,"0,1,2,3,4,5,7,8",8,25610,25610,256x256,256x256,True,kept,True,,
high_quality_architectural_3984_Floor-2.npz,high_quality_architectural/3984/Floor-2,5,"0,3,5,7,8",5,16700,16700,256x256,256x256,True,kept,True,,
high_quality_architectural_39_Floor-1.npz,high_quality_architectural/39/Floor-1,1,"0,1,8",3,6573,6573,256x256,256x256,False,room_count_below_min,False,,
high_quality_architectural_3_Floor-1.npz,high_quality_architectural/3/Floor-1,2,"0,4,7,8",4,9583,9583,256x256,256x256,False,room_count_below_min,False,,
high_quality_architectural_4010_Floor-1.npz,high_quality_architectural/4010/Floor-1,0,"0,8",2,6259,6259,256x256,256x256,False,room_count_below_min,False,,
high_quality_architectural_4013_Floor-1.npz,high_quality_architectural/4013/Floor-1,6,"0,2,3,4,5,7,8",7,16105,16105,256x256,256x256,True,kept,True,,
high_quality_architectural_4013_Floor-2.npz,high_quality_architectural/4013/Floor-2,6,"0,1,2,3,4,5,8",7,18640,18640,256x256,256x256,True,kept,True,,
high_quality_architectural_4014_Floor-1.npz,high_quality_architectural/4014/Floor-1,0,"0,8",2,5514,5514,256x256,256x256,False,room_count_below_min,False,,
high_quality_architectural_4032_Floor-1.npz,high_quality_architectural/4032/Floor-1,10,"0,1,2,3,4,5,7,8",8,37317,37317,256x256,256x256,True,kept,True,,
high_quality_architectural_403_Floor-1.npz,high_quality_architectural/403/Floor-1,8,"0,1,2,3,4,5,7,8",8,27140,27140,256x256,256x256,True,kept,True,,
high_quality_architectural_4044_Floor-1.npz,high_quality_architectural/4044/Floor-1,4,"0,2,3,4,5,8",6,23262,23262,256x256,256x256,True,kept,True,,
high_quality_architectural_4063_Floor-1.npz,high_quality_architectural/4063/Floor-1,1,"0,7,8",3,4590,4590,256x256,256x256,False,room_count_below_min,False,,
high_quality_architectural_4063_Floor-2.npz,high_quality_architectural/4063/Floor-2,10,"0,2,3,4,5,7,8",7,8803,8803,256x256,256x256,True,kept,True,,
high_quality_architectural_4063_Floor-3.npz,high_quality_architectural/4063/Floor-3,7,"0,1,2,3,4,5,7,8",8,8496,8496,256x256,256x256,True,kept,True,,
high_quality_architectural_4064_Floor-1.npz,high_quality_architectural/4064/Floor-1,9,"0,1,3,4,5,7,8",7,22544,22544,256x256,256x256,True,kept,True,,
high_quality_architectural_4066_Floor-1.npz,high_quality_architectural/4066/Floor-1,8,"0,3,4,5,7,8",6,24514,24514,256x256,256x256,True,kept,True,,
high_quality_architectural_4068_Floor-1.npz,high_quality_architectural/4068/Floor-1,8,"0,1,2,4,5,6,7,8",8,22506,22506,256x256,256x256,True,kept,True,,
high_quality_architectural_4068_Floor-2.npz,high_quality_architectural/4068/Floor-2,6,"0,2,3,4,5,8",6,22840,22840,256x256,256x256,True,kept,True,,
high_quality_architectural_407_Floor-1.npz,high_quality_architectural/407/Floor-1,8,"0,1,2,3,4,5,7,8",8,20781,20781,256x256,256x256,True,kept,True,,
high_quality_architectural_407_Floor-2.npz,high_quality_architectural/407/Floor-2,1,"0,5,8",3,3136,3136,256x256,256x256,False,room_count_below_min,False,,
high_quality_architectural_410_Floor-1.npz,high_quality_architectural/410/Floor-1,3,"0,1,2,3,4,5,8",7,37556,37556,256x256,256x256,True,kept,True,,
high_quality_architectural_416_Floor-1.npz,high_quality_architectural/416/Floor-1,7,"0,1,2,3,4,5,7,8",8,31412,31412,256x256,256x256,True,kept,True,,
high_quality_architectural_41_Floor-1.npz,high_quality_architectural/41/Floor-1,10,"0,1,3,4,5,6,7,8",8,38650,38650,256x256,256x256,True,kept,True,,
high_quality_architectural_420_Floor-1.npz,high_quality_architectural/420/Floor-1,6,"0,1,3,4,5,7,8",7,3874,3874,256x256,256x256,True,kept,True,,
high_quality_architectural_420_Floor-2.npz,high_quality_architectural/420/Floor-2,5,"0,3,5,8",4,9713,9713,256x256,256x256,True,kept,True,,
high_quality_architectural_435_Floor-1.npz,high_quality_architectural/435/Floor-1,4,"0,1,2,4,7,8",6,22865,22865,256x256,256x256,True,kept,True,,
high_quality_architectural_437_Floor-1.npz,high_quality_architectural/437/Floor-1,5,"0,1,2,3,4,7,8",7,23853,23853,256x256,256x256,True,kept,True,,
high_quality_architectural_43_Floor-1.npz,high_quality_architectural/43/Floor-1,6,"0,1,3,4,7,8",6,15643,15643,256x256,256x256,True,kept,True,,
high_quality_architectural_445_Floor-1.npz,high_quality_architectural/445/Floor-1,4,"0,2,3,4,6,7,8",7,13282,13282,256x256,256x256,True,kept,True,,
high_quality_architectural_445_Floor-2.npz,high_quality_architectural/445/Floor-2,4,"0,3,7,8",4,10692,10692,256x256,256x256,True,kept,True,,
high_quality_architectural_449_Floor-1.npz,high_quality_architectural/449/Floor-1,8,"0,1,2,3,4,5,7,8",8,25306,25306,256x256,256x256,True,kept,True,,
high_quality_architectural_4501_Floor-1.npz,high_quality_architectural/4501/Floor-1,1,"0,3,8",3,3323,3323,256x256,256x256,False,room_count_below_min,False,,
high_quality_architectural_4501_Floor-2.npz,high_quality_architectural/4501/Floor-2,2,"0,2,8",3,7703,7703,256x256,256x256,False,room_count_below_min,False,,
high_quality_architectural_4509_Floor-1.npz,high_quality_architectural/4509/Floor-1,4,"0,2,4,8",4,28893,28893,256x256,256x256,True,kept,True,,
high_quality_architectural_4517_Floor-1.npz,high_quality_architectural/4517/Floor-1,3,"0,1,2,3,4,5,8",7,26900,26900,256x256,256x256,True,kept,True,,
high_quality_architectural_4518_Floor-1.npz,high_quality_architectural/4518/Floor-1,5,"0,1,2,3,4,5,8",7,27945,27945,256x256,256x256,True,kept,True,,
high_quality_architectural_451_Floor-1.npz,high_quality_architectural/451/Floor-1,11,"0,1,2,3,4,5,7,8",8,34261,34261,256x256,256x256,True,kept,True,,
high_quality_architectural_4520_Floor-1.npz,high_quality_architectural/4520/Floor-1,0,"0,8",2,814,814,256x256,256x256,False,room_count_below_min,False,,
high_quality_architectural_4523_Floor-1.npz,high_quality_architectural/4523/Floor-1,5,"0,1,2,3,4,5,7,8",8,22463,22463,256x256,256x256,True,kept,True,,
high_quality_architectural_4524_Floor-1.npz,high_quality_architectural/4524/Floor-1,6,"0,1,2,3,4,5,7,8",8,14452,14452,256x256,256x256,True,kept,True,,
high_quality_architectural_4525_Floor-1.npz,high_quality_architectural/4525/Floor-1,5,"0,1,2,3,4,5,8",7,26159,26159,256x256,256x256,True,kept,True,,
high_quality_architectural_4526_Floor-1.npz,high_quality_architectural/4526/Floor-1,7,"0,1,2,3,4,5,8",7,28735,28735,256x256,256x256,True,kept,True,,
high_quality_architectural_4527_Floor-1.npz,high_quality_architectural/4527/Floor-1,9,"0,1,2,3,4,5,7,8",8,32450,32450,256x256,256x256,True,kept,True,,
high_quality_architectural_4528_Floor-1.npz,high_quality_architectural/4528/Floor-1,2,"0,1,2,4,5,8",6,31487,31487,256x256,256x256,False,room_count_below_min,False,,
high_quality_architectural_4529_Floor-1.npz,high_quality_architectural/4529/Floor-1,4,"0,1,2,3,4,5,8",7,36476,36476,256x256,256x256,True,kept,True,,
high_quality_architectural_4530_Floor-1.npz,high_quality_architectural/4530/Floor-1,3,"0,1,2,3,4,8",6,33539,33539,256x256,256x256,True,kept,True,,
high_quality_architectural_4534_Floor-1.npz,high_quality_architectural/4534/Floor-1,1,"0,4,8",3,6262,6262,256x256,256x256,False,room_count_below_min,False,,
high_quality_architectural_4535_Floor-1.npz,high_quality_architectural/4535/Floor-1,6,"0,1,2,3,4,8",6,36795,36795,256x256,256x256,True,kept,True,,
high_quality_architectural_4549_Floor-1.npz,high_quality_architectural/4549/Floor-1,3,"0,1,4,5,7,8",6,8932,8932,256x256,256x256,True,kept,True,,
high_quality_architectural_4549_Floor-2.npz,high_quality_architectural/4549/Floor-2,4,"0,3,5,8",4,12987,12987,256x256,256x256,True,kept,True,,
high_quality_architectural_4552_Floor-1.npz,high_quality_architectural/4552/Floor-1,3,"0,1,2,4,5,6,7,8",8,17972,17972,256x256,256x256,True,kept,True,,
high_quality_architectural_4552_Floor-2.npz,high_quality_architectural/4552/Floor-2,3,"0,3,5,8",4,10511,10511,256x256,256x256,True,kept,True,,
high_quality_architectural_4553_Floor-1.npz,high_quality_architectural/4553/Floor-1,3,"0,1,2,4,5,6,7,8",8,13917,13917,256x256,256x256,True,kept,True,,
high_quality_architectural_4553_Floor-2.npz,high_quality_architectural/4553/Floor-2,4,"0,3,4,5,7,8",6,9283,9283,256x256,256x256,True,kept,True,,
high_quality_architectural_4554_Floor-1.npz,high_quality_architectural/4554/Floor-1,3,"0,1,2,4,5,6,7,8",8,17552,17552,256x256,256x256,True,kept,True,,
high_quality_architectural_4554_Floor-2.npz,high_quality_architectural/4554/Floor-2,4,"0,3,4,5,7,8",6,11205,11205,256x256,256x256,True,kept,True,,
high_quality_architectural_4555_Floor-1.npz,high_quality_architectural/4555/Floor-1,3,"0,1,2,4,5,6,7,8",8,17723,17723,256x256,256x256,True,kept,True,,
high_quality_architectural_4555_Floor-2.npz,high_quality_architectural/4555/Floor-2,2,"0,3,5,8",4,7627,7627,256x256,256x256,False,room_count_below_min,False,,
high_quality_architectural_4561_Floor-1.npz,high_quality_architectural/4561/Floor-1,8,"0,1,2,4,5,7,8",7,39596,39596,256x256,256x256,True,kept,True,,
high_quality_architectural_4566_Floor-1.npz,high_quality_architectural/4566/Floor-1,6,"0,1,2,3,4,5,6,8",8,10529,10529,256x256,256x256,True,kept,True,,
high_quality_architectural_4571_Floor-1.npz,high_quality_architectural/4571/Floor-1,7,"0,2,3,4,5,7,8",7,15231,15231,256x256,256x256,True,kept,True,,
high_quality_architectural_4571_Floor-2.npz,high_quality_architectural/4571/Floor-2,4,"0,1,2,3,4,6,8",7,14938,14938,256x256,256x256,True,kept,True,,
high_quality_architectural_4579_Floor-1.npz,high_quality_architectural/4579/Floor-1,4,"0,1,3,8",4,15343,15343,256x256,256x256,True,kept,True,,
high_quality_architectural_4584_Floor-1.npz,high_quality_architectural/4584/Floor-1,5,"0,2,4,5,7,8",6,11165,11165,256x256,256x256,True,kept,True,,
high_quality_architectural_4584_Floor-2.npz,high_quality_architectural/4584/Floor-2,7,"0,3,4,5,7,8",6,10227,10227,256x256,256x256,True,kept,True,,
high_quality_architectural_4589_Floor-1.npz,high_quality_architectural/4589/Floor-1,5,"0,1,2,3,4,5,7,8",8,14792,14792,256x256,256x256,True,kept,True,,
high_quality_architectural_4589_Floor-2.npz,high_quality_architectural/4589/Floor-2,6,"0,3,4,5,7,8",6,13395,13395,256x256,256x256,True,kept,True,,
high_quality_architectural_4591_Floor-1.npz,high_quality_architectural/4591/Floor-1,7,"0,1,3,4,5,6,7,8",8,33250,33250,256x256,256x256,True,kept,True,,
high_quality_architectural_4592_Floor-1.npz,high_quality_architectural/4592/Floor-1,4,"0,1,2,4,8",5,40801,40801,256x256,256x256,True,kept,True,,
high_quality_architectural_4594_Floor-1.npz,high_quality_architectural/4594/Floor-1,7,"0,1,2,3,4,5,6,7,8",9,27343,27343,256x256,256x256,True,kept,True,,
high_quality_architectural_4595_Floor-1.npz,high_quality_architectural/4595/Floor-1,5,"0,1,2,3,4,5,6,7,8",9,37136,37136,256x256,256x256,True,kept,True,,
high_quality_architectural_4608_Floor-1.npz,high_quality_architectural/4608/Floor-1,3,"0,1,2,3,4,5,6,8",8,30713,30713,256x256,256x256,True,kept,True,,
high_quality_architectural_4609_Floor-1.npz,high_quality_architectural/4609/Floor-1,5,"0,1,2,3,4,5,6,8",8,40019,40019,256x256,256x256,True,kept,True,,
high_quality_architectural_4619_Floor-1.npz,high_quality_architectural/4619/Floor-1,9,"0,2,3,4,5,7,8",7,22230,22230,256x256,256x256,True,kept,True,,
high_quality_architectural_4635_Floor-1.npz,high_quality_architectural/4635/Floor-1,6,"0,2,3,4,5,7,8",7,34570,34570,256x256,256x256,True,kept,True,,
high_quality_architectural_4636_Floor-1.npz,high_quality_architectural/4636/Floor-1,7,"0,1,2,3,4,5,6,8",8,27389,27389,256x256,256x256,True,kept,True,,
high_quality_architectural_4639_Floor-1.npz,high_quality_architectural/4639/Floor-1,12,"0,1,3,4,5,7,8",7,21856,21856,256x256,256x256,True,kept,True,,
high_quality_architectural_4649_Floor-1.npz,high_quality_architectural/4649/Floor-1,2,"0,1,2,5,8",5,21691,21691,256x256,256x256,False,room_count_below_min,False,,
high_quality_architectural_4667_Floor-1.npz,high_quality_architectural/4667/Floor-1,13,"0,1,2,3,4,5,7,8",8,39430,39430,256x256,256x256,True,kept,True,,
high_quality_architectural_4676_Floor-1.npz,high_quality_architectural/4676/Floor-1,5,"0,3,4,5,7,8",6,11835,11835,256x256,256x256,True,kept,True,,
high_quality_architectural_4677_Floor-1.npz,high_quality_architectural/4677/Floor-1,2,"0,2,5,7,8",5,30111,30111,256x256,256x256,False,room_count_below_min,False,,
high_quality_architectural_4679_Floor-1.npz,high_quality_architectural/4679/Floor-1,11,"0,1,2,3,4,7,8",7,37823,37823,256x256,256x256,True,kept,True,,
high_quality_architectural_4680_Floor-1.npz,high_quality_architectural/4680/Floor-1,3,"0,1,2,5,7,8",6,35361,35361,256x256,256x256,True,kept,True,,
high_quality_architectural_4683_Floor-1.npz,high_quality_architectural/4683/Floor-1,5,"0,1,3,4,5,7,8",7,27927,27927,256x256,256x256,True,kept,True,,
high_quality_architectural_4685_Floor-1.npz,high_quality_architectural/4685/Floor-1,5,"0,2,3,4,5,8",6,36297,36297,256x256,256x256,True,kept,True,,
high_quality_architectural_4690_Floor-1.npz,high_quality_architectural/4690/Floor-1,1,"0,7,8",3,6449,6449,256x256,256x256,False,room_count_below_min,False,,
high_quality_architectural_4695_Floor-1.npz,high_quality_architectural/4695/Floor-1,5,"0,2,3,4,5,8",6,13525,13525,256x256,256x256,True,kept,True,,
high_quality_architectural_4695_Floor-2.npz,high_quality_architectural/4695/Floor-2,3,"0,3,5,8",4,15876,15876,256x256,256x256,True,kept,True,,
high_quality_architectural_4697_Floor-1.npz,high_quality_architectural/4697/Floor-1,9,"0,1,2,3,4,5,6,7,8",9,7737,7737,256x256,256x256,True,kept,True,,
high_quality_architectural_4697_Floor-2.npz,high_quality_architectural/4697/Floor-2,8,"0,2,3,4,7,8",6,6294,6294,256x256,256x256,True,kept,True,,
high_quality_architectural_4698_Floor-1.npz,high_quality_architectural/4698/Floor-1,8,"0,2,3,4,5,7,8",7,16376,16376,256x256,256x256,True,kept,True,,
high_quality_architectural_4699_Floor-1.npz,high_quality_architectural/4699/Floor-1,6,"0,1,2,3,4,5,6,7,8",9,6231,6231,256x256,256x256,True,kept,True,,
high_quality_architectural_4699_Floor-2.npz,high_quality_architectural/4699/Floor-2,7,"0,3,4,5,7,8",6,5892,5892,256x256,256x256,True,kept,True,,
high_quality_architectural_4706_Floor-1.npz,high_quality_architectural/4706/Floor-1,1,"0,1,2,7,8",5,26480,26480,256x256,256x256,False,room_count_below_min,False,,
high_quality_architectural_4707_Floor-1.npz,high_quality_architectural/4707/Floor-1,8,"0,2,3,4,5,7,8",7,13635,13635,256x256,256x256,True,kept,True,,
high_quality_architectural_4707_Floor-2.npz,high_quality_architectural/4707/Floor-2,5,"0,3,4,7,8",5,9747,9747,256x256,256x256,True,kept,True,,
high_quality_architectural_4709_Floor-1.npz,high_quality_architectural/4709/Floor-1,12,"0,1,2,3,4,5,6,7,8",9,34166,34166,256x256,256x256,True,kept,True,,
high_quality_architectural_4711_Floor-1.npz,high_quality_architectural/4711/Floor-1,6,"0,1,3,4,7,8",6,24909,24909,256x256,256x256,True,kept,True,,
high_quality_architectural_471_Floor-1.npz,high_quality_architectural/471/Floor-1,2,"0,1,2,4,5,8",6,24260,24260,256x256,256x256,False,room_count_below_min,False,,
high_quality_architectural_4721_Floor-1.npz,high_quality_architectural/4721/Floor-1,0,"0,8",2,7126,7126,256x256,256x256,False,room_count_below_min,False,,
high_quality_architectural_4722_Floor-1.npz,high_quality_architectural/4722/Floor-1,4,"0,1,2,4,8",5,32463,32463,256x256,256x256,True,kept,True,,
high_quality_architectural_4724_Floor-1.npz,high_quality_architectural/4724/Floor-1,4,"0,1,3,4,5,8",6,26666,26666,256x256,256x256,True,kept,True,,
high_quality_architectural_4726_Floor-1.npz,high_quality_architectural/4726/Floor-1,3,"0,1,2,3,8",5,31632,31632,256x256,256x256,True,kept,True,,
high_quality_architectural_4727_Floor-1.npz,high_quality_architectural/4727/Floor-1,9,"0,1,2,3,4,5,7,8",8,40840,40840,256x256,256x256,True,kept,True,,
high_quality_architectural_4735_Floor-1.npz,high_quality_architectural/4735/Floor-1,5,"0,1,2,4,5,7,8",7,17602,17602,256x256,256x256,True,kept,True,,
high_quality_architectural_4735_Floor-2.npz,high_quality_architectural/4735/Floor-2,4,"0,3,5,8",4,13949,13949,256x256,256x256,True,kept,True,,
high_quality_architectural_4736_Floor-1.npz,high_quality_architectural/4736/Floor-1,7,"0,2,4,7,8",5,9218,9218,256x256,256x256,True,kept,True,,
high_quality_architectural_4736_Floor-2.npz,high_quality_architectural/4736/Floor-2,5,"0,1,2,3,4,5,8",7,9930,9930,256x256,256x256,True,kept,True,,
high_quality_architectural_4736_Floor-3.npz,high_quality_architectural/4736/Floor-3,4,"0,3,4,7,8",5,6842,6842,256x256,256x256,True,kept,True,,
high_quality_architectural_4739_Floor-1.npz,high_quality_architectural/4739/Floor-1,2,"0,1,2,3,5,8",6,15418,15418,256x256,256x256,False,room_count_below_min,False,,
high_quality_architectural_4741_Floor-1.npz,high_quality_architectural/4741/Floor-1,9,"0,1,2,4,5,6,7,8",8,13288,13288,256x256,256x256,True,kept,True,,
high_quality_architectural_4741_Floor-2.npz,high_quality_architectural/4741/Floor-2,4,"0,3,4,5,8",5,8309,8309,256x256,256x256,True,kept,True,,
high_quality_architectural_4748_Floor-1.npz,high_quality_architectural/4748/Floor-1,1,"0,2,8",3,7772,7772,256x256,256x256,False,room_count_below_min,False,,
high_quality_architectural_4752_Floor-1.npz,high_quality_architectural/4752/Floor-1,8,"0,2,3,4,5,7,8",7,17372,17372,256x256,256x256,True,kept,True,,
high_quality_architectural_4752_Floor-2.npz,high_quality_architectural/4752/Floor-2,3,"0,3,4,5,8",5,7386,7386,256x256,256x256,True,kept,True,,
high_quality_architectural_4753_Floor-1.npz,high_quality_architectural/4753/Floor-1,3,"0,1,3,4,8",5,21032,21032,256x256,256x256,True,kept,True,,
high_quality_architectural_4761_Floor-1.npz,high_quality_architectural/4761/Floor-1,5,"0,1,2,3,4,5,6,7,8",9,26009,26009,256x256,256x256,True,kept,True,,
high_quality_architectural_4766_Floor-1.npz,high_quality_architectural/4766/Floor-1,5,"0,3,4,5,8",5,13622,13622,256x256,256x256,True,kept,True,,
high_quality_architectural_4766_Floor-2.npz,high_quality_architectural/4766/Floor-2,4,"0,1,2,3,4,8",6,12309,12309,256x256,256x256,True,kept,True,,
high_quality_architectural_4772_Floor-1.npz,high_quality_architectural/4772/Floor-1,9,"0,1,2,3,4,5,7,8",8,32997,32997,256x256,256x256,True,kept,True,,
high_quality_architectural_4774_Floor-1.npz,high_quality_architectural/4774/Floor-1,5,"0,1,3,4,5,7,8",7,27377,27377,256x256,256x256,True,kept,True,,
high_quality_architectural_4775_Floor-1.npz,high_quality_architectural/4775/Floor-1,6,"0,1,2,3,4,8",6,32446,32446,256x256,256x256,True,kept,True,,
high_quality_architectural_4782_Floor-1.npz,high_quality_architectural/4782/Floor-1,3,"0,1,2,3,5,8",6,29971,29971,256x256,256x256,True,kept,True,,
high_quality_architectural_4786_Floor-1.npz,high_quality_architectural/4786/Floor-1,0,"0,8",2,8215,8215,256x256,256x256,False,room_count_below_min,False,,
high_quality_architectural_4787_Floor-1.npz,high_quality_architectural/4787/Floor-1,2,"0,1,2,4,5,8",6,37594,37594,256x256,256x256,False,room_count_below_min,False,,
high_quality_architectural_4788_Floor-1.npz,high_quality_architectural/4788/Floor-1,4,"0,1,2,3,4,5,7,8",8,38159,38159,256x256,256x256,True,kept,True,,
high_quality_architectural_4790_Floor-1.npz,high_quality_architectural/4790/Floor-1,6,"0,1,2,3,4,5,7,8",8,34991,34991,256x256,256x256,True,kept,True,,
high_quality_architectural_4794_Floor-1.npz,high_quality_architectural/4794/Floor-1,0,"0,8",2,4295,4295,256x256,256x256,False,room_count_below_min,False,,
high_quality_architectural_4795_Floor-1.npz,high_quality_architectural/4795/Floor-1,1,"0,4,8",3,9248,9248,256x256,256x256,False,room_count_below_min,False,,
high_quality_architectural_479_Floor-1.npz,high_quality_architectural/479/Floor-1,4,"0,1,2,3,4,5,8",7,42629,42629,256x256,256x256,True,kept,True,,
high_quality_architectural_47_Floor-1.npz,high_quality_architectural/47/Floor-1,4,"0,1,2,3,4,8",6,39450,39450,256x256,256x256,True,kept,True,,
high_quality_architectural_4801_Floor-1.npz,high_quality_architectural/4801/Floor-1,4,"0,1,2,3,4,5,8",7,30220,30220,256x256,256x256,True,kept,True,,
high_quality_architectural_4808_Floor-1.npz,high_quality_architectural/4808/Floor-1,5,"0,1,2,3,4,5,7,8",8,11743,11743,256x256,256x256,True,kept,True,,
high_quality_architectural_4808_Floor-2.npz,high_quality_architectural/4808/Floor-2,4,"0,3,4,8",4,9496,9496,256x256,256x256,True,kept,True,,
high_quality_architectural_4812_Floor-1.npz,high_quality_architectural/4812/Floor-1,4,"0,2,3,4,5,8",6,12747,12747,256x256,256x256,True,kept,True,,
high_quality_architectural_4812_Floor-2.npz,high_quality_architectural/4812/Floor-2,3,"0,3,4,8",4,9858,9858,256x256,256x256,True,kept,True,,
high_quality_architectural_4813_Floor-1.npz,high_quality_architectural/4813/Floor-1,9,"0,2,4,5,7,8",6,13900,13900,256x256,256x256,True,kept,True,,
high_quality_architectural_4813_Floor-2.npz,high_quality_architectural/4813/Floor-2,6,"0,1,2,3,4,5,6,7,8",9,14829,14829,256x256,256x256,True,kept,True,,
high_quality_architectural_481_Floor-1.npz,high_quality_architectural/481/Floor-1,6,"0,1,2,3,4,5,8",7,29528,29528,256x256,256x256,True,kept,True,,
high_quality_architectural_4820_Floor-1.npz,high_quality_architectural/4820/Floor-1,6,"0,1,2,3,4,7,8",7,34382,34382,256x256,256x256,True,kept,True,,
high_quality_architectural_4821_Floor-1.npz,high_quality_architectural/4821/Floor-1,6,"0,1,2,3,4,5,7,8",8,38337,38337,256x256,256x256,True,kept,True,,
high_quality_architectural_4825_Floor-1.npz,high_quality_architectural/4825/Floor-1,2,"0,1,3,4,7,8",6,19164,19164,256x256,256x256,False,room_count_below_min,False,,
high_quality_architectural_4828_Floor-1.npz,high_quality_architectural/4828/Floor-1,7,"0,1,2,4,6,7,8",7,12510,12510,256x256,256x256,True,kept,True,,
high_quality_architectural_4828_Floor-2.npz,high_quality_architectural/4828/Floor-2,7,"0,3,4,5,7,8",6,16722,16722,256x256,256x256,True,kept,True,,
high_quality_architectural_4829_Floor-1.npz,high_quality_architectural/4829/Floor-1,5,"0,1,2,3,4,5,7,8",8,36406,36406,256x256,256x256,True,kept,True,,
high_quality_architectural_4830_Floor-1.npz,high_quality_architectural/4830/Floor-1,6,"0,1,2,5,7,8",6,20110,20110,256x256,256x256,True,kept,True,,
high_quality_architectural_4831_Floor-1.npz,high_quality_architectural/4831/Floor-1,4,"0,1,2,5,7,8",6,20067,20067,256x256,256x256,True,kept,True,,
high_quality_architectural_4842_Floor-1.npz,high_quality_architectural/4842/Floor-1,3,"0,1,2,3,4,5,8",7,43984,43984,256x256,256x256,True,kept,True,,
high_quality_architectural_4845_Floor-1.npz,high_quality_architectural/4845/Floor-1,2,"0,1,3,4,8",5,37623,37623,256x256,256x256,False,room_count_below_min,False,,
high_quality_architectural_4846_Floor-1.npz,high_quality_architectural/4846/Floor-1,11,"0,1,2,3,4,5,7,8",8,32499,32499,256x256,256x256,True,kept,True,,
high_quality_architectural_4847_Floor-1.npz,high_quality_architectural/4847/Floor-1,3,"0,1,3,4,8",5,19555,19555,256x256,256x256,True,kept,True,,
high_quality_architectural_4848_Floor-1.npz,high_quality_architectural/4848/Floor-1,5,"0,1,3,4,7,8",6,16955,16955,256x256,256x256,True,kept,True,,
high_quality_architectural_4849_Floor-1.npz,high_quality_architectural/4849/Floor-1,3,"0,1,2,4,5,8",6,31693,31693,256x256,256x256,True,kept,True,,
high_quality_architectural_4850_Floor-1.npz,high_quality_architectural/4850/Floor-1,8,"0,1,2,3,4,5,7,8",8,36154,36154,256x256,256x256,True,kept,True,,
high_quality_architectural_4855_Floor-1.npz,high_quality_architectural/4855/Floor-1,8,"0,1,2,3,4,5,6,7,8",9,34166,34166,256x256,256x256,True,kept,True,,
high_quality_architectural_4862_Floor-1.npz,high_quality_architectural/4862/Floor-1,14,"0,1,3,4,5,6,7,8",8,26702,26702,256x256,256x256,True,kept,True,,
high_quality_architectural_4864_Floor-1.npz,high_quality_architectural/4864/Floor-1,5,"0,1,2,3,7,8",6,25495,25495,256x256,256x256,True,kept,True,,
high_quality_architectural_4865_Floor-1.npz,high_quality_architectural/4865/Floor-1,1,"0,1,2,8",4,16910,16910,256x256,256x256,False,room_count_below_min,False,,
high_quality_architectural_4866_Floor-1.npz,high_quality_architectural/4866/Floor-1,1,"0,1,2,5,8",5,24941,24941,256x256,256x256,False,room_count_below_min,False,,
high_quality_architectural_4868_Floor-1.npz,high_quality_architectural/4868/Floor-1,3,"0,2,3,4,8",5,41376,41376,256x256,256x256,True,kept,True,,
high_quality_architectural_486_Floor-1.npz,high_quality_architectural/486/Floor-1,7,"0,1,2,4,5,7,8",7,27885,27885,256x256,256x256,True,kept,True,,
high_quality_architectural_4873_Floor-1.npz,high_quality_architectural/4873/Floor-1,9,"0,1,2,3,4,5,7,8",8,29143,29143,256x256,256x256,True,kept,True,,
high_quality_architectural_4874_Floor-1.npz,high_quality_architectural/4874/Floor-1,3,"0,1,2,4,5,6,8",7,18005,18005,256x256,256x256,True,kept,True,,
high_quality_architectural_4874_Floor-2.npz,high_quality_architectural/4874/Floor-2,10,"0,3,4,7,8",5,15321,15321,256x256,256x256,True,kept,True,,
high_quality_architectural_4876_Floor-1.npz,high_quality_architectural/4876/Floor-1,10,"0,1,2,3,4,5,7,8",8,37570,37570,256x256,256x256,True,kept,True,,
high_quality_architectural_4877_Floor-1.npz,high_quality_architectural/4877/Floor-1,3,"0,1,2,4,5,7,8",7,19020,19020,256x256,256x256,True,kept,True,,
high_quality_architectural_4877_Floor-2.npz,high_quality_architectural/4877/Floor-2,4,"0,2,4,8",4,17712,17712,256x256,256x256,True,kept,True,,
high_quality_architectural_4879_Floor-1.npz,high_quality_architectural/4879/Floor-1,4,"0,2,3,4,7,8",6,14559,14559,256x256,256x256,True,kept,True,,
high_quality_architectural_4879_Floor-2.npz,high_quality_architectural/4879/Floor-2,2,"0,2,7,8",4,3122,3122,256x256,256x256,False,room_count_below_min,False,,
high_quality_architectural_4880_Floor-1.npz,high_quality_architectural/4880/Floor-1,14,"0,1,2,3,4,5,7,8",8,24762,24762,256x256,256x256,True,kept,True,,
high_quality_architectural_4884_Floor-1.npz,high_quality_architectural/4884/Floor-1,5,"0,1,2,3,4,5,6,7,8",9,35229,35229,256x256,256x256,True,kept,True,,
high_quality_architectural_4890_Floor-1.npz,high_quality_architectural/4890/Floor-1,6,"0,1,2,3,4,5,7,8",8,37180,37180,256x256,256x256,True,kept,True,,
high_quality_architectural_4896_Floor-1.npz,high_quality_architectural/4896/Floor-1,12,"0,1,3,4,5,7,8",7,32248,32248,256x256,256x256,True,kept,True,,
high_quality_architectural_4897_Floor-1.npz,high_quality_architectural/4897/Floor-1,11,"0,1,2,3,5,7,8",7,27837,27837,256x256,256x256,True,kept,True,,
high_quality_architectural_4898_Floor-1.npz,high_quality_architectural/4898/Floor-1,10,"0,1,2,3,4,5,7,8",8,27301,27301,256x256,256x256,True,kept,True,,
high_quality_architectural_48_Floor-1.npz,high_quality_architectural/48/Floor-1,4,"0,1,2,3,4,5,7,8",8,27731,27731,256x256,256x256,True,kept,True,,
high_quality_architectural_4900_Floor-1.npz,high_quality_architectural/4900/Floor-1,5,"0,1,2,4,7,8",6,33741,33741,256x256,256x256,True,kept,True,,
high_quality_architectural_4903_Floor-1.npz,high_quality_architectural/4903/Floor-1,5,"0,1,2,3,4,5,7,8",8,29786,29786,256x256,256x256,True,kept,True,,
high_quality_architectural_4905_Floor-1.npz,high_quality_architectural/4905/Floor-1,3,"0,1,2,6,8",5,38089,38089,256x256,256x256,True,kept,True,,
high_quality_architectural_4906_Floor-1.npz,high_quality_architectural/4906/Floor-1,4,"0,1,2,3,5,8",6,37357,37357,256x256,256x256,True,kept,True,,
high_quality_architectural_4907_Floor-1.npz,high_quality_architectural/4907/Floor-1,3,"0,1,2,8",4,33912,33912,256x256,256x256,True,kept,True,,
high_quality_architectural_490_Floor-1.npz,high_quality_architectural/490/Floor-1,4,"0,1,2,3,4,5,6,8",8,29211,29211,256x256,256x256,True,kept,True,,
high_quality_architectural_4911_Floor-1.npz,high_quality_architectural/4911/Floor-1,4,"0,1,2,3,4,5,8",7,31758,31758,256x256,256x256,True,kept,True,,
high_quality_architectural_4912_Floor-1.npz,high_quality_architectural/4912/Floor-1,2,"0,2,3,5,7,8",6,27719,27719,256x256,256x256,False,room_count_below_min,False,,
high_quality_architectural_4914_Floor-1.npz,high_quality_architectural/4914/Floor-1,9,"0,2,3,4,5,7,8",7,16496,16496,256x256,256x256,True,kept,True,,
high_quality_architectural_4914_Floor-2.npz,high_quality_architectural/4914/Floor-2,7,"0,1,2,3,4,6,7,8",8,18321,18321,256x256,256x256,True,kept,True,,
high_quality_architectural_4915_Floor-1.npz,high_quality_architectural/4915/Floor-1,5,"0,1,2,3,4,5,7,8",8,43326,43326,256x256,256x256,True,kept,True,,
high_quality_architectural_491_Floor-1.npz,high_quality_architectural/491/Floor-1,7,"0,1,2,3,4,5,7,8",8,20052,20052,256x256,256x256,True,kept,True,,
high_quality_architectural_4925_Floor-1.npz,high_quality_architectural/4925/Floor-1,5,"0,1,2,3,5,7,8",7,22538,22538,256x256,256x256,True,kept,True,,
high_quality_architectural_4925_Floor-2.npz,high_quality_architectural/4925/Floor-2,0,"0,8",2,4683,4683,256x256,256x256,False,room_count_below_min,False,,
high_quality_architectural_4928_Floor-1.npz,high_quality_architectural/4928/Floor-1,3,"0,1,4,5,8",5,8102,8102,256x256,256x256,True,kept,True,,
high_quality_architectural_4928_Floor-2.npz,high_quality_architectural/4928/Floor-2,4,"0,3,4,7,8",5,13684,13684,256x256,256x256,True,kept,True,,
high_quality_architectural_4929_Floor-1.npz,high_quality_architectural/4929/Floor-1,6,"0,1,2,4,5,7,8",7,14763,14763,256x256,256x256,True,kept,True,,
high_quality_architectural_4929_Floor-2.npz,high_quality_architectural/4929/Floor-2,2,"0,2,4,8",4,6376,6376,256x256,256x256,False,room_count_below_min,False,,
high_quality_architectural_4938_Floor-1.npz,high_quality_architectural/4938/Floor-1,8,"0,1,3,4,5,7,8",7,37759,37759,256x256,256x256,True,kept,True,,
high_quality_architectural_4942_Floor-1.npz,high_quality_architectural/4942/Floor-1,8,"0,3,4,5,7,8",6,15241,15241,256x256,256x256,True,kept,True,,
high_quality_architectural_4942_Floor-2.npz,high_quality_architectural/4942/Floor-2,5,"0,1,3,4,5,7,8",7,12190,12190,256x256,256x256,True,kept,True,,
high_quality_architectural_4944_Floor-1.npz,high_quality_architectural/4944/Floor-1,2,"0,3,7,8",4,6362,6362,256x256,256x256,False,room_count_below_min,False,,
high_quality_architectural_4944_Floor-2.npz,high_quality_architectural/4944/Floor-2,5,"0,2,3,4,5,8",6,19400,19400,256x256,256x256,True,kept,True,,
high_quality_architectural_4946_Floor-1.npz,high_quality_architectural/4946/Floor-1,6,"0,1,3,4,7,8",6,16119,16119,256x256,256x256,True,kept,True,,
high_quality_architectural_4946_Floor-2.npz,high_quality_architectural/4946/Floor-2,5,"0,2,3,4,5,8",6,14993,14993,256x256,256x256,True,kept,True,,
high_quality_architectural_4947_Floor-1.npz,high_quality_architectural/4947/Floor-1,7,"0,3,4,5,7,8",6,19527,19527,256x256,256x256,True,kept,True,,
high_quality_architectural_4947_Floor-2.npz,high_quality_architectural/4947/Floor-2,5,"0,1,3,4,5,7,8",7,16305,16305,256x256,256x256,True,kept,True,,
high_quality_architectural_4948_Floor-1.npz,high_quality_architectural/4948/Floor-1,10,"0,1,2,4,5,6,7,8",8,16411,16411,256x256,256x256,True,kept,True,,
high_quality_architectural_4948_Floor-2.npz,high_quality_architectural/4948/Floor-2,7,"0,2,3,4,8",5,13395,13395,256x256,256x256,True,kept,True,,
high_quality_architectural_494_Floor-1.npz,high_quality_architectural/494/Floor-1,6,"0,1,2,7,8",5,28213,28213,256x256,256x256,True,kept,True,,
high_quality_architectural_4951_Floor-1.npz,high_quality_architectural/4951/Floor-1,5,"0,1,2,3,4,5,7,8",8,34248,34248,256x256,256x256,True,kept,True,,
high_quality_architectural_4954_Floor-1.npz,high_quality_architectural/4954/Floor-1,7,"0,1,2,3,4,5,7,8",8,36201,36201,256x256,256x256,True,kept,True,,
high_quality_architectural_4955_Floor-1.npz,high_quality_architectural/4955/Floor-1,4,"0,2,3,4,5,8",6,32270,32270,256x256,256x256,True,kept,True,,
high_quality_architectural_4956_Floor-1.npz,high_quality_architectural/4956/Floor-1,3,"0,1,2,3,4,5,8",7,31166,31166,256x256,256x256,True,kept,True,,
high_quality_architectural_4963_Floor-1.npz,high_quality_architectural/4963/Floor-1,0,"0,8",2,2259,2259,256x256,256x256,False,room_count_below_min,False,,
high_quality_architectural_4963_Floor-2.npz,high_quality_architectural/4963/Floor-2,0,"0,8",2,2101,2101,256x256,256x256,False,room_count_below_min,False,,
high_quality_architectural_4963_Floor-3.npz,high_quality_architectural/4963/Floor-3,4,"0,2,4,7,8",5,10923,10923,256x256,256x256,True,kept,True,,
high_quality_architectural_4967_Floor-1.npz,high_quality_architectural/4967/Floor-1,10,"0,3,4,5,7,8",6,14539,14539,256x256,256x256,True,kept,True,,
high_quality_architectural_4967_Floor-2.npz,high_quality_architectural/4967/Floor-2,3,"0,1,2,4,6,7,8",7,6396,6396,256x256,256x256,True,kept,True,,
high_quality_architectural_4968_Floor-1.npz,high_quality_architectural/4968/Floor-1,11,"0,1,2,3,4,7,8",7,28096,28096,256x256,256x256,True,kept,True,,
high_quality_architectural_4971_Floor-1.npz,high_quality_architectural/4971/Floor-1,4,"0,1,2,3,4,8",6,36326,36326,256x256,256x256,True,kept,True,,
high_quality_architectural_4972_Floor-1.npz,high_quality_architectural/4972/Floor-1,7,"0,1,3,4,6,7,8",7,30551,30551,256x256,256x256,True,kept,True,,
high_quality_architectural_4973_Floor-1.npz,high_quality_architectural/4973/Floor-1,4,"0,1,2,3,4,8",6,38724,38724,256x256,256x256,True,kept,True,,
high_quality_architectural_4974_Floor-1.npz,high_quality_architectural/4974/Floor-1,3,"0,1,2,3,8",5,27781,27781,256x256,256x256,True,kept,True,,
high_quality_architectural_4976_Floor-1.npz,high_quality_architectural/4976/Floor-1,0,"0,8",2,9036,9036,256x256,256x256,False,room_count_below_min,False,,
high_quality_architectural_4980_Floor-1.npz,high_quality_architectural/4980/Floor-1,10,"0,1,3,4,5,7,8",7,28435,28435,256x256,256x256,True,kept,True,,
high_quality_architectural_498_Floor-1.npz,high_quality_architectural/498/Floor-1,4,"0,1,2,4,5,7,8",7,29340,29340,256x256,256x256,True,kept,True,,
high_quality_architectural_4991_Floor-1.npz,high_quality_architectural/4991/Floor-1,4,"0,1,2,4,5,6,7,8",8,16951,16951,256x256,256x256,True,kept,True,,
high_quality_architectural_4991_Floor-2.npz,high_quality_architectural/4991/Floor-2,5,"0,3,5,7,8",5,11733,11733,256x256,256x256,True,kept,True,,
high_quality_architectural_4993_Floor-1.npz,high_quality_architectural/4993/Floor-1,2,"0,2,7,8",4,23851,23851,256x256,256x256,False,room_count_below_min,False,,
high_quality_architectural_499_Floor-1.npz,high_quality_architectural/499/Floor-1,10,"0,1,2,3,4,5,6,7,8",9,14667,14667,256x256,256x256,True,kept,True,,
high_quality_architectural_499_Floor-2.npz,high_quality_architectural/499/Floor-2,7,"0,2,3,4,5,7,8",7,10375,10375,256x256,256x256,True,kept,True,,
high_quality_architectural_4_Floor-1.npz,high_quality_architectural/4/Floor-1,4,"0,1,3,4,5,8",6,37962,37962,256x256,256x256,True,kept,True,,
high_quality_architectural_5002_Floor-1.npz,high_quality_architectural/5002/Floor-1,11,"0,1,2,3,4,5,6,7,8",9,37810,37810,256x256,256x256,True,kept,True,,
high_quality_architectural_5006_Floor-1.npz,high_quality_architectural/5006/Floor-1,4,"0,1,2,3,4,5,8",7,36579,36579,256x256,256x256,True,kept,True,,
high_quality_architectural_5016_Floor-1.npz,high_quality_architectural/5016/Floor-1,0,"0,8",2,2319,2319,256x256,256x256,False,room_count_below_min,False,,
high_quality_architectural_5018_Floor-1.npz,high_quality_architectural/5018/Floor-1,8,"0,1,3,4,5,7,8",7,9962,9962,256x256,256x256,True,kept,True,,
high_quality_architectural_5018_Floor-2.npz,high_quality_architectural/5018/Floor-2,5,"0,3,4,5,8",5,10698,10698,256x256,256x256,True,kept,True,,
high_quality_architectural_5023_Floor-1.npz,high_quality_architectural/5023/Floor-1,4,"0,4,7,8",4,6773,6773,256x256,256x256,True,kept,True,,
high_quality_architectural_5023_Floor-2.npz,high_quality_architectural/5023/Floor-2,15,"0,1,2,4,5,8",6,27128,27128,256x256,256x256,True,kept,True,,
high_quality_architectural_5027_Floor-1.npz,high_quality_architectural/5027/Floor-1,9,"0,1,2,4,7,8",6,16755,16755,256x256,256x256,True,kept,True,,
high_quality_architectural_5028_Floor-1.npz,high_quality_architectural/5028/Floor-1,3,"0,1,2,4,5,8",6,25575,25575,256x256,256x256,True,kept,True,,
high_quality_architectural_502_Floor-1.npz,high_quality_architectural/502/Floor-1,4,"0,1,3,4,5,7,8",7,31084,31084,256x256,256x256,True,kept,True,,
high_quality_architectural_5031_Floor-1.npz,high_quality_architectural/5031/Floor-1,9,"0,1,2,3,4,5,7,8",8,22119,22119,256x256,256x256,True,kept,True,,
high_quality_architectural_5034_Floor-1.npz,high_quality_architectural/5034/Floor-1,1,"0,1,8",3,9416,9416,256x256,256x256,False,room_count_below_min,False,,
high_quality_architectural_5038_Floor-1.npz,high_quality_architectural/5038/Floor-1,8,"0,1,2,3,4,5,8",7,24813,24813,256x256,256x256,True,kept,True,,
high_quality_architectural_5039_Floor-1.npz,high_quality_architectural/5039/Floor-1,3,"0,1,2,3,5,8",6,37611,37611,256x256,256x256,True,kept,True,,
high_quality_architectural_5044_Floor-1.npz,high_quality_architectural/5044/Floor-1,9,"0,1,2,3,4,5,7,8",8,30677,30677,256x256,256x256,True,kept,True,,
high_quality_architectural_5046_Floor-1.npz,high_quality_architectural/5046/Floor-1,11,"0,2,3,4,5,7,8",7,19760,19760,256x256,256x256,True,kept,True,,
high_quality_architectural_5046_Floor-2.npz,high_quality_architectural/5046/Floor-2,8,"0,2,3,4,7,8",6,17666,17666,256x256,256x256,True,kept,True,,
high_quality_architectural_5047_Floor-1.npz,high_quality_architectural/5047/Floor-1,11,"0,1,2,3,4,5,7,8",8,34207,34207,256x256,256x256,True,kept,True,,
high_quality_architectural_5048_Floor-1.npz,high_quality_architectural/5048/Floor-1,6,"0,1,2,3,5,7,8",7,24971,24971,256x256,256x256,True,kept,True,,
high_quality_architectural_5049_Floor-1.npz,high_quality_architectural/5049/Floor-1,6,"0,1,2,3,4,5,8",7,38324,38324,256x256,256x256,True,kept,True,,
high_quality_architectural_504_Floor-1.npz,high_quality_architectural/504/Floor-1,9,"0,1,2,3,4,5,8",7,5330,5330,256x256,256x256,True,kept,True,,
high_quality_architectural_504_Floor-2.npz,high_quality_architectural/504/Floor-2,2,"0,2,8",3,2443,2443,256x256,256x256,False,room_count_below_min,False,,
high_quality_architectural_5050_Floor-1.npz,high_quality_architectural/5050/Floor-1,4,"0,1,2,3,5,8",6,33495,33495,256x256,256x256,True,kept,True,,
high_quality_architectural_5052_Floor-1.npz,high_quality_architectural/5052/Floor-1,6,"0,1,2,3,4,5,6,7,8",9,42077,42077,256x256,256x256,True,kept,True,,
high_quality_architectural_5055_Floor-1.npz,high_quality_architectural/5055/Floor-1,0,"0,8",2,2947,2947,256x256,256x256,False,room_count_below_min,False,,
high_quality_architectural_5055_Floor-2.npz,high_quality_architectural/5055/Floor-2,0,"0,8",2,1621,1621,256x256,256x256,False,room_count_below_min,False,,
high_quality_architectural_5055_Floor-3.npz,high_quality_architectural/5055/Floor-3,0,"0,8",2,1506,1506,256x256,256x256,False,room_count_below_min,False,,
high_quality_architectural_5057_Floor-1.npz,high_quality_architectural/5057/Floor-1,11,"0,1,2,4,5,7,8",7,29364,29364,256x256,256x256,True,kept,True,,
high_quality_architectural_5058_Floor-1.npz,high_quality_architectural/5058/Floor-1,2,"0,1,2,4,5,8",6,27794,27794,256x256,256x256,False,room_count_below_min,False,,
high_quality_architectural_5061_Floor-1.npz,high_quality_architectural/5061/Floor-1,4,"0,1,2,3,4,8",6,31772,31772,256x256,256x256,True,kept,True,,
high_quality_architectural_5062_Floor-1.npz,high_quality_architectural/5062/Floor-1,7,"0,1,3,4,5,8",6,23557,23557,256x256,256x256,True,kept,True,,
high_quality_architectural_5063_Floor-1.npz,high_quality_architectural/5063/Floor-1,10,"0,4,5,7,8",5,18260,18260,256x256,256x256,True,kept,True,,
high_quality_architectural_5063_Floor-2.npz,high_quality_architectural/5063/Floor-2,6,"0,2,4,5,7,8",6,15637,15637,256x256,256x256,True,kept,True,,
high_quality_architectural_5064_Floor-1.npz,high_quality_architectural/5064/Floor-1,7,"0,1,4,5,8",5,11824,11824,256x256,256x256,True,kept,True,,
high_quality_architectural_5065_Floor-1.npz,high_quality_architectural/5065/Floor-1,9,"0,2,3,4,5,7,8",7,29902,29902,256x256,256x256,True,kept,True,,
high_quality_architectural_5066_Floor-1.npz,high_quality_architectural/5066/Floor-1,5,"0,1,2,4,8",5,47259,47259,256x256,256x256,True,kept,True,,
high_quality_architectural_5067_Floor-1.npz,high_quality_architectural/5067/Floor-1,9,"0,1,2,4,5,7,8",7,27618,27618,256x256,256x256,True,kept,True,,
high_quality_architectural_5070_Floor-1.npz,high_quality_architectural/5070/Floor-1,11,"0,1,2,3,4,5,7,8",8,36168,36168,256x256,256x256,True,kept,True,,
high_quality_architectural_5082_Floor-1.npz,high_quality_architectural/5082/Floor-1,0,"0,8",2,7338,7338,256x256,256x256,False,room_count_below_min,False,,
high_quality_architectural_5083_Floor-1.npz,high_quality_architectural/5083/Floor-1,4,"0,1,2,4,5,6,7,8",8,16381,16381,256x256,256x256,True,kept,True,,
high_quality_architectural_5083_Floor-2.npz,high_quality_architectural/5083/Floor-2,6,"0,3,4,5,7,8",6,14319,14319,256x256,256x256,True,kept,True,,
high_quality_architectural_5089_Floor-1.npz,high_quality_architectural/5089/Floor-1,6,"0,1,2,3,4,5,7,8",8,44717,44717,256x256,256x256,True,kept,True,,
high_quality_architectural_5098_Floor-1.npz,high_quality_architectural/5098/Floor-1,7,"0,1,2,3,4,5,7,8",8,29140,29140,256x256,256x256,True,kept,True,,
high_quality_architectural_5100_Floor-1.npz,high_quality_architectural/5100/Floor-1,12,"0,1,2,3,4,5,7,8",8,29250,29250,256x256,256x256,True,kept,True,,
high_quality_architectural_5102_Floor-1.npz,high_quality_architectural/5102/Floor-1,4,"0,1,4,5,8",5,17165,17165,256x256,256x256,True,kept,True,,
high_quality_architectural_5109_Floor-1.npz,high_quality_architectural/5109/Floor-1,6,"0,1,2,3,5,8",6,30808,30808,256x256,256x256,True,kept,True,,
high_quality_architectural_5111_Floor-1.npz,high_quality_architectural/5111/Floor-1,7,"0,2,3,5,7,8",6,31904,31904,256x256,256x256,True,kept,True,,
high_quality_architectural_5112_Floor-1.npz,high_quality_architectural/5112/Floor-1,8,"0,1,2,3,4,5,7,8",8,39410,39410,256x256,256x256,True,kept,True,,
high_quality_architectural_5115_Floor-1.npz,high_quality_architectural/5115/Floor-1,9,"0,2,4,5,7,8",6,34358,34358,256x256,256x256,True,kept,True,,
high_quality_architectural_5119_Floor-1.npz,high_quality_architectural/5119/Floor-1,2,"0,7,8",3,9128,9128,256x256,256x256,False,room_count_below_min,False,,
high_quality_architectural_5119_Floor-2.npz,high_quality_architectural/5119/Floor-2,2,"0,1,2,5,6,8",6,26160,26160,256x256,256x256,False,room_count_below_min,False,,
high_quality_architectural_511_Floor-1.npz,high_quality_architectural/511/Floor-1,5,"0,1,2,3,4,7,8",7,26367,26367,256x256,256x256,True,kept,True,,
high_quality_architectural_5121_Floor-1.npz,high_quality_architectural/5121/Floor-1,5,"0,1,2,3,4,5,7,8",8,37631,37631,256x256,256x256,True,kept,True,,
high_quality_architectural_5124_Floor-1.npz,high_quality_architectural/5124/Floor-1,9,"0,1,2,4,5,7,8",7,25829,25829,256x256,256x256,True,kept,True,,
high_quality_architectural_5135_Floor-1.npz,high_quality_architectural/5135/Floor-1,7,"0,4,5,7,8",5,4872,4872,256x256,256x256,True,kept,True,,
high_quality_architectural_5135_Floor-2.npz,high_quality_architectural/5135/Floor-2,5,"0,1,2,3,4,5,6,7,8",9,5773,5773,256x256,256x256,True,kept,True,,
high_quality_architectural_5135_Floor-3.npz,high_quality_architectural/5135/Floor-3,6,"0,2,3,4,7,8",6,3617,3617,256x256,256x256,True,kept,True,,
high_quality_architectural_5138_Floor-1.npz,high_quality_architectural/5138/Floor-1,2,"0,3,7,8",4,8794,8794,256x256,256x256,False,room_count_below_min,False,,
high_quality_architectural_5138_Floor-2.npz,high_quality_architectural/5138/Floor-2,1,"0,4,8",3,5713,5713,256x256,256x256,False,room_count_below_min,False,,
high_quality_architectural_5147_Floor-1.npz,high_quality_architectural/5147/Floor-1,1,"0,1,2,5,8",5,31318,31318,256x256,256x256,False,room_count_below_min,False,,
high_quality_architectural_5156_Floor-1.npz,high_quality_architectural/5156/Floor-1,7,"0,1,2,3,4,5,7,8",8,38049,38049,256x256,256x256,True,kept,True,,
high_quality_architectural_5157_Floor-1.npz,high_quality_architectural/5157/Floor-1,6,"0,3,4,5,7,8",6,3288,3288,256x256,256x256,True,kept,True,,
high_quality_architectural_5157_Floor-2.npz,high_quality_architectural/5157/Floor-2,5,"0,1,2,3,5,7,8",7,6151,6151,256x256,256x256,True,kept,True,,
high_quality_architectural_5159_Floor-1.npz,high_quality_architectural/5159/Floor-1,6,"0,1,2,3,4,5,7,8",8,29495,29495,256x256,256x256,True,kept,True,,
high_quality_architectural_518_Floor-1.npz,high_quality_architectural/518/Floor-1,27,"0,1,2,3,4,5,7,8",8,25358,25358,256x256,256x256,True,kept,True,,
high_quality_architectural_520_Floor-1.npz,high_quality_architectural/520/Floor-1,8,"0,1,2,3,4,5,7,8",8,37944,37944,256x256,256x256,True,kept,True,,
high_quality_architectural_521_Floor-1.npz,high_quality_architectural/521/Floor-1,17,"0,1,2,3,4,5,7,8",8,40486,40486,256x256,256x256,True,kept,True,,
high_quality_architectural_524_Floor-1.npz,high_quality_architectural/524/Floor-1,7,"0,1,2,3,4,5,6,7,8",9,31773,31773,256x256,256x256,True,kept,True,,
high_quality_architectural_52_Floor-1.npz,high_quality_architectural/52/Floor-1,6,"0,1,2,3,4,5,7,8",8,38770,38770,256x256,256x256,True,kept,True,,
high_quality_architectural_530_Floor-1.npz,high_quality_architectural/530/Floor-1,3,"0,1,2,4,8",5,45296,45296,256x256,256x256,True,kept,True,,
high_quality_architectural_534_Floor-1.npz,high_quality_architectural/534/Floor-1,0,"0,8",2,2396,2396,256x256,256x256,False,room_count_below_min,False,,
high_quality_architectural_537_Floor-1.npz,high_quality_architectural/537/Floor-1,13,"0,1,2,3,4,5,7,8",8,28881,28881,256x256,256x256,True,kept,True,,
high_quality_architectural_538_Floor-1.npz,high_quality_architectural/538/Floor-1,7,"0,2,3,4,5,7,8",7,37308,37308,256x256,256x256,True,kept,True,,
high_quality_architectural_541_Floor-1.npz,high_quality_architectural/541/Floor-1,6,"0,1,2,3,4,5,7,8",8,32211,32211,256x256,256x256,True,kept,True,,
high_quality_architectural_543_Floor-1.npz,high_quality_architectural/543/Floor-1,1,"0,4,8",3,4902,4902,256x256,256x256,False,room_count_below_min,False,,
high_quality_architectural_543_Floor-2.npz,high_quality_architectural/543/Floor-2,5,"0,1,2,4,5,8",6,8592,8592,256x256,256x256,True,kept,True,,
high_quality_architectural_543_Floor-3.npz,high_quality_architectural/543/Floor-3,2,"0,3,8",3,9226,9226,256x256,256x256,False,room_count_below_min,False,,
high_quality_architectural_546_Floor-1.npz,high_quality_architectural/546/Floor-1,1,"0,1,8",3,9918,9918,256x256,256x256,False,room_count_below_min,False,,
high_quality_architectural_548_Floor-1.npz,high_quality_architectural/548/Floor-1,5,"0,1,2,3,4,5,6,7,8",9,46941,46941,256x256,256x256,True,kept,True,,
high_quality_architectural_5501_Floor-1.npz,high_quality_architectural/5501/Floor-1,5,"0,2,5,7,8",5,9423,9423,256x256,256x256,True,kept,True,,
high_quality_architectural_5501_Floor-2.npz,high_quality_architectural/5501/Floor-2,0,"0,8",2,2849,2849,256x256,256x256,False,room_count_below_min,False,,
high_quality_architectural_5503_Floor-1.npz,high_quality_architectural/5503/Floor-1,7,"0,1,2,3,4,5,7,8",8,18100,18100,256x256,256x256,True,kept,True,,
high_quality_architectural_5503_Floor-2.npz,high_quality_architectural/5503/Floor-2,4,"0,3,4,5,8",5,10321,10321,256x256,256x256,True,kept,True,,
high_quality_architectural_5504_Floor-1.npz,high_quality_architectural/5504/Floor-1,3,"0,1,2,4,5,7,8",7,14060,14060,256x256,256x256,True,kept,True,,
high_quality_architectural_5504_Floor-2.npz,high_quality_architectural/5504/Floor-2,3,"0,3,4,8",4,9271,9271,256x256,256x256,True,kept,True,,
high_quality_architectural_5505_Floor-1.npz,high_quality_architectural/5505/Floor-1,1,"0,1,8",3,40027,40027,256x256,256x256,False,room_count_below_min,False,,
high_quality_architectural_5507_Floor-1.npz,high_quality_architectural/5507/Floor-1,3,"0,1,2,5,6,7,8",7,12762,12762,256x256,256x256,True,kept,True,,
high_quality_architectural_5507_Floor-2.npz,high_quality_architectural/5507/Floor-2,4,"0,3,5,7,8",5,9754,9754,256x256,256x256,True,kept,True,,
high_quality_architectural_5508_Floor-1.npz,high_quality_architectural/5508/Floor-1,10,"0,2,3,4,5,7,8",7,37042,37042,256x256,256x256,True,kept,True,,
high_quality_architectural_551_Floor-1.npz,high_quality_architectural/551/Floor-1,9,"0,1,2,4,5,7,8",7,40284,40284,256x256,256x256,True,kept,True,,
high_quality_architectural_5521_Floor-1.npz,high_quality_architectural/5521/Floor-1,9,"0,1,2,3,4,5,7,8",8,17421,17421,256x256,256x256,True,kept,True,,
high_quality_architectural_5521_Floor-2.npz,high_quality_architectural/5521/Floor-2,6,"0,3,4,5,7,8",6,12780,12780,256x256,256x256,True,kept,True,,
high_quality_architectural_5523_Floor-1.npz,high_quality_architectural/5523/Floor-1,3,"0,4,7,8",4,8037,8037,256x256,256x256,True,kept,True,,
high_quality_architectural_5523_Floor-2.npz,high_quality_architectural/5523/Floor-2,4,"0,1,2,5,7,8",6,11321,11321,256x256,256x256,True,kept,True,,
high_quality_architectural_5523_Floor-3.npz,high_quality_architectural/5523/Floor-3,3,"0,2,3,4,7,8",6,12054,12054,256x256,256x256,True,kept,True,,
high_quality_architectural_5525_Floor-1.npz,high_quality_architectural/5525/Floor-1,14,"0,1,2,3,4,5,7,8",8,37499,37499,256x256,256x256,True,kept,True,,
high_quality_architectural_552_Floor-1.npz,high_quality_architectural/552/Floor-1,0,"0,8",2,3948,3948,256x256,256x256,False,room_count_below_min,False,,
high_quality_architectural_5530_Floor-1.npz,high_quality_architectural/5530/Floor-1,7,"0,1,2,3,4,5,7,8",8,39957,39957,256x256,256x256,True,kept,True,,
high_quality_architectural_5531_Floor-1.npz,high_quality_architectural/5531/Floor-1,6,"0,2,3,4,5,7,8",7,19198,19198,256x256,256x256,True,kept,True,,
high_quality_architectural_5531_Floor-2.npz,high_quality_architectural/5531/Floor-2,6,"0,3,4,5,7,8",6,15285,15285,256x256,256x256,True,kept,True,,
high_quality_architectural_5533_Floor-1.npz,high_quality_architectural/5533/Floor-1,6,"0,1,3,4,5,7,8",7,32175,32175,256x256,256x256,True,kept,True,,
high_quality_architectural_5534_Floor-1.npz,high_quality_architectural/5534/Floor-1,7,"0,1,2,4,5,6,7,8",8,17984,17984,256x256,256x256,True,kept,True,,
high_quality_architectural_5534_Floor-2.npz,high_quality_architectural/5534/Floor-2,5,"0,3,5,7,8",5,13233,13233,256x256,256x256,True,kept,True,,
high_quality_architectural_5535_Floor-1.npz,high_quality_architectural/5535/Floor-1,6,"0,4,7,8",4,6118,6118,256x256,256x256,True,kept,True,,
high_quality_architectural_5535_Floor-2.npz,high_quality_architectural/5535/Floor-2,3,"0,1,2,4,5,6,8",7,9152,9152,256x256,256x256,True,kept,True,,
high_quality_architectural_5535_Floor-3.npz,high_quality_architectural/5535/Floor-3,5,"0,3,4,5,7,8",6,8585,8585,256x256,256x256,True,kept,True,,
high_quality_architectural_5539_Floor-1.npz,high_quality_architectural/5539/Floor-1,1,"0,4,8",3,12166,12166,256x256,256x256,False,room_count_below_min,False,,
high_quality_architectural_5552_Floor-1.npz,high_quality_architectural/5552/Floor-1,11,"0,1,2,3,4,5,6,7,8",9,33460,33460,256x256,256x256,True,kept,True,,
high_quality_architectural_5558_Floor-1.npz,high_quality_architectural/5558/Floor-1,5,"0,1,3,4,7,8",6,27646,27646,256x256,256x256,True,kept,True,,
high_quality_architectural_5559_Floor-1.npz,high_quality_architectural/5559/Floor-1,1,"0,7,8",3,4104,4104,256x256,256x256,False,room_count_below_min,False,,
high_quality_architectural_5559_Floor-2.npz,high_quality_architectural/5559/Floor-2,1,"0,1,8",3,7491,7491,256x256,256x256,False,room_count_below_min,False,,
high_quality_architectural_5559_Floor-3.npz,high_quality_architectural/5559/Floor-3,1,"0,2,8",3,8290,8290,256x256,256x256,False,room_count_below_min,False,,
high_quality_architectural_555_Floor-1.npz,high_quality_architectural/555/Floor-1,5,"0,1,2,3,4,5,6,7,8",9,25841,25841,256x256,256x256,True,kept,True,,
high_quality_architectural_5564_Floor-1.npz,high_quality_architectural/5564/Floor-1,7,"0,1,2,3,4,5,8",7,23132,23132,256x256,256x256,True,kept,True,,
high_quality_architectural_5566_Floor-1.npz,high_quality_architectural/5566/Floor-1,7,"0,1,3,4,5,6,7,8",8,27924,27924,256x256,256x256,True,kept,True,,
high_quality_architectural_5567_Floor-1.npz,high_quality_architectural/5567/Floor-1,4,"0,1,2,4,7,8",6,18493,18493,256x256,256x256,True,kept,True,,
high_quality_architectural_5570_Floor-1.npz,high_quality_architectural/5570/Floor-1,5,"0,1,2,3,4,5,7,8",8,29779,29779,256x256,256x256,True,kept,True,,
high_quality_architectural_5571_Floor-1.npz,high_quality_architectural/5571/Floor-1,11,"0,1,2,3,4,5,7,8",8,31105,31105,256x256,256x256,True,kept,True,,
high_quality_architectural_5572_Floor-1.npz,high_quality_architectural/5572/Floor-1,14,"0,1,2,4,5,7,8",7,33999,33999,256x256,256x256,True,kept,True,,
high_quality_architectural_5575_Floor-1.npz,high_quality_architectural/5575/Floor-1,2,"0,1,4,5,8",5,18254,18254,256x256,256x256,False,room_count_below_min,False,,
high_quality_architectural_5579_Floor-1.npz,high_quality_architectural/5579/Floor-1,6,"0,1,2,4,5,7,8",7,18243,18243,256x256,256x256,True,kept,True,,
high_quality_architectural_5579_Floor-2.npz,high_quality_architectural/5579/Floor-2,3,"0,3,4,8",4,10320,10320,256x256,256x256,True,kept,True,,
high_quality_architectural_5580_Floor-1.npz,high_quality_architectural/5580/Floor-1,12,"0,2,3,4,5,7,8",7,23391,23391,256x256,256x256,True,kept,True,,
high_quality_architectural_5589_Floor-1.npz,high_quality_architectural/5589/Floor-1,4,"0,1,2,4,5,8",6,21669,21669,256x256,256x256,True,kept,True,,
high_quality_architectural_5592_Floor-1.npz,high_quality_architectural/5592/Floor-1,12,"0,1,2,3,4,5,7,8",8,42612,42612,256x256,256x256,True,kept,True,,
high_quality_architectural_5599_Floor-1.npz,high_quality_architectural/5599/Floor-1,8,"0,1,2,3,4,5,7,8",8,27204,27204,256x256,256x256,True,kept,True,,
high_quality_architectural_559_Floor-1.npz,high_quality_architectural/559/Floor-1,12,"0,1,2,4,5,7,8",7,21214,21214,256x256,256x256,True,kept,True,,
high_quality_architectural_5602_Floor-1.npz,high_quality_architectural/5602/Floor-1,0,"0,8",2,6934,6934,256x256,256x256,False,room_count_below_min,False,,
high_quality_architectural_5603_Floor-1.npz,high_quality_architectural/5603/Floor-1,12,"0,1,2,3,4,5,7,8",8,25613,25613,256x256,256x256,True,kept,True,,
high_quality_architectural_5604_Floor-1.npz,high_quality_architectural/5604/Floor-1,12,"0,1,2,3,4,5,7,8",8,28992,28992,256x256,256x256,True,kept,True,,
high_quality_architectural_5609_Floor-1.npz,high_quality_architectural/5609/Floor-1,8,"0,1,3,4,5,6,7,8",8,27252,27252,256x256,256x256,True,kept,True,,
high_quality_architectural_5611_Floor-1.npz,high_quality_architectural/5611/Floor-1,7,"0,2,4,7,8",5,15016,15016,256x256,256x256,True,kept,True,,
high_quality_architectural_5611_Floor-2.npz,high_quality_architectural/5611/Floor-2,6,"0,1,3,4,7,8",6,9734,9734,256x256,256x256,True,kept,True,,
high_quality_architectural_5617_Floor-1.npz,high_quality_architectural/5617/Floor-1,1,"0,5,8",3,15434,15434,256x256,256x256,False,room_count_below_min,False,,
high_quality_architectural_5625_Floor-1.npz,high_quality_architectural/5625/Floor-1,3,"0,2,4,7,8",5,9039,9039,256x256,256x256,True,kept,True,,
high_quality_architectural_5625_Floor-2.npz,high_quality_architectural/5625/Floor-2,5,"0,1,2,5,8",5,11922,11922,256x256,256x256,True,kept,True,,
high_quality_architectural_5625_Floor-3.npz,high_quality_architectural/5625/Floor-3,5,"0,3,4,7,8",5,7525,7525,256x256,256x256,True,kept,True,,
high_quality_architectural_5628_Floor-1.npz,high_quality_architectural/5628/Floor-1,2,"0,1,5,6,7,8",6,17863,17863,256x256,256x256,False,room_count_below_min,False,,
high_quality_architectural_562_Floor-1.npz,high_quality_architectural/562/Floor-1,8,"0,2,3,4,5,7,8",7,28361,28361,256x256,256x256,True,kept,True,,
high_quality_architectural_5639_Floor-1.npz,high_quality_architectural/5639/Floor-1,3,"0,1,2,3,4,5,6,8",8,45675,45675,256x256,256x256,True,kept,True,,
high_quality_architectural_5640_Floor-1.npz,high_quality_architectural/5640/Floor-1,1,"0,2,8",3,19190,19190,256x256,256x256,False,room_count_below_min,False,,
high_quality_architectural_5642_Floor-1.npz,high_quality_architectural/5642/Floor-1,6,"0,1,2,3,4,5,7,8",8,13758,13758,256x256,256x256,True,kept,True,,
high_quality_architectural_5642_Floor-2.npz,high_quality_architectural/5642/Floor-2,3,"0,3,4,7,8",5,11701,11701,256x256,256x256,True,kept,True,,
high_quality_architectural_5658_Floor-1.npz,high_quality_architectural/5658/Floor-1,2,"0,1,2,3,8",5,32038,32038,256x256,256x256,False,room_count_below_min,False,,
high_quality_architectural_5661_Floor-1.npz,high_quality_architectural/5661/Floor-1,6,"0,1,2,3,4,7,8",7,34714,34714,256x256,256x256,True,kept,True,,
high_quality_architectural_566_Floor-1.npz,high_quality_architectural/566/Floor-1,5,"0,1,2,3,4,5,6,8",8,25914,25914,256x256,256x256,True,kept,True,,
high_quality_architectural_5672_Floor-1.npz,high_quality_architectural/5672/Floor-1,3,"0,2,3,8",4,13819,13819,256x256,256x256,True,kept,True,,
high_quality_architectural_5672_Floor-2.npz,high_quality_architectural/5672/Floor-2,2,"0,7,8",3,3489,3489,256x256,256x256,False,room_count_below_min,False,,
high_quality_architectural_5677_Floor-1.npz,high_quality_architectural/5677/Floor-1,7,"0,1,2,3,4,5,7,8",8,31351,31351,256x256,256x256,True,kept,True,,
high_quality_architectural_5678_Floor-1.npz,high_quality_architectural/5678/Floor-1,12,"0,1,2,3,4,5,6,7,8",9,11134,11134,256x256,256x256,True,kept,True,,
high_quality_architectural_5678_Floor-2.npz,high_quality_architectural/5678/Floor-2,3,"0,2,3,8",4,4832,4832,256x256,256x256,True,kept,True,,
high_quality_architectural_5679_Floor-1.npz,high_quality_architectural/5679/Floor-1,4,"0,1,2,3,4,5,8",7,40093,40093,256x256,256x256,True,kept,True,,
high_quality_architectural_5680_Floor-1.npz,high_quality_architectural/5680/Floor-1,11,"0,1,2,3,4,5,6,7,8",9,41012,41012,256x256,256x256,True,kept,True,,
high_quality_architectural_5684_Floor-1.npz,high_quality_architectural/5684/Floor-1,9,"0,1,2,3,4,5,7,8",8,17035,17035,256x256,256x256,True,kept,True,,
high_quality_architectural_5685_Floor-1.npz,high_quality_architectural/5685/Floor-1,13,"0,1,3,4,5,7,8",7,27194,27194,256x256,256x256,True,kept,True,,
high_quality_architectural_5688_Floor-1.npz,high_quality_architectural/5688/Floor-1,4,"0,1,2,3,4,5,7,8",8,37926,37926,256x256,256x256,True,kept,True,,
high_quality_architectural_5689_Floor-1.npz,high_quality_architectural/5689/Floor-1,5,"0,1,2,4,5,7,8",7,13475,13475,256x256,256x256,True,kept,True,,
high_quality_architectural_5689_Floor-2.npz,high_quality_architectural/5689/Floor-2,4,"0,2,4,5,8",5,11194,11194,256x256,256x256,True,kept,True,,
high_quality_architectural_5691_Floor-1.npz,high_quality_architectural/5691/Floor-1,4,"0,1,2,3,4,5,8",7,40236,40236,256x256,256x256,True,kept,True,,
high_quality_architectural_5693_Floor-1.npz,high_quality_architectural/5693/Floor-1,7,"0,1,2,4,5,6,7,8",8,6532,6532,256x256,256x256,True,kept,True,,
high_quality_architectural_5693_Floor-2.npz,high_quality_architectural/5693/Floor-2,5,"0,3,4,8",4,4224,4224,256x256,256x256,True,kept,True,,
high_quality_architectural_5698_Floor-1.npz,high_quality_architectural/5698/Floor-1,6,"0,1,2,3,4,5,7,8",8,40160,40160,256x256,256x256,True,kept,True,,
high_quality_architectural_569_Floor-1.npz,high_quality_architectural/569/Floor-1,5,"0,1,3,4,5,8",6,26090,26090,256x256,256x256,True,kept,True,,
high_quality_architectural_5700_Floor-1.npz,high_quality_architectural/5700/Floor-1,4,"0,1,2,4,5,7,8",7,35540,35540,256x256,256x256,True,kept,True,,
high_quality_architectural_5701_Floor-1.npz,high_quality_architectural/5701/Floor-1,13,"0,3,4,5,7,8",6,14787,14787,256x256,256x256,True,kept,True,,
high_quality_architectural_5701_Floor-2.npz,high_quality_architectural/5701/Floor-2,5,"0,1,2,3,4,5,6,8",8,14537,14537,256x256,256x256,True,kept,True,,
high_quality_architectural_5705_Floor-1.npz,high_quality_architectural/5705/Floor-1,3,"0,1,2,3,4,5,6,8",8,34397,34397,256x256,256x256,True,kept,True,,
high_quality_architectural_5715_Floor-1.npz,high_quality_architectural/5715/Floor-1,4,"0,1,2,3,4,5,8",7,31705,31705,256x256,256x256,True,kept,True,,
high_quality_architectural_5718_Floor-1.npz,high_quality_architectural/5718/Floor-1,3,"0,2,4,7,8",5,4369,4369,256x256,256x256,True,kept,True,,
high_quality_architectural_5718_Floor-2.npz,high_quality_architectural/5718/Floor-2,8,"0,1,2,3,4,5,7,8",8,13634,13634,256x256,256x256,True,kept,True,,
high_quality_architectural_571_Floor-1.npz,high_quality_architectural/571/Floor-1,1,"0,1,2,3,5,8",6,18298,18298,256x256,256x256,False,room_count_below_min,False,,
high_quality_architectural_571_Floor-2.npz,high_quality_architectural/571/Floor-2,0,"0,8",2,3143,3143,256x256,256x256,False,room_count_below_min,False,,
high_quality_architectural_5722_Floor-1.npz,high_quality_architectural/5722/Floor-1,5,"0,4,7,8",4,6401,6401,256x256,256x256,True,kept,True,,
high_quality_architectural_5722_Floor-2.npz,high_quality_architectural/5722/Floor-2,1,"0,1,8",3,1339,1339,256x256,256x256,False,room_count_below_min,False,,
high_quality_architectural_5722_Floor-3.npz,high_quality_architectural/5722/Floor-3,9,"0,2,3,4,5,8",6,5188,5188,256x256,256x256,True,kept,True,,
high_quality_architectural_5722_Floor-4.npz,high_quality_architectural/5722/Floor-4,1,"0,5,8",3,786,786,256x256,256x256,False,room_count_below_min,False,,
high_quality_architectural_5727_Floor-1.npz,high_quality_architectural/5727/Floor-1,8,"0,2,3,4,5,7,8",7,10114,10114,256x256,256x256,True,kept,True,,
high_quality_architectural_5727_Floor-2.npz,high_quality_architectural/5727/Floor-2,2,"0,2,3,8",4,7793,7793,256x256,256x256,False,room_count_below_min,False,,
high_quality_architectural_5734_Floor-1.npz,high_quality_architectural/5734/Floor-1,7,"0,1,2,3,4,5,8",7,42493,42493,256x256,256x256,True,kept,True,,
high_quality_architectural_5735_Floor-1.npz,high_quality_architectural/5735/Floor-1,4,"0,1,2,3,4,5,8",7,48227,48227,256x256,256x256,True,kept,True,,
high_quality_architectural_5741_Floor-1.npz,high_quality_architectural/5741/Floor-1,2,"0,1,2,8",4,26625,26625,256x256,256x256,False,room_count_below_min,False,,
high_quality_architectural_5742_Floor-1.npz,high_quality_architectural/5742/Floor-1,8,"0,1,2,4,5,7,8",7,24290,24290,256x256,256x256,True,kept,True,,
high_quality_architectural_5747_Floor-1.npz,high_quality_architectural/5747/Floor-1,9,"0,1,2,3,4,5,6,7,8",9,30460,30460,256x256,256x256,True,kept,True,,
high_quality_architectural_5748_Floor-1.npz,high_quality_architectural/5748/Floor-1,12,"0,1,2,3,4,5,7,8",8,33601,33601,256x256,256x256,True,kept,True,,
high_quality_architectural_5751_Floor-1.npz,high_quality_architectural/5751/Floor-1,1,"0,1,2,3,4,5,8",7,38675,38675,256x256,256x256,False,room_count_below_min,False,,
high_quality_architectural_5752_Floor-1.npz,high_quality_architectural/5752/Floor-1,12,"0,1,2,3,5,7,8",7,29403,29403,256x256,256x256,True,kept,True,,
high_quality_architectural_5755_Floor-1.npz,high_quality_architectural/5755/Floor-1,6,"0,1,2,3,4,5,7,8",8,20534,20534,256x256,256x256,True,kept,True,,
high_quality_architectural_5756_Floor-1.npz,high_quality_architectural/5756/Floor-1,3,"0,1,2,3,4,8",6,29780,29780,256x256,256x256,True,kept,True,,
high_quality_architectural_575_Floor-1.npz,high_quality_architectural/575/Floor-1,9,"0,1,2,3,4,5,7,8",8,28241,28241,256x256,256x256,True,kept,True,,
high_quality_architectural_5760_Floor-1.npz,high_quality_architectural/5760/Floor-1,5,"0,1,2,3,4,5,8",7,36003,36003,256x256,256x256,True,kept,True,,
high_quality_architectural_5765_Floor-1.npz,high_quality_architectural/5765/Floor-1,3,"0,5,7,8",4,10033,10033,256x256,256x256,True,kept,True,,
high_quality_architectural_5765_Floor-2.npz,high_quality_architectural/5765/Floor-2,8,"0,1,2,3,4,5,8",7,15613,15613,256x256,256x256,True,kept,True,,
high_quality_architectural_5766_Floor-1.npz,high_quality_architectural/5766/Floor-1,6,"0,1,2,3,4,7,8",7,15611,15611,256x256,256x256,True,kept,True,,
high_quality_architectural_5766_Floor-2.npz,high_quality_architectural/5766/Floor-2,2,"0,3,8",3,7060,7060,256x256,256x256,False,room_count_below_min,False,,
high_quality_architectural_5768_Floor-1.npz,high_quality_architectural/5768/Floor-1,9,"0,1,2,4,5,7,8",7,38088,38088,256x256,256x256,True,kept,True,,
high_quality_architectural_5770_Floor-1.npz,high_quality_architectural/5770/Floor-1,4,"0,1,2,3,4,8",6,27336,27336,256x256,256x256,True,kept,True,,
high_quality_architectural_5777_Floor-1.npz,high_quality_architectural/5777/Floor-1,6,"0,3,4,5,7,8",6,10164,10164,256x256,256x256,True,kept,True,,
high_quality_architectural_5777_Floor-2.npz,high_quality_architectural/5777/Floor-2,5,"0,1,2,3,4,6,8",7,13326,13326,256x256,256x256,True,kept,True,,
high_quality_architectural_5779_Floor-1.npz,high_quality_architectural/5779/Floor-1,6,"0,1,2,3,4,5,7,8",8,34876,34876,256x256,256x256,True,kept,True,,
high_quality_architectural_577_Floor-1.npz,high_quality_architectural/577/Floor-1,4,"0,1,3,4,5,6,7,8",8,15649,15649,256x256,256x256,True,kept,True,,
high_quality_architectural_5785_Floor-1.npz,high_quality_architectural/5785/Floor-1,7,"0,2,3,4,5,8",6,25297,25297,256x256,256x256,True,kept,True,,
high_quality_architectural_5788_Floor-1.npz,high_quality_architectural/5788/Floor-1,6,"0,1,3,4,5,7,8",7,22128,22128,256x256,256x256,True,kept,True,,
high_quality_architectural_5791_Floor-1.npz,high_quality_architectural/5791/Floor-1,16,"0,1,2,3,4,5,7,8",8,34007,34007,256x256,256x256,True,kept,True,,
high_quality_architectural_5793_Floor-1.npz,high_quality_architectural/5793/Floor-1,4,"0,3,4,5,7,8",6,12671,12671,256x256,256x256,True,kept,True,,
high_quality_architectural_5793_Floor-2.npz,high_quality_architectural/5793/Floor-2,3,"0,1,2,4,5,6,8",7,16232,16232,256x256,256x256,True,kept,True,,
high_quality_architectural_5805_Floor-1.npz,high_quality_architectural/5805/Floor-1,5,"0,1,2,3,4,7,8",7,29447,29447,256x256,256x256,True,kept,True,,
high_quality_architectural_5806_Floor-1.npz,high_quality_architectural/5806/Floor-1,0,"0,8",2,2682,2682,256x256,256x256,False,room_count_below_min,False,,
high_quality_architectural_5806_Floor-2.npz,high_quality_architectural/5806/Floor-2,0,"0,8",2,3624,3624,256x256,256x256,False,room_count_below_min,False,,
high_quality_architectural_5808_Floor-1.npz,high_quality_architectural/5808/Floor-1,8,"0,1,2,3,4,5,6,7,8",9,32294,32294,256x256,256x256,True,kept,True,,
high_quality_architectural_5810_Floor-1.npz,high_quality_architectural/5810/Floor-1,2,"0,1,2,7,8",5,29089,29089,256x256,256x256,False,room_count_below_min,False,,
high_quality_architectural_5814_Floor-1.npz,high_quality_architectural/5814/Floor-1,7,"0,2,4,7,8",5,30559,30559,256x256,256x256,True,kept,True,,
high_quality_architectural_5820_Floor-1.npz,high_quality_architectural/5820/Floor-1,6,"0,1,2,4,5,7,8",7,8912,8912,256x256,256x256,True,kept,True,,
high_quality_architectural_5820_Floor-2.npz,high_quality_architectural/5820/Floor-2,8,"0,3,4,5,7,8",6,9835,9835,256x256,256x256,True,kept,True,,
high_quality_architectural_5821_Floor-1.npz,high_quality_architectural/5821/Floor-1,5,"0,2,3,5,7,8",6,26124,26124,256x256,256x256,True,kept,True,,
high_quality_architectural_5825_Floor-1.npz,high_quality_architectural/5825/Floor-1,4,"0,1,2,4,5,8",6,16908,16908,256x256,256x256,True,kept,True,,
high_quality_architectural_5825_Floor-2.npz,high_quality_architectural/5825/Floor-2,2,"0,2,7,8",4,15778,15778,256x256,256x256,False,room_count_below_min,False,,
high_quality_architectural_5827_Floor-1.npz,high_quality_architectural/5827/Floor-1,5,"0,1,2,3,5,8",6,43111,43111,256x256,256x256,True,kept,True,,
high_quality_architectural_5830_Floor-1.npz,high_quality_architectural/5830/Floor-1,5,"0,1,2,4,5,7,8",7,16039,16039,256x256,256x256,True,kept,True,,
high_quality_architectural_5830_Floor-2.npz,high_quality_architectural/5830/Floor-2,6,"0,3,4,5,8",5,12346,12346,256x256,256x256,True,kept,True,,
high_quality_architectural_5846_Floor-1.npz,high_quality_architectural/5846/Floor-1,9,"0,2,3,4,5,7,8",7,22157,22157,256x256,256x256,True,kept,True,,
high_quality_architectural_5856_Floor-1.npz,high_quality_architectural/5856/Floor-1,5,"0,1,2,3,4,5,8",7,46911,46911,256x256,256x256,True,kept,True,,
high_quality_architectural_5859_Floor-1.npz,high_quality_architectural/5859/Floor-1,4,"0,4,7,8",4,4778,4778,256x256,256x256,True,kept,True,,
high_quality_architectural_5859_Floor-2.npz,high_quality_architectural/5859/Floor-2,3,"0,1,3,5,6,8",6,7617,7617,256x256,256x256,True,kept,True,,
high_quality_architectural_5859_Floor-3.npz,high_quality_architectural/5859/Floor-3,3,"0,2,3,4,8",5,5302,5302,256x256,256x256,True,kept,True,,
high_quality_architectural_585_Floor-1.npz,high_quality_architectural/585/Floor-1,5,"0,1,2,3,4,5,7,8",8,26138,26138,256x256,256x256,True,kept,True,,
high_quality_architectural_5861_Floor-1.npz,high_quality_architectural/5861/Floor-1,4,"0,2,3,4,7,8",6,14329,14329,256x256,256x256,True,kept,True,,
high_quality_architectural_5872_Floor-1.npz,high_quality_architectural/5872/Floor-1,5,"0,2,3,4,5,8",6,30147,30147,256x256,256x256,True,kept,True,,
high_quality_architectural_5873_Floor-1.npz,high_quality_architectural/5873/Floor-1,2,"0,2,3,4,8",5,19018,19018,256x256,256x256,False,room_count_below_min,False,,
high_quality_architectural_5873_Floor-2.npz,high_quality_architectural/5873/Floor-2,1,"0,3,5,8",4,20398,20398,256x256,256x256,False,room_count_below_min,False,,
high_quality_architectural_5875_Floor-1.npz,high_quality_architectural/5875/Floor-1,5,"0,1,2,3,4,8",6,29695,29695,256x256,256x256,True,kept,True,,
high_quality_architectural_5881_Floor-1.npz,high_quality_architectural/5881/Floor-1,15,"0,1,2,3,4,5,7,8",8,40437,40437,256x256,256x256,True,kept,True,,
high_quality_architectural_5884_Floor-1.npz,high_quality_architectural/5884/Floor-1,0,"0,8",2,4637,4637,256x256,256x256,False,room_count_below_min,False,,
high_quality_architectural_5884_Floor-2.npz,high_quality_architectural/5884/Floor-2,1,"0,7,8",3,4946,4946,256x256,256x256,False,room_count_below_min,False,,
high_quality_architectural_5885_Floor-1.npz,high_quality_architectural/5885/Floor-1,5,"0,1,2,4,5,7,8",7,39984,39984,256x256,256x256,True,kept,True,,
high_quality_architectural_5886_Floor-1.npz,high_quality_architectural/5886/Floor-1,11,"0,1,2,3,4,5,7,8",8,26357,26357,256x256,256x256,True,kept,True,,
high_quality_architectural_5887_Floor-1.npz,high_quality_architectural/5887/Floor-1,8,"0,1,2,3,4,5,7,8",8,26344,26344,256x256,256x256,True,kept,True,,
high_quality_architectural_58_Floor-1.npz,high_quality_architectural/58/Floor-1,2,"0,2,4,5,8",5,27672,27672,256x256,256x256,False,room_count_below_min,False,,
high_quality_architectural_5901_Floor-1.npz,high_quality_architectural/5901/Floor-1,4,"0,3,4,5,7,8",6,14928,14928,256x256,256x256,True,kept,True,,
high_quality_architectural_5903_Floor-1.npz,high_quality_architectural/5903/Floor-1,0,"0,8",2,6160,6160,256x256,256x256,False,room_count_below_min,False,,
high_quality_architectural_5905_Floor-1.npz,high_quality_architectural/5905/Floor-1,11,"0,2,3,4,5,7,8",7,33965,33965,256x256,256x256,True,kept,True,,
high_quality_architectural_5906_Floor-1.npz,high_quality_architectural/5906/Floor-1,6,"0,1,2,4,5,6,7,8",8,13896,13896,256x256,256x256,True,kept,True,,
high_quality_architectural_5906_Floor-2.npz,high_quality_architectural/5906/Floor-2,7,"0,3,4,5,7,8",6,12416,12416,256x256,256x256,True,kept,True,,
high_quality_architectural_590_Floor-1.npz,high_quality_architectural/590/Floor-1,5,"0,1,2,3,4,5,8",7,34518,34518,256x256,256x256,True,kept,True,,
high_quality_architectural_5911_Floor-1.npz,high_quality_architectural/5911/Floor-1,11,"0,1,3,4,5,6,7,8",8,27734,27734,256x256,256x256,True,kept,True,,
high_quality_architectural_5915_Floor-1.npz,high_quality_architectural/5915/Floor-1,9,"0,1,2,3,4,5,7,8",8,18742,18742,256x256,256x256,True,kept,True,,
high_quality_architectural_5915_Floor-2.npz,high_quality_architectural/5915/Floor-2,2,"0,4,7,8",4,2091,2091,256x256,256x256,False,room_count_below_min,False,,
high_quality_architectural_591_Floor-1.npz,high_quality_architectural/591/Floor-1,7,"0,2,3,4,5,7,8",7,23615,23615,256x256,256x256,True,kept,True,,
high_quality_architectural_5920_Floor-1.npz,high_quality_architectural/5920/Floor-1,5,"0,1,2,3,4,5,8",7,36979,36979,256x256,256x256,True,kept,True,,
high_quality_architectural_5921_Floor-1.npz,high_quality_architectural/5921/Floor-1,4,"0,2,4,5,7,8",6,14190,14190,256x256,256x256,True,kept,True,,
high_quality_architectural_5921_Floor-2.npz,high_quality_architectural/5921/Floor-2,4,"0,2,4,7,8",5,10124,10124,256x256,256x256,True,kept,True,,
high_quality_architectural_5923_Floor-1.npz,high_quality_architectural/5923/Floor-1,1,"0,7,8",3,4322,4322,256x256,256x256,False,room_count_below_min,False,,
high_quality_architectural_5924_Floor-1.npz,high_quality_architectural/5924/Floor-1,4,"0,1,2,3,7,8",6,23787,23787,256x256,256x256,True,kept,True,,
high_quality_architectural_5926_Floor-1.npz,high_quality_architectural/5926/Floor-1,0,"0,8",2,3376,3376,256x256,256x256,False,room_count_below_min,False,,
high_quality_architectural_5926_Floor-2.npz,high_quality_architectural/5926/Floor-2,0,"0,8",2,1725,1725,256x256,256x256,False,room_count_below_min,False,,
high_quality_architectural_5926_Floor-3.npz,high_quality_architectural/5926/Floor-3,0,"0,8",2,3012,3012,256x256,256x256,False,room_count_below_min,False,,
high_quality_architectural_5927_Floor-1.npz,high_quality_architectural/5927/Floor-1,12,"0,1,2,4,5,6,7,8",8,38032,38032,256x256,256x256,True,kept,True,,
high_quality_architectural_5934_Floor-1.npz,high_quality_architectural/5934/Floor-1,5,"0,1,2,3,4,5,8",7,24886,24886,256x256,256x256,True,kept,True,,
high_quality_architectural_5940_Floor-1.npz,high_quality_architectural/5940/Floor-1,6,"0,1,2,3,4,5,6,7,8",9,34579,34579,256x256,256x256,True,kept,True,,
high_quality_architectural_5942_Floor-1.npz,high_quality_architectural/5942/Floor-1,11,"0,2,3,4,5,7,8",7,14409,14409,256x256,256x256,True,kept,True,,
high_quality_architectural_5942_Floor-2.npz,high_quality_architectural/5942/Floor-2,5,"0,1,2,3,4,5,6,8",8,15488,15488,256x256,256x256,True,kept,True,,
high_quality_architectural_5946_Floor-1.npz,high_quality_architectural/5946/Floor-1,6,"0,1,2,3,4,7,8",7,24346,24346,256x256,256x256,True,kept,True,,
high_quality_architectural_594_Floor-1.npz,high_quality_architectural/594/Floor-1,13,"0,1,2,3,4,5,6,7,8",9,27397,27397,256x256,256x256,True,kept,True,,
high_quality_architectural_5956_Floor-1.npz,high_quality_architectural/5956/Floor-1,5,"0,1,2,4,5,8",6,8872,8872,256x256,256x256,True,kept,True,,
high_quality_architectural_5956_Floor-2.npz,high_quality_architectural/5956/Floor-2,5,"0,3,4,5,8",5,12065,12065,256x256,256x256,True,kept,True,,
high_quality_architectural_5957_Floor-1.npz,high_quality_architectural/5957/Floor-1,13,"0,1,2,3,4,5,6,7,8",9,23021,23021,256x256,256x256,True,kept,True,,
high_quality_architectural_5958_Floor-1.npz,high_quality_architectural/5958/Floor-1,10,"0,1,3,4,5,7,8",7,10560,10560,256x256,256x256,True,kept,True,,
high_quality_architectural_5958_Floor-2.npz,high_quality_architectural/5958/Floor-2,4,"0,3,4,5,8",5,7373,7373,256x256,256x256,True,kept,True,,
high_quality_architectural_5961_Floor-1.npz,high_quality_architectural/5961/Floor-1,9,"0,1,2,3,4,5,7,8",8,37367,37367,256x256,256x256,True,kept,True,,
high_quality_architectural_5965_Floor-1.npz,high_quality_architectural/5965/Floor-1,15,"0,1,2,3,4,5,6,7,8",9,14513,14513,256x256,256x256,True,kept,True,,
high_quality_architectural_5965_Floor-2.npz,high_quality_architectural/5965/Floor-2,4,"0,5,7,8",4,7894,7894,256x256,256x256,True,kept,True,,
high_quality_architectural_5966_Floor-1.npz,high_quality_architectural/5966/Floor-1,3,"0,1,2,3,4,5,8",7,16847,16847,256x256,256x256,True,kept,True,,
high_quality_architectural_5966_Floor-2.npz,high_quality_architectural/5966/Floor-2,3,"0,3,4,5,7,8",6,15743,15743,256x256,256x256,True,kept,True,,
high_quality_architectural_596_Floor-1.npz,high_quality_architectural/596/Floor-1,12,"0,1,2,3,4,5,6,7,8",9,35645,35645,256x256,256x256,True,kept,True,,
high_quality_architectural_5971_Floor-1.npz,high_quality_architectural/5971/Floor-1,4,"0,1,2,3,4,5,8",7,15643,15643,256x256,256x256,True,kept,True,,
high_quality_architectural_5971_Floor-2.npz,high_quality_architectural/5971/Floor-2,3,"0,3,7,8",4,9266,9266,256x256,256x256,True,kept,True,,
high_quality_architectural_5974_Floor-1.npz,high_quality_architectural/5974/Floor-1,10,"0,1,2,3,4,5,7,8",8,38287,38287,256x256,256x256,True,kept,True,,
high_quality_architectural_5981_Floor-1.npz,high_quality_architectural/5981/Floor-1,9,"0,1,2,3,4,5,7,8",8,15043,15043,256x256,256x256,True,kept,True,,
high_quality_architectural_5981_Floor-2.npz,high_quality_architectural/5981/Floor-2,3,"0,3,4,5,8",5,9580,9580,256x256,256x256,True,kept,True,,
high_quality_architectural_5983_Floor-1.npz,high_quality_architectural/5983/Floor-1,11,"0,1,2,4,5,7,8",7,26628,26628,256x256,256x256,True,kept,True,,
high_quality_architectural_5988_Floor-1.npz,high_quality_architectural/5988/Floor-1,4,"0,1,2,3,4,5,8",7,12280,12280,256x256,256x256,True,kept,True,,
high_quality_architectural_5988_Floor-2.npz,high_quality_architectural/5988/Floor-2,2,"0,7,8",3,9791,9791,256x256,256x256,False,room_count_below_min,False,,
high_quality_architectural_5991_Floor-1.npz,high_quality_architectural/5991/Floor-1,6,"0,1,2,3,4,7,8",7,23802,23802,256x256,256x256,True,kept,True,,
high_quality_architectural_5995_Floor-1.npz,high_quality_architectural/5995/Floor-1,9,"0,1,2,3,4,5,6,7,8",9,30101,30101,256x256,256x256,True,kept,True,,
high_quality_architectural_5995_Floor-2.npz,high_quality_architectural/5995/Floor-2,3,"0,3,4,8",4,8701,8701,256x256,256x256,True,kept,True,,
high_quality_architectural_5996_Floor-1.npz,high_quality_architectural/5996/Floor-1,5,"0,1,2,3,4,5,8",7,44162,44162,256x256,256x256,True,kept,True,,
high_quality_architectural_59_Floor-1.npz,high_quality_architectural/59/Floor-1,16,"0,1,2,3,4,5,7,8",8,31090,31090,256x256,256x256,True,kept,True,,
high_quality_architectural_6001_Floor-1.npz,high_quality_architectural/6001/Floor-1,5,"0,1,3,4,6,7,8",7,25082,25082,256x256,256x256,True,kept,True,,
high_quality_architectural_6003_Floor-1.npz,high_quality_architectural/6003/Floor-1,5,"0,3,4,5,7,8",6,19102,19102,256x256,256x256,True,kept,True,,
high_quality_architectural_6004_Floor-1.npz,high_quality_architectural/6004/Floor-1,5,"0,1,2,3,4,5,7,8",8,34672,34672,256x256,256x256,True,kept,True,,
high_quality_architectural_6006_Floor-1.npz,high_quality_architectural/6006/Floor-1,2,"0,1,2,3,5,8",6,28683,28683,256x256,256x256,False,room_count_below_min,False,,
high_quality_architectural_6007_Floor-1.npz,high_quality_architectural/6007/Floor-1,7,"0,1,2,4,5,8",6,22071,22071,256x256,256x256,True,kept,True,,
high_quality_architectural_6007_Floor-2.npz,high_quality_architectural/6007/Floor-2,6,"0,2,4,7,8",5,15732,15732,256x256,256x256,True,kept,True,,
high_quality_architectural_600_Floor-1.npz,high_quality_architectural/600/Floor-1,3,"0,4,7,8",4,26984,26984,256x256,256x256,True,kept,True,,
high_quality_architectural_6012_Floor-1.npz,high_quality_architectural/6012/Floor-1,12,"0,1,2,4,5,6,7,8",8,38227,38227,256x256,256x256,True,kept,True,,
high_quality_architectural_6013_Floor-1.npz,high_quality_architectural/6013/Floor-1,8,"0,1,2,3,4,5,7,8",8,38899,38899,256x256,256x256,True,kept,True,,
high_quality_architectural_6017_Floor-1.npz,high_quality_architectural/6017/Floor-1,7,"0,1,2,3,4,5,7,8",8,30715,30715,256x256,256x256,True,kept,True,,
high_quality_architectural_601_Floor-1.npz,high_quality_architectural/601/Floor-1,6,"0,1,2,3,4,5,6,7,8",9,18669,18669,256x256,256x256,True,kept,True,,
high_quality_architectural_601_Floor-2.npz,high_quality_architectural/601/Floor-2,5,"0,3,4,5,8",5,11323,11323,256x256,256x256,True,kept,True,,
high_quality_architectural_6022_Floor-1.npz,high_quality_architectural/6022/Floor-1,4,"0,2,4,7,8",5,15165,15165,256x256,256x256,True,kept,True,,
high_quality_architectural_6022_Floor-2.npz,high_quality_architectural/6022/Floor-2,6,"0,1,2,4,5,7,8",7,17799,17799,256x256,256x256,True,kept,True,,
high_quality_architectural_6023_Floor-1.npz,high_quality_architectural/6023/Floor-1,11,"0,1,2,3,4,5,7,8",8,29972,29972,256x256,256x256,True,kept,True,,
high_quality_architectural_602_Floor-1.npz,high_quality_architectural/602/Floor-1,7,"0,2,3,4,5,7,8",7,24171,24171,256x256,256x256,True,kept,True,,
high_quality_architectural_6030_Floor-1.npz,high_quality_architectural/6030/Floor-1,6,"0,2,3,4,5,7,8",7,29813,29813,256x256,256x256,True,kept,True,,
high_quality_architectural_6033_Floor-1.npz,high_quality_architectural/6033/Floor-1,3,"0,1,2,4,5,7,8",7,11856,11856,256x256,256x256,True,kept,True,,
high_quality_architectural_6033_Floor-2.npz,high_quality_architectural/6033/Floor-2,7,"0,3,4,5,7,8",6,9882,9882,256x256,256x256,True,kept,True,,
high_quality_architectural_6036_Floor-1.npz,high_quality_architectural/6036/Floor-1,7,"0,1,2,3,4,6,7,8",8,39804,39804,256x256,256x256,True,kept,True,,
high_quality_architectural_6037_Floor-1.npz,high_quality_architectural/6037/Floor-1,9,"0,2,3,4,5,6,7,8",8,45889,45889,256x256,256x256,True,kept,True,,
high_quality_architectural_6038_Floor-1.npz,high_quality_architectural/6038/Floor-1,5,"0,2,4,7,8",5,7930,7930,256x256,256x256,True,kept,True,,
high_quality_architectural_6038_Floor-2.npz,high_quality_architectural/6038/Floor-2,7,"0,1,2,3,5,6,7,8",8,16665,16665,256x256,256x256,True,kept,True,,
high_quality_architectural_6041_Floor-1.npz,high_quality_architectural/6041/Floor-1,5,"0,1,2,3,4,5,6,7,8",9,38060,38060,256x256,256x256,True,kept,True,,
high_quality_architectural_6042_Floor-1.npz,high_quality_architectural/6042/Floor-1,8,"0,1,2,3,4,5,7,8",8,46341,46341,256x256,256x256,True,kept,True,,
high_quality_architectural_6043_Floor-1.npz,high_quality_architectural/6043/Floor-1,3,"0,1,2,7,8",5,18203,18203,256x256,256x256,True,kept,True,,
high_quality_architectural_6043_Floor-2.npz,high_quality_architectural/6043/Floor-2,1,"0,3,8",3,10187,10187,256x256,256x256,False,room_count_below_min,False,,
high_quality_architectural_6044_Floor-1.npz,high_quality_architectural/6044/Floor-1,5,"0,1,2,3,4,5,7,8",8,14177,14177,256x256,256x256,True,kept,True,,
high_quality_architectural_6045_Floor-1.npz,high_quality_architectural/6045/Floor-1,8,"0,1,2,3,4,5,7,8",8,44218,44218,256x256,256x256,True,kept,True,,
high_quality_architectural_6047_Floor-1.npz,high_quality_architectural/6047/Floor-1,4,"0,1,2,3,4,5,8",7,32536,32536,256x256,256x256,True,kept,True,,
high_quality_architectural_6048_Floor-1.npz,high_quality_architectural/6048/Floor-1,12,"0,2,4,5,7,8",6,8478,8478,256x256,256x256,True,kept,True,,
high_quality_architectural_6048_Floor-2.npz,high_quality_architectural/6048/Floor-2,10,"0,1,2,3,4,5,7,8",8,9722,9722,256x256,256x256,True,kept,True,,
high_quality_architectural_6048_Floor-3.npz,high_quality_architectural/6048/Floor-3,4,"0,3,4,8",4,4931,4931,256x256,256x256,True,kept,True,,
high_quality_architectural_6051_Floor-1.npz,high_quality_architectural/6051/Floor-1,3,"0,2,4,7,8",5,25797,25797,256x256,256x256,True,kept,True,,
high_quality_architectural_6053_Floor-1.npz,high_quality_architectural/6053/Floor-1,5,"0,1,2,3,4,5,7,8",8,41137,41137,256x256,256x256,True,kept,True,,
high_quality_architectural_6059_Floor-1.npz,high_quality_architectural/6059/Floor-1,4,"0,1,2,4,5,8",6,29417,29417,256x256,256x256,True,kept,True,,
high_quality_architectural_6062_Floor-1.npz,high_quality_architectural/6062/Floor-1,9,"0,2,3,4,5,7,8",7,15660,15660,256x256,256x256,True,kept,True,,
high_quality_architectural_6062_Floor-2.npz,high_quality_architectural/6062/Floor-2,2,"0,3,5,8",4,9234,9234,256x256,256x256,False,room_count_below_min,False,,
high_quality_architectural_6064_Floor-1.npz,high_quality_architectural/6064/Floor-1,6,"0,1,3,4,5,7,8",7,26654,26654,256x256,256x256,True,kept,True,,
high_quality_architectural_6066_Floor-1.npz,high_quality_architectural/6066/Floor-1,13,"0,1,2,3,4,5,7,8",8,31130,31130,256x256,256x256,True,kept,True,,
high_quality_architectural_6068_Floor-1.npz,high_quality_architectural/6068/Floor-1,4,"0,1,2,3,4,5,8",7,16127,16127,256x256,256x256,True,kept,True,,
high_quality_architectural_6068_Floor-2.npz,high_quality_architectural/6068/Floor-2,3,"0,3,4,7,8",5,10411,10411,256x256,256x256,True,kept,True,,
high_quality_architectural_6072_Floor-1.npz,high_quality_architectural/6072/Floor-1,4,"0,1,2,4,8",5,26803,26803,256x256,256x256,True,kept,True,,
high_quality_architectural_6074_Floor-1.npz,high_quality_architectural/6074/Floor-1,3,"0,1,2,3,4,5,8",7,26797,26797,256x256,256x256,True,kept,True,,
high_quality_architectural_6075_Floor-1.npz,high_quality_architectural/6075/Floor-1,4,"0,2,3,5,8",5,10895,10895,256x256,256x256,True,kept,True,,
high_quality_architectural_6075_Floor-2.npz,high_quality_architectural/6075/Floor-2,0,"0,8",2,1879,1879,256x256,256x256,False,room_count_below_min,False,,
high_quality_architectural_6076_Floor-1.npz,high_quality_architectural/6076/Floor-1,9,"0,1,2,3,4,5,7,8",8,26640,26640,256x256,256x256,True,kept,True,,
high_quality_architectural_6081_Floor-1.npz,high_quality_architectural/6081/Floor-1,2,"0,2,7,8",4,8734,8734,256x256,256x256,False,room_count_below_min,False,,
high_quality_architectural_6081_Floor-2.npz,high_quality_architectural/6081/Floor-2,10,"0,1,2,4,5,6,8",7,20885,20885,256x256,256x256,True,kept,True,,
high_quality_architectural_6083_Floor-1.npz,high_quality_architectural/6083/Floor-1,0,"0,8",2,8171,8171,256x256,256x256,False,room_count_below_min,False,,
high_quality_architectural_6085_Floor-1.npz,high_quality_architectural/6085/Floor-1,14,"0,2,3,4,5,7,8",7,29190,29190,256x256,256x256,True,kept,True,,
high_quality_architectural_6094_Floor-1.npz,high_quality_architectural/6094/Floor-1,3,"0,3,8",3,24277,24277,256x256,256x256,True,kept,True,,
high_quality_architectural_6100_Floor-1.npz,high_quality_architectural/6100/Floor-1,12,"0,1,2,4,5,6,7,8",8,9557,9557,256x256,256x256,True,kept,True,,
high_quality_architectural_6100_Floor-2.npz,high_quality_architectural/6100/Floor-2,1,"0,5,8",3,2405,2405,256x256,256x256,False,room_count_below_min,False,,
high_quality_architectural_6110_Floor-1.npz,high_quality_architectural/6110/Floor-1,14,"0,1,2,3,4,5,6,7,8",9,23533,23533,256x256,256x256,True,kept,True,,
high_quality_architectural_6110_Floor-2.npz,high_quality_architectural/6110/Floor-2,4,"0,3,4,7,8",5,6467,6467,256x256,256x256,True,kept,True,,
high_quality_architectural_6120_Floor-1.npz,high_quality_architectural/6120/Floor-1,9,"0,3,4,5,7,8",6,15469,15469,256x256,256x256,True,kept,True,,
high_quality_architectural_6120_Floor-2.npz,high_quality_architectural/6120/Floor-2,8,"0,1,2,3,4,5,6,7,8",9,20701,20701,256x256,256x256,True,kept,True,,
high_quality_architectural_6121_Floor-1.npz,high_quality_architectural/6121/Floor-1,6,"0,1,2,3,8",5,33334,33334,256x256,256x256,True,kept,True,,
high_quality_architectural_6122_Floor-1.npz,high_quality_architectural/6122/Floor-1,5,"0,2,7,8",4,5676,5676,256x256,256x256,True,kept,True,,
high_quality_architectural_6122_Floor-2.npz,high_quality_architectural/6122/Floor-2,5,"0,1,2,3,5,6,7,8",8,5424,5424,256x256,256x256,True,kept,True,,
high_quality_architectural_6122_Floor-3.npz,high_quality_architectural/6122/Floor-3,9,"0,2,3,4,5,7,8",7,3620,3620,256x256,256x256,True,kept,True,,
high_quality_architectural_6123_Floor-1.npz,high_quality_architectural/6123/Floor-1,7,"0,1,2,3,4,5,7,8",8,18786,18786,256x256,256x256,True,kept,True,,
high_quality_architectural_6123_Floor-2.npz,high_quality_architectural/6123/Floor-2,4,"0,3,4,7,8",5,11247,11247,256x256,256x256,True,kept,True,,
high_quality_architectural_6126_Floor-1.npz,high_quality_architectural/6126/Floor-1,6,"0,2,4,5,6,7,8",7,13307,13307,256x256,256x256,True,kept,True,,
high_quality_architectural_6126_Floor-2.npz,high_quality_architectural/6126/Floor-2,7,"0,3,4,5,8",5,11273,11273,256x256,256x256,True,kept,True,,
high_quality_architectural_6135_Floor-1.npz,high_quality_architectural/6135/Floor-1,12,"0,1,2,3,4,5,7,8",8,36284,36284,256x256,256x256,True,kept,True,,
high_quality_architectural_6136_Floor-1.npz,high_quality_architectural/6136/Floor-1,13,"0,1,2,3,4,5,7,8",8,31006,31006,256x256,256x256,True,kept,True,,
high_quality_architectural_6142_Floor-1.npz,high_quality_architectural/6142/Floor-1,3,"0,1,2,4,5,8",6,19403,19403,256x256,256x256,True,kept,True,,
high_quality_architectural_6143_Floor-1.npz,high_quality_architectural/6143/Floor-1,7,"0,1,2,4,5,7,8",7,12146,12146,256x256,256x256,True,kept,True,,
high_quality_architectural_6143_Floor-2.npz,high_quality_architectural/6143/Floor-2,1,"0,4,8",3,1318,1318,256x256,256x256,False,room_count_below_min,False,,
high_quality_architectural_6144_Floor-1.npz,high_quality_architectural/6144/Floor-1,7,"0,1,2,3,4,5,8",7,37459,37459,256x256,256x256,True,kept,True,,
high_quality_architectural_6149_Floor-1.npz,high_quality_architectural/6149/Floor-1,1,"0,1,2,5,7,8",6,26125,26125,256x256,256x256,False,room_count_below_min,False,,
high_quality_architectural_6151_Floor-1.npz,high_quality_architectural/6151/Floor-1,8,"0,1,3,4,5,7,8",7,21133,21133,256x256,256x256,True,kept,True,,
high_quality_architectural_6152_Floor-1.npz,high_quality_architectural/6152/Floor-1,3,"0,1,2,5,7,8",6,12201,12201,256x256,256x256,True,kept,True,,
high_quality_architectural_6152_Floor-2.npz,high_quality_architectural/6152/Floor-2,4,"0,2,7,8",4,6682,6682,256x256,256x256,True,kept,True,,
high_quality_architectural_6159_Floor-1.npz,high_quality_architectural/6159/Floor-1,6,"0,2,5,7,8",5,20613,20613,256x256,256x256,True,kept,True,,
high_quality_architectural_6159_Floor-2.npz,high_quality_architectural/6159/Floor-2,6,"0,1,2,3,4,5,8",7,17085,17085,256x256,256x256,True,kept,True,,
high_quality_architectural_6160_Floor-1.npz,high_quality_architectural/6160/Floor-1,6,"0,1,2,3,4,7,8",7,27114,27114,256x256,256x256,True,kept,True,,
high_quality_architectural_6162_Floor-1.npz,high_quality_architectural/6162/Floor-1,11,"0,1,2,3,4,5,7,8",8,31258,31258,256x256,256x256,True,kept,True,,
high_quality_architectural_6165_Floor-1.npz,high_quality_architectural/6165/Floor-1,3,"0,1,3,8",4,8233,8233,256x256,256x256,True,kept,True,,
high_quality_architectural_6166_Floor-1.npz,high_quality_architectural/6166/Floor-1,7,"0,1,2,3,4,5,7,8",8,24897,24897,256x256,256x256,True,kept,True,,
high_quality_architectural_616_Floor-1.npz,high_quality_architectural/616/Floor-1,6,"0,1,3,5,6,7,8",7,21622,21622,256x256,256x256,True,kept,True,,
high_quality_architectural_6172_Floor-1.npz,high_quality_architectural/6172/Floor-1,7,"0,2,3,4,5,6,7,8",8,34252,34252,256x256,256x256,True,kept,True,,
high_quality_architectural_617_Floor-1.npz,high_quality_architectural/617/Floor-1,6,"0,1,3,4,5,7,8",7,21330,21330,256x256,256x256,True,kept,True,,
high_quality_architectural_6183_Floor-1.npz,high_quality_architectural/6183/Floor-1,7,"0,1,2,3,4,5,7,8",8,36648,36648,256x256,256x256,True,kept,True,,
high_quality_architectural_6184_Floor-1.npz,high_quality_architectural/6184/Floor-1,4,"0,2,3,4,7,8",6,9717,9717,256x256,256x256,True,kept,True,,
high_quality_architectural_6184_Floor-2.npz,high_quality_architectural/6184/Floor-2,7,"0,1,2,3,4,5,7,8",8,15719,15719,256x256,256x256,True,kept,True,,
high_quality_architectural_6186_Floor-1.npz,high_quality_architectural/6186/Floor-1,6,"0,2,3,4,5,7,8",7,26751,26751,256x256,256x256,True,kept,True,,
high_quality_architectural_6187_Floor-1.npz,high_quality_architectural/6187/Floor-1,1,"0,1,2,5,8",5,26604,26604,256x256,256x256,False,room_count_below_min,False,,
high_quality_architectural_6191_Floor-1.npz,high_quality_architectural/6191/Floor-1,6,"0,2,3,4,5,7,8",7,26968,26968,256x256,256x256,True,kept,True,,
high_quality_architectural_6207_Floor-1.npz,high_quality_architectural/6207/Floor-1,6,"0,1,3,4,5,8",6,29862,29862,256x256,256x256,True,kept,True,,
high_quality_architectural_6208_Floor-1.npz,high_quality_architectural/6208/Floor-1,7,"0,2,3,4,5,7,8",7,35836,35836,256x256,256x256,True,kept,True,,
high_quality_architectural_6209_Floor-1.npz,high_quality_architectural/6209/Floor-1,1,"0,7,8",3,8576,8576,256x256,256x256,False,room_count_below_min,False,,
high_quality_architectural_6209_Floor-2.npz,high_quality_architectural/6209/Floor-2,10,"0,1,2,3,4,5,6,7,8",9,16033,16033,256x256,256x256,True,kept,True,,
high_quality_architectural_6212_Floor-1.npz,high_quality_architectural/6212/Floor-1,0,"0,8",2,4808,4808,256x256,256x256,False,room_count_below_min,False,,
high_quality_architectural_621_Floor-1.npz,high_quality_architectural/621/Floor-1,5,"0,1,2,3,4,5,8",7,41349,41349,256x256,256x256,True,kept,True,,
high_quality_architectural_6220_Floor-1.npz,high_quality_architectural/6220/Floor-1,5,"0,1,2,3,4,7,8",7,39544,39544,256x256,256x256,True,kept,True,,
high_quality_architectural_6225_Floor-1.npz,high_quality_architectural/6225/Floor-1,7,"0,1,2,3,4,5,6,7,8",9,16102,16102,256x256,256x256,True,kept,True,,
high_quality_architectural_6225_Floor-2.npz,high_quality_architectural/6225/Floor-2,5,"0,3,4,5,7,8",6,13052,13052,256x256,256x256,True,kept,True,,
high_quality_architectural_6228_Floor-1.npz,high_quality_architectural/6228/Floor-1,12,"0,1,2,3,4,5,7,8",8,23169,23169,256x256,256x256,True,kept,True,,
high_quality_architectural_6228_Floor-2.npz,high_quality_architectural/6228/Floor-2,0,"0,8",2,1166,1166,256x256,256x256,False,room_count_below_min,False,,
high_quality_architectural_6234_Floor-1.npz,high_quality_architectural/6234/Floor-1,4,"0,1,2,3,4,8",6,38648,38648,256x256,256x256,True,kept,True,,
high_quality_architectural_6235_Floor-1.npz,high_quality_architectural/6235/Floor-1,9,"0,1,2,3,4,5,7,8",8,17647,17647,256x256,256x256,True,kept,True,,
high_quality_architectural_6235_Floor-2.npz,high_quality_architectural/6235/Floor-2,4,"0,2,4,5,7,8",6,8872,8872,256x256,256x256,True,kept,True,,
high_quality_architectural_6244_Floor-1.npz,high_quality_architectural/6244/Floor-1,5,"0,1,2,4,5,6,7,8",8,25601,25601,256x256,256x256,True,kept,True,,
high_quality_architectural_6245_Floor-1.npz,high_quality_architectural/6245/Floor-1,7,"0,2,3,4,5,7,8",7,23144,23144,256x256,256x256,True,kept,True,,
high_quality_architectural_6249_Floor-1.npz,high_quality_architectural/6249/Floor-1,12,"0,1,2,3,4,5,6,7,8",9,32609,32609,256x256,256x256,True,kept,True,,
high_quality_architectural_6251_Floor-1.npz,high_quality_architectural/6251/Floor-1,7,"0,2,3,4,5,7,8",7,31836,31836,256x256,256x256,True,kept,True,,
high_quality_architectural_6252_Floor-1.npz,high_quality_architectural/6252/Floor-1,0,"0,8",2,3034,3034,256x256,256x256,False,room_count_below_min,False,,
high_quality_architectural_6252_Floor-2.npz,high_quality_architectural/6252/Floor-2,0,"0,8",2,3871,3871,256x256,256x256,False,room_count_below_min,False,,
high_quality_architectural_6257_Floor-1.npz,high_quality_architectural/6257/Floor-1,3,"0,1,2,3,8",5,24878,24878,256x256,256x256,True,kept,True,,
high_quality_architectural_6259_Floor-1.npz,high_quality_architectural/6259/Floor-1,4,"0,1,2,3,4,5,7,8",8,25409,25409,256x256,256x256,True,kept,True,,
high_quality_architectural_6261_Floor-1.npz,high_quality_architectural/6261/Floor-1,7,"0,1,2,3,4,5,6,7,8",9,25425,25425,256x256,256x256,True,kept,True,,
high_quality_architectural_6261_Floor-2.npz,high_quality_architectural/6261/Floor-2,2,"0,7,8",3,5576,5576,256x256,256x256,False,room_count_below_min,False,,
high_quality_architectural_6262_Floor-1.npz,high_quality_architectural/6262/Floor-1,3,"0,1,2,4,8",5,18220,18220,256x256,256x256,True,kept,True,,
high_quality_architectural_6266_Floor-1.npz,high_quality_architectural/6266/Floor-1,3,"0,1,2,3,4,5,8",7,30292,30292,256x256,256x256,True,kept,True,,
high_quality_architectural_6268_Floor-1.npz,high_quality_architectural/6268/Floor-1,2,"0,1,2,3,8",5,24412,24412,256x256,256x256,False,room_count_below_min,False,,
high_quality_architectural_6269_Floor-1.npz,high_quality_architectural/6269/Floor-1,0,"0,8",2,8807,8807,256x256,256x256,False,room_count_below_min,False,,
high_quality_architectural_6272_Floor-1.npz,high_quality_architectural/6272/Floor-1,5,"0,1,2,3,4,5,8",7,23700,23700,256x256,256x256,True,kept,True,,
high_quality_architectural_6273_Floor-1.npz,high_quality_architectural/6273/Floor-1,9,"0,1,2,3,4,5,7,8",8,30717,30717,256x256,256x256,True,kept,True,,
high_quality_architectural_6274_Floor-1.npz,high_quality_architectural/6274/Floor-1,3,"0,2,3,7,8",5,19657,19657,256x256,256x256,True,kept,True,,
high_quality_architectural_6275_Floor-1.npz,high_quality_architectural/6275/Floor-1,3,"0,7,8",3,9447,9447,256x256,256x256,True,kept,True,,
high_quality_architectural_6275_Floor-2.npz,high_quality_architectural/6275/Floor-2,4,"0,2,3,4,5,8",6,8491,8491,256x256,256x256,True,kept,True,,
high_quality_architectural_6275_Floor-3.npz,high_quality_architectural/6275/Floor-3,5,"0,2,4,7,8",5,9927,9927,256x256,256x256,True,kept,True,,
high_quality_architectural_6276_Floor-1.npz,high_quality_architectural/6276/Floor-1,10,"0,1,2,4,5,6,7,8",8,17598,17598,256x256,256x256,True,kept,True,,
high_quality_architectural_6276_Floor-2.npz,high_quality_architectural/6276/Floor-2,9,"0,2,4,7,8",5,14880,14880,256x256,256x256,True,kept,True,,
high_quality_architectural_6279_Floor-1.npz,high_quality_architectural/6279/Floor-1,6,"0,1,2,3,4,7,8",7,12212,12212,256x256,256x256,True,kept,True,,
high_quality_architectural_6279_Floor-2.npz,high_quality_architectural/6279/Floor-2,4,"0,3,4,8",4,12299,12299,256x256,256x256,True,kept,True,,
high_quality_architectural_627_Floor-1.npz,high_quality_architectural/627/Floor-1,4,"0,1,2,4,7,8",6,36950,36950,256x256,256x256,True,kept,True,,
high_quality_architectural_6280_Floor-1.npz,high_quality_architectural/6280/Floor-1,2,"0,1,2,4,8",5,10582,10582,256x256,256x256,False,room_count_below_min,False,,
high_quality_architectural_6282_Floor-1.npz,high_quality_architectural/6282/Floor-1,5,"0,1,2,3,4,5,8",7,35368,35368,256x256,256x256,True,kept,True,,
high_quality_architectural_6283_Floor-1.npz,high_quality_architectural/6283/Floor-1,4,"0,1,2,3,4,8",6,28781,28781,256x256,256x256,True,kept,True,,
high_quality_architectural_6286_Floor-1.npz,high_quality_architectural/6286/Floor-1,2,"0,1,2,3,8",5,39491,39491,256x256,256x256,False,room_count_below_min,False,,
high_quality_architectural_6289_Floor-1.npz,high_quality_architectural/6289/Floor-1,1,"0,4,8",3,9613,9613,256x256,256x256,False,room_count_below_min,False,,
high_quality_architectural_6290_Floor-1.npz,high_quality_architectural/6290/Floor-1,3,"0,2,3,8",4,16176,16176,256x256,256x256,True,kept,True,,
high_quality_architectural_6293_Floor-1.npz,high_quality_architectural/6293/Floor-1,8,"0,1,2,3,4,5,7,8",8,29946,29946,256x256,256x256,True,kept,True,,
high_quality_architectural_6299_Floor-1.npz,high_quality_architectural/6299/Floor-1,2,"0,4,7,8",4,6833,6833,256x256,256x256,False,room_count_below_min,False,,
high_quality_architectural_6299_Floor-2.npz,high_quality_architectural/6299/Floor-2,9,"0,1,2,3,4,5,6,7,8",9,19191,19191,256x256,256x256,True,kept,True,,
high_quality_architectural_6300_Floor-1.npz,high_quality_architectural/6300/Floor-1,7,"0,1,2,3,4,5,7,8",8,41247,41247,256x256,256x256,True,kept,True,,
high_quality_architectural_6301_Floor-1.npz,high_quality_architectural/6301/Floor-1,4,"0,1,2,3,5,7,8",7,34440,34440,256x256,256x256,True,kept,True,,
high_quality_architectural_6302_Floor-1.npz,high_quality_architectural/6302/Floor-1,2,"0,2,7,8",4,16245,16245,256x256,256x256,False,room_count_below_min,False,,
high_quality_architectural_6302_Floor-2.npz,high_quality_architectural/6302/Floor-2,3,"0,1,2,5,8",5,15582,15582,256x256,256x256,True,kept,True,,
high_quality_architectural_6302_Floor-3.npz,high_quality_architectural/6302/Floor-3,2,"0,3,7,8",4,8867,8867,256x256,256x256,False,room_count_below_min,False,,
high_quality_architectural_6303_Floor-1.npz,high_quality_architectural/6303/Floor-1,3,"0,1,2,8",4,25445,25445,256x256,256x256,True,kept,True,,
high_quality_architectural_6305_Floor-1.npz,high_quality_architectural/6305/Floor-1,1,"0,1,2,3,5,8",6,20421,20421,256x256,256x256,False,room_count_below_min,False,,
high_quality_architectural_6306_Floor-1.npz,high_quality_architectural/6306/Floor-1,5,"0,1,2,4,5,7,8",7,18960,18960,256x256,256x256,True,kept,True,,
high_quality_architectural_6306_Floor-2.npz,high_quality_architectural/6306/Floor-2,5,"0,3,4,8",4,12226,12226,256x256,256x256,True,kept,True,,
high_quality_architectural_6307_Floor-1.npz,high_quality_architectural/6307/Floor-1,4,"0,1,2,4,5,8",6,35154,35154,256x256,256x256,True,kept,True,,
high_quality_architectural_6309_Floor-1.npz,high_quality_architectural/6309/Floor-1,16,"0,1,2,3,4,5,6,7,8",9,44350,44350,256x256,256x256,True,kept,True,,
high_quality_architectural_6313_Floor-1.npz,high_quality_architectural/6313/Floor-1,6,"0,1,2,3,4,5,7,8",8,34780,34780,256x256,256x256,True,kept,True,,
high_quality_architectural_6316_Floor-1.npz,high_quality_architectural/6316/Floor-1,13,"0,1,2,3,4,5,7,8",8,33383,33383,256x256,256x256,True,kept,True,,
high_quality_architectural_6319_Floor-1.npz,high_quality_architectural/6319/Floor-1,3,"0,3,4,8",4,13269,13269,256x256,256x256,True,kept,True,,
high_quality_architectural_6319_Floor-2.npz,high_quality_architectural/6319/Floor-2,3,"0,1,2,3,4,5,8",7,17196,17196,256x256,256x256,True,kept,True,,
high_quality_architectural_6320_Floor-1.npz,high_quality_architectural/6320/Floor-1,4,"0,1,3,4,5,8",6,26480,26480,256x256,256x256,True,kept,True,,
high_quality_architectural_6322_Floor-1.npz,high_quality_architectural/6322/Floor-1,7,"0,1,2,4,5,7,8",7,24669,24669,256x256,256x256,True,kept,True,,
high_quality_architectural_6324_Floor-1.npz,high_quality_architectural/6324/Floor-1,0,"0,8",2,1361,1361,256x256,256x256,False,room_count_below_min,False,,
high_quality_architectural_6332_Floor-1.npz,high_quality_architectural/6332/Floor-1,4,"0,1,2,4,5,7,8",7,47647,47647,256x256,256x256,True,kept,True,,
high_quality_architectural_6334_Floor-1.npz,high_quality_architectural/6334/Floor-1,0,"0,8",2,5402,5402,256x256,256x256,False,room_count_below_min,False,,
high_quality_architectural_6335_Floor-1.npz,high_quality_architectural/6335/Floor-1,5,"0,1,3,4,5,7,8",7,26457,26457,256x256,256x256,True,kept,True,,
high_quality_architectural_6338_Floor-1.npz,high_quality_architectural/6338/Floor-1,7,"0,1,2,3,4,6,7,8",8,23963,23963,256x256,256x256,True,kept,True,,
high_quality_architectural_6339_Floor-1.npz,high_quality_architectural/6339/Floor-1,6,"0,1,3,7,8",5,32015,32015,256x256,256x256,True,kept,True,,
high_quality_architectural_6347_Floor-1.npz,high_quality_architectural/6347/Floor-1,2,"0,1,2,4,5,8",6,44995,44995,256x256,256x256,False,room_count_below_min,False,,
high_quality_architectural_6348_Floor-1.npz,high_quality_architectural/6348/Floor-1,1,"0,1,2,5,7,8",6,40162,40162,256x256,256x256,False,room_count_below_min,False,,
high_quality_architectural_6349_Floor-1.npz,high_quality_architectural/6349/Floor-1,1,"0,1,2,3,5,8",6,36956,36956,256x256,256x256,False,room_count_below_min,False,,
high_quality_architectural_634_Floor-1.npz,high_quality_architectural/634/Floor-1,9,"0,1,2,3,4,5,7,8",8,30057,30057,256x256,256x256,True,kept,True,,
high_quality_architectural_6351_Floor-1.npz,high_quality_architectural/6351/Floor-1,6,"0,1,2,3,4,5,7,8",8,36375,36375,256x256,256x256,True,kept,True,,
high_quality_architectural_6352_Floor-1.npz,high_quality_architectural/6352/Floor-1,3,"0,1,2,3,4,5,8",7,42870,42870,256x256,256x256,True,kept,True,,
high_quality_architectural_6355_Floor-1.npz,high_quality_architectural/6355/Floor-1,9,"0,2,4,5,7,8",6,14414,14414,256x256,256x256,True,kept,True,,
high_quality_architectural_6355_Floor-2.npz,high_quality_architectural/6355/Floor-2,6,"0,1,2,4,5,7,8",7,13896,13896,256x256,256x256,True,kept,True,,
high_quality_architectural_6356_Floor-1.npz,high_quality_architectural/6356/Floor-1,11,"0,2,4,5,7,8",6,18500,18500,256x256,256x256,True,kept,True,,
high_quality_architectural_6356_Floor-2.npz,high_quality_architectural/6356/Floor-2,6,"0,1,2,4,7,8",6,13967,13967,256x256,256x256,True,kept,True,,
high_quality_architectural_6363_Floor-1.npz,high_quality_architectural/6363/Floor-1,18,"0,1,2,3,4,5,7,8",8,37001,37001,256x256,256x256,True,kept,True,,
high_quality_architectural_6368_Floor-1.npz,high_quality_architectural/6368/Floor-1,6,"0,1,2,3,4,5,7,8",8,31798,31798,256x256,256x256,True,kept,True,,
high_quality_architectural_6369_Floor-1.npz,high_quality_architectural/6369/Floor-1,2,"0,1,2,5,8",5,25227,25227,256x256,256x256,False,room_count_below_min,False,,
high_quality_architectural_6376_Floor-1.npz,high_quality_architectural/6376/Floor-1,6,"0,1,2,3,4,5,8",7,15229,15229,256x256,256x256,True,kept,True,,
high_quality_architectural_6376_Floor-2.npz,high_quality_architectural/6376/Floor-2,2,"0,3,4,8",4,7713,7713,256x256,256x256,False,room_count_below_min,False,,
high_quality_architectural_6378_Floor-1.npz,high_quality_architectural/6378/Floor-1,6,"0,1,2,3,4,7,8",7,31431,31431,256x256,256x256,True,kept,True,,
high_quality_architectural_6379_Floor-1.npz,high_quality_architectural/6379/Floor-1,3,"0,1,2,4,5,8",6,28483,28483,256x256,256x256,True,kept,True,,
high_quality_architectural_637_Floor-1.npz,high_quality_architectural/637/Floor-1,6,"0,1,2,3,4,5,8",7,44332,44332,256x256,256x256,True,kept,True,,
high_quality_architectural_6380_Floor-1.npz,high_quality_architectural/6380/Floor-1,1,"0,7,8",3,4114,4114,256x256,256x256,False,room_count_below_min,False,,
high_quality_architectural_6380_Floor-2.npz,high_quality_architectural/6380/Floor-2,4,"0,4,5,7,8",5,4542,4542,256x256,256x256,True,kept,True,,
high_quality_architectural_6380_Floor-3.npz,high_quality_architectural/6380/Floor-3,4,"0,1,2,3,4,7,8",7,4763,4763,256x256,256x256,True,kept,True,,
high_quality_architectural_6380_Floor-4.npz,high_quality_architectural/6380/Floor-4,4,"0,3,4,5,8",5,3059,3059,256x256,256x256,True,kept,True,,
high_quality_architectural_6387_Floor-1.npz,high_quality_architectural/6387/Floor-1,7,"0,1,3,4,5,7,8",7,30535,30535,256x256,256x256,True,kept,True,,
high_quality_architectural_6389_Floor-1.npz,high_quality_architectural/6389/Floor-1,10,"0,2,4,5,7,8",6,21390,21390,256x256,256x256,True,kept,True,,
high_quality_architectural_6389_Floor-2.npz,high_quality_architectural/6389/Floor-2,6,"0,1,2,3,7,8",6,18494,18494,256x256,256x256,True,kept,True,,
high_quality_architectural_638_Floor-1.npz,high_quality_architectural/638/Floor-1,0,"0,8",2,5825,5825,256x256,256x256,False,room_count_below_min,False,,
high_quality_architectural_6393_Floor-1.npz,high_quality_architectural/6393/Floor-1,11,"0,1,2,3,4,5,6,7,8",9,17930,17930,256x256,256x256,True,kept,True,,
high_quality_architectural_6393_Floor-2.npz,high_quality_architectural/6393/Floor-2,7,"0,3,4,5,8",5,11318,11318,256x256,256x256,True,kept,True,,
high_quality_architectural_6394_Floor-1.npz,high_quality_architectural/6394/Floor-1,0,"0,8",2,4766,4766,256x256,256x256,False,room_count_below_min,False,,
high_quality_architectural_6396_Floor-1.npz,high_quality_architectural/6396/Floor-1,5,"0,1,3,5,7,8",6,27716,27716,256x256,256x256,True,kept,True,,
high_quality_architectural_6402_Floor-1.npz,high_quality_architectural/6402/Floor-1,7,"0,1,2,3,4,5,8",7,20487,20487,256x256,256x256,True,kept,True,,
high_quality_architectural_6402_Floor-2.npz,high_quality_architectural/6402/Floor-2,4,"0,2,3,5,8",5,8219,8219,256x256,256x256,True,kept,True,,
high_quality_architectural_6405_Floor-1.npz,high_quality_architectural/6405/Floor-1,5,"0,1,2,3,5,7,8",7,39910,39910,256x256,256x256,True,kept,True,,
high_quality_architectural_6408_Floor-1.npz,high_quality_architectural/6408/Floor-1,7,"0,1,2,4,5,7,8",7,34283,34283,256x256,256x256,True,kept,True,,
high_quality_architectural_6414_Floor-1.npz,high_quality_architectural/6414/Floor-1,1,"0,1,2,5,7,8",6,27970,27970,256x256,256x256,False,room_count_below_min,False,,
high_quality_architectural_6424_Floor-1.npz,high_quality_architectural/6424/Floor-1,5,"0,1,2,3,4,5,7,8",8,38502,38502,256x256,256x256,True,kept,True,,
high_quality_architectural_6427_Floor-1.npz,high_quality_architectural/6427/Floor-1,3,"0,1,2,3,5,7,8",7,31638,31638,256x256,256x256,True,kept,True,,
high_quality_architectural_6428_Floor-1.npz,high_quality_architectural/6428/Floor-1,4,"0,4,5,7,8",5,5602,5602,256x256,256x256,True,kept,True,,
high_quality_architectural_6428_Floor-2.npz,high_quality_architectural/6428/Floor-2,6,"0,1,2,3,4,5,7,8",8,17096,17096,256x256,256x256,True,kept,True,,
high_quality_architectural_642_Floor-1.npz,high_quality_architectural/642/Floor-1,12,"0,1,2,3,4,5,7,8",8,38493,38493,256x256,256x256,True,kept,True,,
high_quality_architectural_6431_Floor-1.npz,high_quality_architectural/6431/Floor-1,8,"0,1,2,3,4,5,7,8",8,27453,27453,256x256,256x256,True,kept,True,,
high_quality_architectural_6437_Floor-1.npz,high_quality_architectural/6437/Floor-1,13,"0,1,2,3,4,5,7,8",8,29301,29301,256x256,256x256,True,kept,True,,
high_quality_architectural_643_Floor-1.npz,high_quality_architectural/643/Floor-1,14,"0,1,2,3,4,5,6,7,8",9,20752,20752,256x256,256x256,True,kept,True,,
high_quality_architectural_6441_Floor-1.npz,high_quality_architectural/6441/Floor-1,5,"0,1,2,3,4,5,6,8",8,40398,40398,256x256,256x256,True,kept,True,,
high_quality_architectural_6442_Floor-1.npz,high_quality_architectural/6442/Floor-1,3,"0,1,2,3,5,8",6,25417,25417,256x256,256x256,True,kept,True,,
high_quality_architectural_6443_Floor-1.npz,high_quality_architectural/6443/Floor-1,0,"0,8",2,7741,7741,256x256,256x256,False,room_count_below_min,False,,
high_quality_architectural_6445_Floor-1.npz,high_quality_architectural/6445/Floor-1,4,"0,1,2,3,4,5,6,8",8,21338,21338,256x256,256x256,True,kept,True,,
high_quality_architectural_6450_Floor-1.npz,high_quality_architectural/6450/Floor-1,2,"0,1,2,4,5,8",6,26842,26842,256x256,256x256,False,room_count_below_min,False,,
high_quality_architectural_6452_Floor-1.npz,high_quality_architectural/6452/Floor-1,2,"0,1,2,5,8",5,32846,32846,256x256,256x256,False,room_count_below_min,False,,
high_quality_architectural_6453_Floor-1.npz,high_quality_architectural/6453/Floor-1,2,"0,1,4,5,8",5,17915,17915,256x256,256x256,False,room_count_below_min,False,,
high_quality_architectural_6454_Floor-1.npz,high_quality_architectural/6454/Floor-1,4,"0,2,5,8",4,22922,22922,256x256,256x256,True,kept,True,,
high_quality_architectural_6456_Floor-1.npz,high_quality_architectural/6456/Floor-1,3,"0,1,3,4,5,6,8",7,32451,32451,256x256,256x256,True,kept,True,,
high_quality_architectural_6457_Floor-1.npz,high_quality_architectural/6457/Floor-1,6,"0,1,2,4,5,6,7,8",8,35567,35567,256x256,256x256,True,kept,True,,
high_quality_architectural_6459_Floor-1.npz,high_quality_architectural/6459/Floor-1,6,"0,2,3,4,5,7,8",7,26698,26698,256x256,256x256,True,kept,True,,
high_quality_architectural_6462_Floor-1.npz,high_quality_architectural/6462/Floor-1,2,"0,2,4,5,7,8",6,28683,28683,256x256,256x256,False,room_count_below_min,False,,
high_quality_architectural_6463_Floor-1.npz,high_quality_architectural/6463/Floor-1,3,"0,1,2,3,4,5,6,8",8,39559,39559,256x256,256x256,True,kept,True,,
high_quality_architectural_6464_Floor-1.npz,high_quality_architectural/6464/Floor-1,2,"0,2,4,5,8",5,47832,47832,256x256,256x256,False,room_count_below_min,False,,
high_quality_architectural_6465_Floor-1.npz,high_quality_architectural/6465/Floor-1,5,"0,1,2,3,4,5,6,7,8",9,54856,54856,256x256,256x256,True,kept,True,,
high_quality_architectural_6467_Floor-1.npz,high_quality_architectural/6467/Floor-1,3,"0,1,2,3,4,5,6,8",8,52690,52690,256x256,256x256,True,kept,True,,
high_quality_architectural_6480_Floor-1.npz,high_quality_architectural/6480/Floor-1,3,"0,1,2,3,5,6,8",7,9854,9854,256x256,256x256,True,kept,True,,
high_quality_architectural_6480_Floor-2.npz,high_quality_architectural/6480/Floor-2,2,"0,3,4,8",4,5471,5471,256x256,256x256,False,room_count_below_min,False,,
high_quality_architectural_6483_Floor-1.npz,high_quality_architectural/6483/Floor-1,4,"0,1,2,3,4,5,7,8",8,41281,41281,256x256,256x256,True,kept,True,,
high_quality_architectural_6484_Floor-1.npz,high_quality_architectural/6484/Floor-1,9,"0,1,2,3,4,5,6,7,8",9,33791,33791,256x256,256x256,True,kept,True,,
high_quality_architectural_6503_Floor-1.npz,high_quality_architectural/6503/Floor-1,5,"0,1,2,3,4,5,8",7,39466,39466,256x256,256x256,True,kept,True,,
high_quality_architectural_6505_Floor-1.npz,high_quality_architectural/6505/Floor-1,5,"0,1,2,3,4,5,6,7,8",9,24491,24491,256x256,256x256,True,kept,True,,
high_quality_architectural_6507_Floor-1.npz,high_quality_architectural/6507/Floor-1,2,"0,1,4,8",4,18220,18220,256x256,256x256,False,room_count_below_min,False,,
high_quality_architectural_650_Floor-1.npz,high_quality_architectural/650/Floor-1,8,"0,1,2,3,4,5,7,8",8,34758,34758,256x256,256x256,True,kept,True,,
high_quality_architectural_6514_Floor-1.npz,high_quality_architectural/6514/Floor-1,1,"0,1,2,5,8",5,35232,35232,256x256,256x256,False,room_count_below_min,False,,
high_quality_architectural_6515_Floor-1.npz,high_quality_architectural/6515/Floor-1,6,"0,1,2,3,4,5,8",7,5317,5317,256x256,256x256,True,kept,True,,
high_quality_architectural_6515_Floor-2.npz,high_quality_architectural/6515/Floor-2,3,"0,5,8",3,7172,7172,256x256,256x256,True,kept,True,,
high_quality_architectural_651_Floor-1.npz,high_quality_architectural/651/Floor-1,3,"0,1,2,3,4,5,8",7,32258,32258,256x256,256x256,True,kept,True,,
high_quality_architectural_6522_Floor-1.npz,high_quality_architectural/6522/Floor-1,1,"0,5,8",3,3889,3889,256x256,256x256,False,room_count_below_min,False,,
high_quality_architectural_6523_Floor-1.npz,high_quality_architectural/6523/Floor-1,4,"0,1,4,5,7,8",6,21526,21526,256x256,256x256,True,kept,True,,
high_quality_architectural_6529_Floor-1.npz,high_quality_architectural/6529/Floor-1,5,"0,4,5,7,8",5,6407,6407,256x256,256x256,True,kept,True,,
high_quality_architectural_6529_Floor-2.npz,high_quality_architectural/6529/Floor-2,0,"0,8",2,3356,3356,256x256,256x256,False,room_count_below_min,False,,
high_quality_architectural_652_Floor-1.npz,high_quality_architectural/652/Floor-1,5,"0,1,2,4,5,6,7,8",8,12729,12729,256x256,256x256,True,kept,True,,
high_quality_architectural_652_Floor-2.npz,high_quality_architectural/652/Floor-2,5,"0,3,5,7,8",5,7386,7386,256x256,256x256,True,kept,True,,
high_quality_architectural_6537_Floor-1.npz,high_quality_architectural/6537/Floor-1,4,"0,2,3,4,5,7,8",7,28391,28391,256x256,256x256,True,kept,True,,
high_quality_architectural_6541_Floor-1.npz,high_quality_architectural/6541/Floor-1,1,"0,2,8",3,18533,18533,256x256,256x256,False,room_count_below_min,False,,
high_quality_architectural_6542_Floor-1.npz,high_quality_architectural/6542/Floor-1,9,"0,2,3,4,5,7,8",7,34635,34635,256x256,256x256,True,kept,True,,
high_quality_architectural_6545_Floor-1.npz,high_quality_architectural/6545/Floor-1,2,"0,4,5,8",4,2687,2687,256x256,256x256,False,room_count_below_min,False,,
high_quality_architectural_6545_Floor-2.npz,high_quality_architectural/6545/Floor-2,0,"0,8",2,1324,1324,256x256,256x256,False,room_count_below_min,False,,
high_quality_architectural_6549_Floor-1.npz,high_quality_architectural/6549/Floor-1,5,"0,1,2,4,5,7,8",7,15323,15323,256x256,256x256,True,kept,True,,
high_quality_architectural_6549_Floor-2.npz,high_quality_architectural/6549/Floor-2,5,"0,3,4,5,8",5,15888,15888,256x256,256x256,True,kept,True,,
high_quality_architectural_654_Floor-1.npz,high_quality_architectural/654/Floor-1,8,"0,1,2,3,4,5,6,7,8",9,18404,18404,256x256,256x256,True,kept,True,,
high_quality_architectural_654_Floor-2.npz,high_quality_architectural/654/Floor-2,5,"0,3,4,5,8",5,17047,17047,256x256,256x256,True,kept,True,,
high_quality_architectural_6551_Floor-1.npz,high_quality_architectural/6551/Floor-1,5,"0,1,2,3,4,6,7,8",8,36662,36662,256x256,256x256,True,kept,True,,
high_quality_architectural_6552_Floor-1.npz,high_quality_architectural/6552/Floor-1,8,"0,1,2,3,4,5,7,8",8,44000,44000,256x256,256x256,True,kept,True,,
high_quality_architectural_6553_Floor-1.npz,high_quality_architectural/6553/Floor-1,10,"0,1,2,3,4,5,7,8",8,21934,21934,256x256,256x256,True,kept,True,,
high_quality_architectural_6556_Floor-1.npz,high_quality_architectural/6556/Floor-1,2,"0,2,4,8",4,14668,14668,256x256,256x256,False,room_count_below_min,False,,
high_quality_architectural_6557_Floor-1.npz,high_quality_architectural/6557/Floor-1,10,"0,2,3,4,5,7,8",7,36293,36293,256x256,256x256,True,kept,True,,
high_quality_architectural_6558_Floor-1.npz,high_quality_architectural/6558/Floor-1,2,"0,1,2,3,8",5,22029,22029,256x256,256x256,False,room_count_below_min,False,,
high_quality_architectural_655_Floor-1.npz,high_quality_architectural/655/Floor-1,5,"0,1,2,3,4,5,8",7,40393,40393,256x256,256x256,True,kept,True,,
high_quality_architectural_6568_Floor-1.npz,high_quality_architectural/6568/Floor-1,7,"0,1,2,3,4,5,8",7,30726,30726,256x256,256x256,True,kept,True,,
high_quality_architectural_6570_Floor-1.npz,high_quality_architectural/6570/Floor-1,5,"0,4,7,8",4,8853,8853,256x256,256x256,True,kept,True,,
high_quality_architectural_6570_Floor-2.npz,high_quality_architectural/6570/Floor-2,4,"0,1,2,4,5,8",6,13656,13656,256x256,256x256,True,kept,True,,
high_quality_architectural_6570_Floor-3.npz,high_quality_architectural/6570/Floor-3,4,"0,2,4,7,8",5,12064,12064,256x256,256x256,True,kept,True,,
high_quality_architectural_6572_Floor-1.npz,high_quality_architectural/6572/Floor-1,3,"0,2,3,4,8",5,35735,35735,256x256,256x256,True,kept,True,,
high_quality_architectural_6573_Floor-1.npz,high_quality_architectural/6573/Floor-1,15,"0,1,2,3,4,5,7,8",8,26287,26287,256x256,256x256,True,kept,True,,
high_quality_architectural_6577_Floor-1.npz,high_quality_architectural/6577/Floor-1,5,"0,2,3,4,5,7,8",7,36463,36463,256x256,256x256,True,kept,True,,
high_quality_architectural_6578_Floor-1.npz,high_quality_architectural/6578/Floor-1,2,"0,1,2,3,8",5,23267,23267,256x256,256x256,False,room_count_below_min,False,,
high_quality_architectural_6580_Floor-1.npz,high_quality_architectural/6580/Floor-1,7,"0,1,2,3,4,5,7,8",8,25297,25297,256x256,256x256,True,kept,True,,
high_quality_architectural_6581_Floor-1.npz,high_quality_architectural/6581/Floor-1,6,"0,1,2,3,4,5,7,8",8,37080,37080,256x256,256x256,True,kept,True,,
high_quality_architectural_6583_Floor-1.npz,high_quality_architectural/6583/Floor-1,7,"0,1,2,3,4,5,7,8",8,20395,20395,256x256,256x256,True,kept,True,,
high_quality_architectural_6583_Floor-2.npz,high_quality_architectural/6583/Floor-2,4,"0,3,5,7,8",5,14866,14866,256x256,256x256,True,kept,True,,
high_quality_architectural_6588_Floor-1.npz,high_quality_architectural/6588/Floor-1,8,"0,3,4,5,7,8",6,25026,25026,256x256,256x256,True,kept,True,,
high_quality_architectural_6589_Floor-1.npz,high_quality_architectural/6589/Floor-1,4,"0,1,2,3,4,5,8",7,48328,48328,256x256,256x256,True,kept,True,,
high_quality_architectural_6592_Floor-1.npz,high_quality_architectural/6592/Floor-1,5,"0,1,2,3,4,5,7,8",8,34295,34295,256x256,256x256,True,kept,True,,
high_quality_architectural_6594_Floor-1.npz,high_quality_architectural/6594/Floor-1,9,"0,1,2,3,4,5,7,8",8,37717,37717,256x256,256x256,True,kept,True,,
high_quality_architectural_6595_Floor-1.npz,high_quality_architectural/6595/Floor-1,3,"0,1,2,5,8",5,43119,43119,256x256,256x256,True,kept,True,,
high_quality_architectural_6596_Floor-1.npz,high_quality_architectural/6596/Floor-1,8,"0,1,2,3,4,5,7,8",8,38095,38095,256x256,256x256,True,kept,True,,
high_quality_architectural_6602_Floor-1.npz,high_quality_architectural/6602/Floor-1,9,"0,2,3,4,5,7,8",7,39919,39919,256x256,256x256,True,kept,True,,
high_quality_architectural_6606_Floor-1.npz,high_quality_architectural/6606/Floor-1,6,"0,1,2,3,4,5,7,8",8,41497,41497,256x256,256x256,True,kept,True,,
high_quality_architectural_6616_Floor-1.npz,high_quality_architectural/6616/Floor-1,8,"0,1,2,4,5,7,8",7,45101,45101,256x256,256x256,True,kept,True,,
high_quality_architectural_6617_Floor-1.npz,high_quality_architectural/6617/Floor-1,9,"0,1,2,3,4,5,6,7,8",9,27057,27057,256x256,256x256,True,kept,True,,
high_quality_architectural_6620_Floor-1.npz,high_quality_architectural/6620/Floor-1,7,"0,2,3,4,5,7,8",7,43020,43020,256x256,256x256,True,kept,True,,
high_quality_architectural_6626_Floor-1.npz,high_quality_architectural/6626/Floor-1,3,"0,2,3,8",4,23270,23270,256x256,256x256,True,kept,True,,
high_quality_architectural_662_Floor-1.npz,high_quality_architectural/662/Floor-1,5,"0,4,5,7,8",5,6884,6884,256x256,256x256,True,kept,True,,
high_quality_architectural_662_Floor-2.npz,high_quality_architectural/662/Floor-2,6,"0,1,2,4,5,7,8",7,11598,11598,256x256,256x256,True,kept,True,,
high_quality_architectural_662_Floor-3.npz,high_quality_architectural/662/Floor-3,5,"0,2,4,7,8",5,8376,8376,256x256,256x256,True,kept,True,,
high_quality_architectural_6631_Floor-1.npz,high_quality_architectural/6631/Floor-1,2,"0,2,5,8",4,21382,21382,256x256,256x256,False,room_count_below_min,False,,
high_quality_architectural_6634_Floor-1.npz,high_quality_architectural/6634/Floor-1,8,"0,1,2,3,4,5,6,7,8",9,42160,42160,256x256,256x256,True,kept,True,,
high_quality_architectural_6636_Floor-1.npz,high_quality_architectural/6636/Floor-1,7,"0,1,2,3,4,5,6,7,8",9,30615,30615,256x256,256x256,True,kept,True,,
high_quality_architectural_6637_Floor-1.npz,high_quality_architectural/6637/Floor-1,5,"0,1,2,3,4,7,8",7,25358,25358,256x256,256x256,True,kept,True,,
high_quality_architectural_6638_Floor-1.npz,high_quality_architectural/6638/Floor-1,7,"0,1,2,3,4,5,6,7,8",9,32651,32651,256x256,256x256,True,kept,True,,
high_quality_architectural_6641_Floor-1.npz,high_quality_architectural/6641/Floor-1,10,"0,1,2,3,4,5,7,8",8,24445,24445,256x256,256x256,True,kept,True,,
high_quality_architectural_6642_Floor-1.npz,high_quality_architectural/6642/Floor-1,4,"0,1,4,5,7,8",6,19310,19310,256x256,256x256,True,kept,True,,
high_quality_architectural_6644_Floor-1.npz,high_quality_architectural/6644/Floor-1,13,"0,2,3,4,5,7,8",7,24238,24238,256x256,256x256,True,kept,True,,
high_quality_architectural_6645_Floor-1.npz,high_quality_architectural/6645/Floor-1,10,"0,1,2,3,4,5,6,7,8",9,22197,22197,256x256,256x256,True,kept,True,,
high_quality_architectural_6649_Floor-1.npz,high_quality_architectural/6649/Floor-1,3,"0,1,2,3,5,8",6,36986,36986,256x256,256x256,True,kept,True,,
high_quality_architectural_6652_Floor-1.npz,high_quality_architectural/6652/Floor-1,8,"0,1,2,4,5,8",6,13135,13135,256x256,256x256,True,kept,True,,
high_quality_architectural_6652_Floor-2.npz,high_quality_architectural/6652/Floor-2,2,"0,5,8",3,4877,4877,256x256,256x256,False,room_count_below_min,False,,
high_quality_architectural_6655_Floor-1.npz,high_quality_architectural/6655/Floor-1,2,"0,1,2,5,8",5,30286,30286,256x256,256x256,False,room_count_below_min,False,,
high_quality_architectural_6660_Floor-1.npz,high_quality_architectural/6660/Floor-1,4,"0,1,2,4,7,8",6,32570,32570,256x256,256x256,True,kept,True,,
high_quality_architectural_6665_Floor-1.npz,high_quality_architectural/6665/Floor-1,3,"0,1,2,4,8",5,22391,22391,256x256,256x256,True,kept,True,,
high_quality_architectural_6668_Floor-1.npz,high_quality_architectural/6668/Floor-1,7,"0,2,4,5,7,8",6,14044,14044,256x256,256x256,True,kept,True,,
high_quality_architectural_6668_Floor-2.npz,high_quality_architectural/6668/Floor-2,5,"0,1,2,3,4,5,6,7,8",9,15748,15748,256x256,256x256,True,kept,True,,
high_quality_architectural_6671_Floor-1.npz,high_quality_architectural/6671/Floor-1,1,"0,1,2,7,8",5,14861,14861,256x256,256x256,False,room_count_below_min,False,,
high_quality_architectural_6671_Floor-2.npz,high_quality_architectural/6671/Floor-2,0,"0,8",2,1872,1872,256x256,256x256,False,room_count_below_min,False,,
high_quality_architectural_6672_Floor-1.npz,high_quality_architectural/6672/Floor-1,3,"0,1,2,4,8",5,29784,29784,256x256,256x256,True,kept,True,,
high_quality_architectural_6675_Floor-1.npz,high_quality_architectural/6675/Floor-1,9,"0,1,2,3,4,5,7,8",8,26701,26701,256x256,256x256,True,kept,True,,
high_quality_architectural_6681_Floor-1.npz,high_quality_architectural/6681/Floor-1,3,"0,2,3,4,5,8",6,30497,30497,256x256,256x256,True,kept,True,,
high_quality_architectural_6692_Floor-1.npz,high_quality_architectural/6692/Floor-1,0,"0,8",2,2136,2136,256x256,256x256,False,room_count_below_min,False,,
high_quality_architectural_6692_Floor-2.npz,high_quality_architectural/6692/Floor-2,2,"0,4,8",3,6061,6061,256x256,256x256,False,room_count_below_min,False,,
high_quality_architectural_6696_Floor-1.npz,high_quality_architectural/6696/Floor-1,10,"0,1,2,3,4,5,6,7,8",9,26193,26193,256x256,256x256,True,kept,True,,
high_quality_architectural_6697_Floor-1.npz,high_quality_architectural/6697/Floor-1,12,"0,2,3,4,5,7,8",7,33327,33327,256x256,256x256,True,kept,True,,
high_quality_architectural_6703_Floor-1.npz,high_quality_architectural/6703/Floor-1,5,"0,1,2,3,4,5,6,8",8,13539,13539,256x256,256x256,True,kept,True,,
high_quality_architectural_6703_Floor-2.npz,high_quality_architectural/6703/Floor-2,3,"0,3,4,7,8",5,9466,9466,256x256,256x256,True,kept,True,,
high_quality_architectural_6704_Floor-1.npz,high_quality_architectural/6704/Floor-1,8,"0,2,4,5,7,8",6,15187,15187,256x256,256x256,True,kept,True,,
high_quality_architectural_6704_Floor-2.npz,high_quality_architectural/6704/Floor-2,7,"0,1,3,4,5,7,8",7,12835,12835,256x256,256x256,True,kept,True,,
high_quality_architectural_6705_Floor-1.npz,high_quality_architectural/6705/Floor-1,3,"0,1,2,5,8",5,29502,29502,256x256,256x256,True,kept,True,,
high_quality_architectural_6706_Floor-1.npz,high_quality_architectural/6706/Floor-1,1,"0,2,8",3,2570,2570,256x256,256x256,False,room_count_below_min,False,,
high_quality_architectural_6706_Floor-2.npz,high_quality_architectural/6706/Floor-2,8,"0,1,2,3,4,5,7,8",8,9987,9987,256x256,256x256,True,kept,True,,
high_quality_architectural_6706_Floor-3.npz,high_quality_architectural/6706/Floor-3,3,"0,3,5,7,8",5,8563,8563,256x256,256x256,True,kept,True,,
high_quality_architectural_6709_Floor-1.npz,high_quality_architectural/6709/Floor-1,2,"0,1,2,5,8",5,34845,34845,256x256,256x256,False,room_count_below_min,False,,
high_quality_architectural_6712_Floor-1.npz,high_quality_architectural/6712/Floor-1,16,"0,1,2,3,4,5,7,8",8,43345,43345,256x256,256x256,True,kept,True,,
high_quality_architectural_6716_Floor-1.npz,high_quality_architectural/6716/Floor-1,6,"0,1,2,3,4,5,7,8",8,27086,27086,256x256,256x256,True,kept,True,,
high_quality_architectural_6718_Floor-1.npz,high_quality_architectural/6718/Floor-1,13,"0,1,2,3,4,5,7,8",8,37772,37772,256x256,256x256,True,kept,True,,
high_quality_architectural_6724_Floor-1.npz,high_quality_architectural/6724/Floor-1,4,"0,1,2,3,5,6,7,8",8,26430,26430,256x256,256x256,True,kept,True,,
high_quality_architectural_6726_Floor-1.npz,high_quality_architectural/6726/Floor-1,2,"0,1,2,4,8",5,13346,13346,256x256,256x256,False,room_count_below_min,False,,
high_quality_architectural_6726_Floor-2.npz,high_quality_architectural/6726/Floor-2,5,"0,3,5,8",4,15752,15752,256x256,256x256,True,kept,True,,
high_quality_architectural_6728_Floor-1.npz,high_quality_architectural/6728/Floor-1,17,"0,1,2,3,4,5,7,8",8,27807,27807,256x256,256x256,True,kept,True,,
high_quality_architectural_672_Floor-1.npz,high_quality_architectural/672/Floor-1,4,"0,1,2,3,4,5,8",7,33361,33361,256x256,256x256,True,kept,True,,
high_quality_architectural_6733_Floor-1.npz,high_quality_architectural/6733/Floor-1,4,"0,1,4,5,7,8",6,27676,27676,256x256,256x256,True,kept,True,,
high_quality_architectural_6734_Floor-1.npz,high_quality_architectural/6734/Floor-1,7,"0,1,3,4,5,6,7,8",8,27353,27353,256x256,256x256,True,kept,True,,
high_quality_architectural_6735_Floor-1.npz,high_quality_architectural/6735/Floor-1,4,"0,1,3,4,7,8",6,38722,38722,256x256,256x256,True,kept,True,,
high_quality_architectural_6739_Floor-1.npz,high_quality_architectural/6739/Floor-1,8,"0,2,3,4,5,6,7,8",8,35082,35082,256x256,256x256,True,kept,True,,
high_quality_architectural_674_Floor-1.npz,high_quality_architectural/674/Floor-1,5,"0,1,2,3,4,5,8",7,39494,39494,256x256,256x256,True,kept,True,,
high_quality_architectural_675_Floor-1.npz,high_quality_architectural/675/Floor-1,0,0,1,0,0,256x256,256x256,False,room_count_below_min,False,,
high_quality_architectural_675_Floor-2.npz,high_quality_architectural/675/Floor-2,5,"0,3,4,5,7,8",6,37546,37546,256x256,256x256,True,kept,True,,
high_quality_architectural_678_Floor-1.npz,high_quality_architectural/678/Floor-1,5,"0,1,2,3,4,5,7,8",8,24973,24973,256x256,256x256,True,kept,True,,
high_quality_architectural_679_Floor-1.npz,high_quality_architectural/679/Floor-1,4,"0,2,3,5,8",5,9558,9558,256x256,256x256,True,kept,True,,
high_quality_architectural_681_Floor-1.npz,high_quality_architectural/681/Floor-1,8,"0,1,3,4,5,7,8",7,30752,30752,256x256,256x256,True,kept,True,,
high_quality_architectural_687_Floor-1.npz,high_quality_architectural/687/Floor-1,5,"0,1,2,3,4,8",6,31670,31670,256x256,256x256,True,kept,True,,
high_quality_architectural_688_Floor-1.npz,high_quality_architectural/688/Floor-1,3,"0,1,2,3,7,8",6,14875,14875,256x256,256x256,True,kept,True,,
high_quality_architectural_688_Floor-2.npz,high_quality_architectural/688/Floor-2,0,"0,8",2,1488,1488,256x256,256x256,False,room_count_below_min,False,,
high_quality_architectural_68_Floor-1.npz,high_quality_architectural/68/Floor-1,4,"0,3,4,5,7,8",6,20351,20351,256x256,256x256,True,kept,True,,
high_quality_architectural_690_Floor-1.npz,high_quality_architectural/690/Floor-1,12,"0,1,2,3,4,5,7,8",8,38294,38294,256x256,256x256,True,kept,True,,
high_quality_architectural_693_Floor-1.npz,high_quality_architectural/693/Floor-1,4,"0,1,2,3,4,7,8",7,33449,33449,256x256,256x256,True,kept,True,,
high_quality_architectural_6_Floor-1.npz,high_quality_architectural/6/Floor-1,5,"0,1,2,3,4,7,8",7,31803,31803,256x256,256x256,True,kept,True,,
high_quality_architectural_7004_Floor-1.npz,high_quality_architectural/7004/Floor-1,8,"0,1,2,3,4,5,7,8",8,27031,27031,256x256,256x256,True,kept,True,,
high_quality_architectural_7005_Floor-1.npz,high_quality_architectural/7005/Floor-1,12,"0,1,2,3,4,5,7,8",8,31005,31005,256x256,256x256,True,kept,True,,
high_quality_architectural_7013_Floor-1.npz,high_quality_architectural/7013/Floor-1,6,"0,1,2,3,4,5,6,7,8",9,30014,30014,256x256,256x256,True,kept,True,,
high_quality_architectural_7014_Floor-1.npz,high_quality_architectural/7014/Floor-1,5,"0,1,2,3,4,5,6,7,8",9,23613,23613,256x256,256x256,True,kept,True,,
high_quality_architectural_7029_Floor-1.npz,high_quality_architectural/7029/Floor-1,13,"0,1,2,3,4,5,7,8",8,31277,31277,256x256,256x256,True,kept,True,,
high_quality_architectural_702_Floor-1.npz,high_quality_architectural/702/Floor-1,6,"0,1,2,3,4,7,8",7,28977,28977,256x256,256x256,True,kept,True,,
high_quality_architectural_7032_Floor-1.npz,high_quality_architectural/7032/Floor-1,5,"0,1,2,3,4,7,8",7,38893,38893,256x256,256x256,True,kept,True,,
high_quality_architectural_7034_Floor-1.npz,high_quality_architectural/7034/Floor-1,3,"0,1,3,8",4,25110,25110,256x256,256x256,True,kept,True,,
high_quality_architectural_7036_Floor-1.npz,high_quality_architectural/7036/Floor-1,1,"0,7,8",3,1164,1164,256x256,256x256,False,room_count_below_min,False,,
high_quality_architectural_7036_Floor-2.npz,high_quality_architectural/7036/Floor-2,9,"0,1,2,3,4,5,7,8",8,18166,18166,256x256,256x256,True,kept,True,,
high_quality_architectural_7036_Floor-3.npz,high_quality_architectural/7036/Floor-3,4,"0,2,5,7,8",5,11998,11998,256x256,256x256,True,kept,True,,
high_quality_architectural_7037_Floor-1.npz,high_quality_architectural/7037/Floor-1,9,"0,1,2,3,4,5,7,8",8,31981,31981,256x256,256x256,True,kept,True,,
high_quality_architectural_7039_Floor-1.npz,high_quality_architectural/7039/Floor-1,4,"0,1,2,3,4,8",6,38138,38138,256x256,256x256,True,kept,True,,
high_quality_architectural_703_Floor-1.npz,high_quality_architectural/703/Floor-1,2,"0,1,2,4,5,7,8",7,28618,28618,256x256,256x256,False,room_count_below_min,False,,
high_quality_architectural_7041_Floor-1.npz,high_quality_architectural/7041/Floor-1,7,"0,1,2,3,4,5,7,8",8,29258,29258,256x256,256x256,True,kept,True,,
high_quality_architectural_7042_Floor-1.npz,high_quality_architectural/7042/Floor-1,10,"0,2,3,4,7,8",6,13553,13553,256x256,256x256,True,kept,True,,
high_quality_architectural_7042_Floor-2.npz,high_quality_architectural/7042/Floor-2,8,"0,1,2,3,4,5,6,7,8",9,14056,14056,256x256,256x256,True,kept,True,,
high_quality_architectural_7044_Floor-1.npz,high_quality_architectural/7044/Floor-1,0,"0,8",2,4647,4647,256x256,256x256,False,room_count_below_min,False,,
high_quality_architectural_7048_Floor-1.npz,high_quality_architectural/7048/Floor-1,3,"0,2,3,5,7,8",6,25812,25812,256x256,256x256,True,kept,True,,
high_quality_architectural_7050_Floor-1.npz,high_quality_architectural/7050/Floor-1,2,"0,2,8",3,19508,19508,256x256,256x256,False,room_count_below_min,False,,
high_quality_architectural_7051_Floor-1.npz,high_quality_architectural/7051/Floor-1,9,"0,1,2,4,5,6,7,8",8,35082,35082,256x256,256x256,True,kept,True,,
high_quality_architectural_705_Floor-1.npz,high_quality_architectural/705/Floor-1,8,"0,3,4,5,7,8",6,16632,16632,256x256,256x256,True,kept,True,,
high_quality_architectural_705_Floor-2.npz,high_quality_architectural/705/Floor-2,2,"0,1,2,3,6,8",6,14473,14473,256x256,256x256,False,room_count_below_min,False,,
high_quality_architectural_7061_Floor-1.npz,high_quality_architectural/7061/Floor-1,6,"0,1,2,3,5,7,8",7,31464,31464,256x256,256x256,True,kept,True,,
high_quality_architectural_7062_Floor-1.npz,high_quality_architectural/7062/Floor-1,6,"0,1,2,3,4,8",6,35374,35374,256x256,256x256,True,kept,True,,
high_quality_architectural_7063_Floor-1.npz,high_quality_architectural/7063/Floor-1,4,"0,1,3,4,5,8",6,22155,22155,256x256,256x256,True,kept,True,,
high_quality_architectural_7065_Floor-1.npz,high_quality_architectural/7065/Floor-1,2,"0,1,2,3,4,5,8",7,21304,21304,256x256,256x256,False,room_count_below_min,False,,
high_quality_architectural_7067_Floor-1.npz,high_quality_architectural/7067/Floor-1,1,"0,1,2,8",4,26813,26813,256x256,256x256,False,room_count_below_min,False,,
high_quality_architectural_7071_Floor-1.npz,high_quality_architectural/7071/Floor-1,9,"0,2,4,5,7,8",6,22814,22814,256x256,256x256,True,kept,True,,
high_quality_architectural_7072_Floor-1.npz,high_quality_architectural/7072/Floor-1,11,"0,2,4,5,7,8",6,42046,42046,256x256,256x256,True,kept,True,,
high_quality_architectural_7076_Floor-1.npz,high_quality_architectural/7076/Floor-1,5,"0,1,2,4,5,6,7,8",8,14619,14619,256x256,256x256,True,kept,True,,
high_quality_architectural_7076_Floor-2.npz,high_quality_architectural/7076/Floor-2,5,"0,3,4,7,8",5,11312,11312,256x256,256x256,True,kept,True,,
high_quality_architectural_7077_Floor-1.npz,high_quality_architectural/7077/Floor-1,8,"0,1,2,3,4,5,6,7,8",9,43202,43202,256x256,256x256,True,kept,True,,
high_quality_architectural_7084_Floor-1.npz,high_quality_architectural/7084/Floor-1,8,"0,2,4,5,7,8",6,8088,8088,256x256,256x256,True,kept,True,,
high_quality_architectural_7084_Floor-2.npz,high_quality_architectural/7084/Floor-2,7,"0,1,2,3,4,5,6,7,8",9,7886,7886,256x256,256x256,True,kept,True,,
high_quality_architectural_7084_Floor-3.npz,high_quality_architectural/7084/Floor-3,5,"0,3,4,5,7,8",6,4767,4767,256x256,256x256,True,kept,True,,
high_quality_architectural_7085_Floor-1.npz,high_quality_architectural/7085/Floor-1,10,"0,1,2,3,4,5,7,8",8,32702,32702,256x256,256x256,True,kept,True,,
high_quality_architectural_7088_Floor-1.npz,high_quality_architectural/7088/Floor-1,0,"0,8",2,3475,3475,256x256,256x256,False,room_count_below_min,False,,
high_quality_architectural_7088_Floor-2.npz,high_quality_architectural/7088/Floor-2,4,"0,1,2,3,4,5,6,7,8",9,13634,13634,256x256,256x256,True,kept,True,,
high_quality_architectural_7088_Floor-3.npz,high_quality_architectural/7088/Floor-3,6,"0,3,4,5,7,8",6,11941,11941,256x256,256x256,True,kept,True,,
high_quality_architectural_7089_Floor-1.npz,high_quality_architectural/7089/Floor-1,5,"0,2,3,5,7,8",6,36099,36099,256x256,256x256,True,kept,True,,
high_quality_architectural_708_Floor-1.npz,high_quality_architectural/708/Floor-1,4,"0,1,4,5,7,8",6,18225,18225,256x256,256x256,True,kept,True,,
high_quality_architectural_7091_Floor-1.npz,high_quality_architectural/7091/Floor-1,5,"0,1,2,7,8",5,33871,33871,256x256,256x256,True,kept,True,,
high_quality_architectural_7095_Floor-1.npz,high_quality_architectural/7095/Floor-1,2,"0,1,2,3,4,5,8",7,27626,27626,256x256,256x256,False,room_count_below_min,False,,
high_quality_architectural_7098_Floor-1.npz,high_quality_architectural/7098/Floor-1,10,"0,1,2,3,4,5,7,8",8,42323,42323,256x256,256x256,True,kept,True,,
high_quality_architectural_709_Floor-1.npz,high_quality_architectural/709/Floor-1,3,"0,1,2,4,5,7,8",7,32775,32775,256x256,256x256,True,kept,True,,
high_quality_architectural_7102_Floor-1.npz,high_quality_architectural/7102/Floor-1,7,"0,1,2,3,4,5,6,7,8",9,16349,16349,256x256,256x256,True,kept,True,,
high_quality_architectural_7103_Floor-1.npz,high_quality_architectural/7103/Floor-1,1,"0,1,8",3,11909,11909,256x256,256x256,False,room_count_below_min,False,,
high_quality_architectural_7104_Floor-1.npz,high_quality_architectural/7104/Floor-1,6,"0,7,8",3,6408,6408,256x256,256x256,True,kept,True,,
high_quality_architectural_7104_Floor-2.npz,high_quality_architectural/7104/Floor-2,12,"0,1,2,4,5,6,7,8",8,7025,7025,256x256,256x256,True,kept,True,,
high_quality_architectural_7104_Floor-3.npz,high_quality_architectural/7104/Floor-3,7,"0,2,4,5,7,8",6,5049,5049,256x256,256x256,True,kept,True,,
high_quality_architectural_7105_Floor-1.npz,high_quality_architectural/7105/Floor-1,5,"0,1,2,4,8",5,34697,34697,256x256,256x256,True,kept,True,,
high_quality_architectural_710_Floor-1.npz,high_quality_architectural/710/Floor-1,0,"0,8",2,5894,5894,256x256,256x256,False,room_count_below_min,False,,
high_quality_architectural_7118_Floor-1.npz,high_quality_architectural/7118/Floor-1,17,"0,1,2,3,4,5,6,7,8",9,29333,29333,256x256,256x256,True,kept,True,,
high_quality_architectural_7119_Floor-1.npz,high_quality_architectural/7119/Floor-1,7,"0,1,2,3,4,5,7,8",8,14139,14139,256x256,256x256,True,kept,True,,
high_quality_architectural_7119_Floor-2.npz,high_quality_architectural/7119/Floor-2,7,"0,3,4,5,7,8",6,9669,9669,256x256,256x256,True,kept,True,,
high_quality_architectural_715_Floor-1.npz,high_quality_architectural/715/Floor-1,5,"0,1,2,3,4,5,7,8",8,40789,40789,256x256,256x256,True,kept,True,,
high_quality_architectural_716_Floor-1.npz,high_quality_architectural/716/Floor-1,6,"0,1,2,3,4,6,7,8",8,33973,33973,256x256,256x256,True,kept,True,,
high_quality_architectural_719_Floor-1.npz,high_quality_architectural/719/Floor-1,5,"0,1,2,3,5,6,7,8",8,32921,32921,256x256,256x256,True,kept,True,,
high_quality_architectural_720_Floor-1.npz,high_quality_architectural/720/Floor-1,8,"0,1,2,4,5,7,8",7,33038,33038,256x256,256x256,True,kept,True,,
high_quality_architectural_728_Floor-1.npz,high_quality_architectural/728/Floor-1,5,"0,1,2,3,4,5,7,8",8,20729,20729,256x256,256x256,True,kept,True,,
high_quality_architectural_736_Floor-1.npz,high_quality_architectural/736/Floor-1,6,"0,2,3,4,5,7,8",7,39634,39634,256x256,256x256,True,kept,True,,
high_quality_architectural_738_Floor-1.npz,high_quality_architectural/738/Floor-1,1,"0,1,2,3,8",5,23028,23028,256x256,256x256,False,room_count_below_min,False,,
high_quality_architectural_73_Floor-1.npz,high_quality_architectural/73/Floor-1,2,"0,2,3,4,5,8",6,25444,25444,256x256,256x256,False,room_count_below_min,False,,
high_quality_architectural_741_Floor-1.npz,high_quality_architectural/741/Floor-1,0,"0,8",2,5960,5960,256x256,256x256,False,room_count_below_min,False,,
high_quality_architectural_745_Floor-1.npz,high_quality_architectural/745/Floor-1,6,"0,1,2,3,4,5,7,8",8,30645,30645,256x256,256x256,True,kept,True,,
high_quality_architectural_747_Floor-1.npz,high_quality_architectural/747/Floor-1,6,"0,1,3,4,5,7,8",7,27508,27508,256x256,256x256,True,kept,True,,
high_quality_architectural_748_Floor-1.npz,high_quality_architectural/748/Floor-1,2,"0,1,2,4,8",5,17837,17837,256x256,256x256,False,room_count_below_min,False,,
high_quality_architectural_7509_Floor-1.npz,high_quality_architectural/7509/Floor-1,9,"0,2,3,4,5,7,8",7,29691,29691,256x256,256x256,True,kept,True,,
high_quality_architectural_7511_Floor-1.npz,high_quality_architectural/7511/Floor-1,11,"0,1,2,4,5,6,7,8",8,30453,30453,256x256,256x256,True,kept,True,,
high_quality_architectural_7516_Floor-1.npz,high_quality_architectural/7516/Floor-1,3,"0,2,3,4,8",5,28731,28731,256x256,256x256,True,kept,True,,
high_quality_architectural_7519_Floor-1.npz,high_quality_architectural/7519/Floor-1,7,"0,1,2,3,4,5,6,7,8",9,18873,18873,256x256,256x256,True,kept,True,,
high_quality_architectural_7519_Floor-2.npz,high_quality_architectural/7519/Floor-2,4,"0,3,4,5,8",5,11818,11818,256x256,256x256,True,kept,True,,
high_quality_architectural_7526_Floor-1.npz,high_quality_architectural/7526/Floor-1,12,"0,1,2,3,4,5,7,8",8,47466,47466,256x256,256x256,True,kept,True,,
high_quality_architectural_7529_Floor-1.npz,high_quality_architectural/7529/Floor-1,10,"0,1,2,3,4,5,6,7,8",9,32697,32697,256x256,256x256,True,kept,True,,
high_quality_architectural_752_Floor-1.npz,high_quality_architectural/752/Floor-1,6,"0,1,2,3,4,6,7,8",8,33973,33973,256x256,256x256,True,kept,True,,
high_quality_architectural_7532_Floor-1.npz,high_quality_architectural/7532/Floor-1,3,"0,1,2,3,4,8",6,14562,14562,256x256,256x256,True,kept,True,,
high_quality_architectural_7534_Floor-1.npz,high_quality_architectural/7534/Floor-1,5,"0,1,2,3,4,5,7,8",8,44232,44232,256x256,256x256,True,kept,True,,
high_quality_architectural_7535_Floor-1.npz,high_quality_architectural/7535/Floor-1,8,"0,1,2,3,4,5,6,7,8",9,20534,20534,256x256,256x256,True,kept,True,,
high_quality_architectural_753_Floor-1.npz,high_quality_architectural/753/Floor-1,6,"0,1,2,3,4,7,8",7,28548,28548,256x256,256x256,True,kept,True,,
high_quality_architectural_7542_Floor-1.npz,high_quality_architectural/7542/Floor-1,3,"0,1,2,3,8",5,28083,28083,256x256,256x256,True,kept,True,,
high_quality_architectural_7549_Floor-1.npz,high_quality_architectural/7549/Floor-1,8,"0,1,3,4,5,7,8",7,41448,41448,256x256,256x256,True,kept,True,,
high_quality_architectural_7550_Floor-1.npz,high_quality_architectural/7550/Floor-1,2,"0,4,7,8",4,11501,11501,256x256,256x256,False,room_count_below_min,False,,
high_quality_architectural_7553_Floor-1.npz,high_quality_architectural/7553/Floor-1,3,"0,1,2,4,5,7,8",7,30482,30482,256x256,256x256,True,kept,True,,
high_quality_architectural_7554_Floor-1.npz,high_quality_architectural/7554/Floor-1,11,"0,1,2,3,4,5,7,8",8,21524,21524,256x256,256x256,True,kept,True,,
high_quality_architectural_7556_Floor-1.npz,high_quality_architectural/7556/Floor-1,3,"0,1,2,4,7,8",6,38641,38641,256x256,256x256,True,kept,True,,
high_quality_architectural_7557_Floor-1.npz,high_quality_architectural/7557/Floor-1,6,"0,1,2,4,5,6,8",7,37974,37974,256x256,256x256,True,kept,True,,
high_quality_architectural_7559_Floor-1.npz,high_quality_architectural/7559/Floor-1,8,"0,1,2,3,4,5,6,7,8",9,32230,32230,256x256,256x256,True,kept,True,,
high_quality_architectural_755_Floor-1.npz,high_quality_architectural/755/Floor-1,6,"0,1,2,3,4,5,8",7,31799,31799,256x256,256x256,True,kept,True,,
high_quality_architectural_7560_Floor-1.npz,high_quality_architectural/7560/Floor-1,4,"0,1,2,3,4,5,6,7,8",9,17461,17461,256x256,256x256,True,kept,True,,
high_quality_architectural_7560_Floor-2.npz,high_quality_architectural/7560/Floor-2,4,"0,3,4,5,8",5,11326,11326,256x256,256x256,True,kept,True,,
high_quality_architectural_7567_Floor-1.npz,high_quality_architectural/7567/Floor-1,10,"0,1,3,4,5,7,8",7,37533,37533,256x256,256x256,True,kept,True,,
high_quality_architectural_756_Floor-1.npz,high_quality_architectural/756/Floor-1,4,"0,1,3,4,5,8",6,32720,32720,256x256,256x256,True,kept,True,,
high_quality_architectural_7570_Floor-1.npz,high_quality_architectural/7570/Floor-1,4,"0,1,2,3,5,8",6,26616,26616,256x256,256x256,True,kept,True,,
high_quality_architectural_7571_Floor-1.npz,high_quality_architectural/7571/Floor-1,4,"0,3,4,5,7,8",6,19364,19364,256x256,256x256,True,kept,True,,
high_quality_architectural_7572_Floor-1.npz,high_quality_architectural/7572/Floor-1,5,"0,3,4,7,8",5,4798,4798,256x256,256x256,True,kept,True,,
high_quality_architectural_7572_Floor-2.npz,high_quality_architectural/7572/Floor-2,5,"0,1,2,3,4,7,8",7,10345,10345,256x256,256x256,True,kept,True,,
high_quality_architectural_7575_Floor-1.npz,high_quality_architectural/7575/Floor-1,8,"0,1,2,3,4,5,7,8",8,31030,31030,256x256,256x256,True,kept,True,,
high_quality_architectural_7578_Floor-1.npz,high_quality_architectural/7578/Floor-1,4,"0,2,4,8",4,25864,25864,256x256,256x256,True,kept,True,,
high_quality_architectural_7589_Floor-1.npz,high_quality_architectural/7589/Floor-1,8,"0,1,2,3,4,5,7,8",8,24736,24736,256x256,256x256,True,kept,True,,
high_quality_architectural_7590_Floor-1.npz,high_quality_architectural/7590/Floor-1,7,"0,1,2,3,4,5,6,7,8",9,46077,46077,256x256,256x256,True,kept,True,,
high_quality_architectural_7592_Floor-1.npz,high_quality_architectural/7592/Floor-1,3,"0,2,7,8",4,18444,18444,256x256,256x256,True,kept,True,,
high_quality_architectural_7594_Floor-1.npz,high_quality_architectural/7594/Floor-1,10,"0,1,2,3,4,5,7,8",8,27946,27946,256x256,256x256,True,kept,True,,
high_quality_architectural_7595_Floor-1.npz,high_quality_architectural/7595/Floor-1,4,"0,1,2,5,8",5,27031,27031,256x256,256x256,True,kept,True,,
high_quality_architectural_7598_Floor-1.npz,high_quality_architectural/7598/Floor-1,6,"0,3,4,5,7,8",6,22115,22115,256x256,256x256,True,kept,True,,
high_quality_architectural_7598_Floor-2.npz,high_quality_architectural/7598/Floor-2,3,"0,2,4,6,8",5,16931,16931,256x256,256x256,True,kept,True,,
high_quality_architectural_7599_Floor-1.npz,high_quality_architectural/7599/Floor-1,5,"0,1,2,3,4,5,6,7,8",9,41054,41054,256x256,256x256,True,kept,True,,
high_quality_architectural_7606_Floor-1.npz,high_quality_architectural/7606/Floor-1,5,"0,1,2,3,4,5,6,7,8",9,32309,32309,256x256,256x256,True,kept,True,,
high_quality_architectural_7607_Floor-1.npz,high_quality_architectural/7607/Floor-1,6,"0,1,2,3,4,5,7,8",8,17553,17553,256x256,256x256,True,kept,True,,
high_quality_architectural_7610_Floor-1.npz,high_quality_architectural/7610/Floor-1,7,"0,1,2,3,4,5,6,7,8",9,39755,39755,256x256,256x256,True,kept,True,,
high_quality_architectural_7611_Floor-1.npz,high_quality_architectural/7611/Floor-1,4,"0,1,2,4,5,7,8",7,14315,14315,256x256,256x256,True,kept,True,,
high_quality_architectural_7611_Floor-2.npz,high_quality_architectural/7611/Floor-2,4,"0,2,4,7,8",5,10041,10041,256x256,256x256,True,kept,True,,
high_quality_architectural_7624_Floor-1.npz,high_quality_architectural/7624/Floor-1,7,"0,2,3,4,5,6,7,8",8,27385,27385,256x256,256x256,True,kept,True,,
high_quality_architectural_7627_Floor-1.npz,high_quality_architectural/7627/Floor-1,8,"0,2,4,5,7,8",6,5955,5955,256x256,256x256,True,kept,True,,
high_quality_architectural_7627_Floor-2.npz,high_quality_architectural/7627/Floor-2,3,"0,1,2,5,6,8",6,8257,8257,256x256,256x256,True,kept,True,,
high_quality_architectural_7627_Floor-3.npz,high_quality_architectural/7627/Floor-3,7,"0,3,4,5,7,8",6,6840,6840,256x256,256x256,True,kept,True,,
high_quality_architectural_7639_Floor-1.npz,high_quality_architectural/7639/Floor-1,2,"0,2,5,8",4,30109,30109,256x256,256x256,False,room_count_below_min,False,,
high_quality_architectural_763_Floor-1.npz,high_quality_architectural/763/Floor-1,3,"0,3,4,7,8",5,6292,6292,256x256,256x256,True,kept,True,,
high_quality_architectural_763_Floor-2.npz,high_quality_architectural/763/Floor-2,3,"0,1,2,3,4,5,8",7,11289,11289,256x256,256x256,True,kept,True,,
high_quality_architectural_7642_Floor-1.npz,high_quality_architectural/7642/Floor-1,5,"0,1,2,5,8",5,13558,13558,256x256,256x256,True,kept,True,,
high_quality_architectural_7645_Floor-1.npz,high_quality_architectural/7645/Floor-1,6,"0,1,3,4,6,7,8",7,24279,24279,256x256,256x256,True,kept,True,,
high_quality_architectural_7647_Floor-1.npz,high_quality_architectural/7647/Floor-1,0,"0,8",2,4952,4952,256x256,256x256,False,room_count_below_min,False,,
high_quality_architectural_7649_Floor-1.npz,high_quality_architectural/7649/Floor-1,4,"0,1,2,3,4,5,8",7,40817,40817,256x256,256x256,True,kept,True,,
high_quality_architectural_7650_Floor-1.npz,high_quality_architectural/7650/Floor-1,4,"0,1,2,3,4,5,7,8",8,38881,38881,256x256,256x256,True,kept,True,,
high_quality_architectural_7655_Floor-1.npz,high_quality_architectural/7655/Floor-1,5,"0,1,2,3,4,5,7,8",8,38808,38808,256x256,256x256,True,kept,True,,
high_quality_architectural_7658_Floor-1.npz,high_quality_architectural/7658/Floor-1,8,"0,1,2,3,4,5,7,8",8,30526,30526,256x256,256x256,True,kept,True,,
high_quality_architectural_7660_Floor-1.npz,high_quality_architectural/7660/Floor-1,9,"0,1,2,3,4,5,7,8",8,32314,32314,256x256,256x256,True,kept,True,,
high_quality_architectural_7665_Floor-1.npz,high_quality_architectural/7665/Floor-1,9,"0,1,2,3,4,5,7,8",8,37001,37001,256x256,256x256,True,kept,True,,
high_quality_architectural_7666_Floor-1.npz,high_quality_architectural/7666/Floor-1,4,"0,1,3,4,5,8",6,28975,28975,256x256,256x256,True,kept,True,,
high_quality_architectural_7668_Floor-1.npz,high_quality_architectural/7668/Floor-1,5,"0,1,3,4,7,8",6,46291,46291,256x256,256x256,True,kept,True,,
high_quality_architectural_7669_Floor-1.npz,high_quality_architectural/7669/Floor-1,7,"0,1,2,3,4,5,6,7,8",9,24648,24648,256x256,256x256,True,kept,True,,
high_quality_architectural_7671_Floor-1.npz,high_quality_architectural/7671/Floor-1,5,"0,1,2,3,4,5,8",7,30478,30478,256x256,256x256,True,kept,True,,
high_quality_architectural_7673_Floor-1.npz,high_quality_architectural/7673/Floor-1,5,"0,1,2,4,5,8",6,39570,39570,256x256,256x256,True,kept,True,,
high_quality_architectural_7675_Floor-1.npz,high_quality_architectural/7675/Floor-1,2,"0,2,3,8",4,24052,24052,256x256,256x256,False,room_count_below_min,False,,
high_quality_architectural_7677_Floor-1.npz,high_quality_architectural/7677/Floor-1,13,"0,1,2,3,4,5,7,8",8,25923,25923,256x256,256x256,True,kept,True,,
high_quality_architectural_7679_Floor-1.npz,high_quality_architectural/7679/Floor-1,7,"0,1,2,3,4,5,7,8",8,34252,34252,256x256,256x256,True,kept,True,,
high_quality_architectural_767_Floor-1.npz,high_quality_architectural/767/Floor-1,6,"0,1,3,4,7,8",6,28644,28644,256x256,256x256,True,kept,True,,
high_quality_architectural_7688_Floor-1.npz,high_quality_architectural/7688/Floor-1,10,"0,1,2,3,4,5,7,8",8,45253,45253,256x256,256x256,True,kept,True,,
high_quality_architectural_7690_Floor-1.npz,high_quality_architectural/7690/Floor-1,6,"0,1,2,3,4,7,8",7,36660,36660,256x256,256x256,True,kept,True,,
high_quality_architectural_7691_Floor-1.npz,high_quality_architectural/7691/Floor-1,0,"0,8",2,3209,3209,256x256,256x256,False,room_count_below_min,False,,
high_quality_architectural_7694_Floor-1.npz,high_quality_architectural/7694/Floor-1,5,"0,1,2,3,4,5,7,8",8,13739,13739,256x256,256x256,True,kept,True,,
high_quality_architectural_7694_Floor-2.npz,high_quality_architectural/7694/Floor-2,5,"0,3,4,8",4,10631,10631,256x256,256x256,True,kept,True,,
high_quality_architectural_7696_Floor-1.npz,high_quality_architectural/7696/Floor-1,2,"0,1,2,4,8",5,36138,36138,256x256,256x256,False,room_count_below_min,False,,
high_quality_architectural_769_Floor-1.npz,high_quality_architectural/769/Floor-1,6,"0,1,2,4,5,6,7,8",8,12249,12249,256x256,256x256,True,kept,True,,
high_quality_architectural_769_Floor-2.npz,high_quality_architectural/769/Floor-2,12,"0,2,3,4,7,8",6,14149,14149,256x256,256x256,True,kept,True,,
high_quality_architectural_7700_Floor-1.npz,high_quality_architectural/7700/Floor-1,9,"0,1,2,3,4,5,7,8",8,37918,37918,256x256,256x256,True,kept,True,,
high_quality_architectural_7701_Floor-1.npz,high_quality_architectural/7701/Floor-1,8,"0,1,2,3,4,5,7,8",8,27907,27907,256x256,256x256,True,kept,True,,
high_quality_architectural_7705_Floor-1.npz,high_quality_architectural/7705/Floor-1,0,"0,8",2,5520,5520,256x256,256x256,False,room_count_below_min,False,,
high_quality_architectural_7706_Floor-1.npz,high_quality_architectural/7706/Floor-1,7,"0,1,2,3,4,5,7,8",8,39201,39201,256x256,256x256,True,kept,True,,
high_quality_architectural_7710_Floor-1.npz,high_quality_architectural/7710/Floor-1,6,"0,1,2,3,4,5,8",7,34915,34915,256x256,256x256,True,kept,True,,
high_quality_architectural_7711_Floor-1.npz,high_quality_architectural/7711/Floor-1,11,"0,1,2,3,4,5,7,8",8,31329,31329,256x256,256x256,True,kept,True,,
high_quality_architectural_7712_Floor-1.npz,high_quality_architectural/7712/Floor-1,0,"0,8",2,9830,9830,256x256,256x256,False,room_count_below_min,False,,
high_quality_architectural_7714_Floor-1.npz,high_quality_architectural/7714/Floor-1,1,"0,4,8",3,8853,8853,256x256,256x256,False,room_count_below_min,False,,
high_quality_architectural_7715_Floor-1.npz,high_quality_architectural/7715/Floor-1,6,"0,1,2,3,4,5,8",7,31427,31427,256x256,256x256,True,kept,True,,
high_quality_architectural_7718_Floor-1.npz,high_quality_architectural/7718/Floor-1,5,"0,2,3,4,5,8",6,15055,15055,256x256,256x256,True,kept,True,,
high_quality_architectural_7718_Floor-2.npz,high_quality_architectural/7718/Floor-2,1,"0,5,8",3,7286,7286,256x256,256x256,False,room_count_below_min,False,,
high_quality_architectural_7724_Floor-1.npz,high_quality_architectural/7724/Floor-1,13,"0,1,2,3,4,5,6,7,8",9,29024,29024,256x256,256x256,True,kept,True,,
high_quality_architectural_772_Floor-1.npz,high_quality_architectural/772/Floor-1,2,"0,1,2,3,4,5,8",7,31794,31794,256x256,256x256,False,room_count_below_min,False,,
high_quality_architectural_7731_Floor-1.npz,high_quality_architectural/7731/Floor-1,6,"0,1,2,4,5,7,8",7,15355,15355,256x256,256x256,True,kept,True,,
high_quality_architectural_7731_Floor-2.npz,high_quality_architectural/7731/Floor-2,8,"0,3,4,5,7,8",6,11576,11576,256x256,256x256,True,kept,True,,
high_quality_architectural_7740_Floor-1.npz,high_quality_architectural/7740/Floor-1,5,"0,2,3,4,7,8",6,13163,13163,256x256,256x256,True,kept,True,,
high_quality_architectural_7740_Floor-2.npz,high_quality_architectural/7740/Floor-2,8,"0,1,2,3,4,5,6,7,8",9,22494,22494,256x256,256x256,True,kept,True,,
high_quality_architectural_7748_Floor-1.npz,high_quality_architectural/7748/Floor-1,4,"0,1,2,3,4,5,8",7,28689,28689,256x256,256x256,True,kept,True,,
high_quality_architectural_774_Floor-1.npz,high_quality_architectural/774/Floor-1,9,"0,1,2,3,4,5,7,8",8,36699,36699,256x256,256x256,True,kept,True,,
high_quality_architectural_7752_Floor-1.npz,high_quality_architectural/7752/Floor-1,9,"0,1,2,3,4,5,7,8",8,33121,33121,256x256,256x256,True,kept,True,,
high_quality_architectural_7754_Floor-1.npz,high_quality_architectural/7754/Floor-1,2,"0,1,2,4,5,7,8",7,28147,28147,256x256,256x256,False,room_count_below_min,False,,
high_quality_architectural_7756_Floor-1.npz,high_quality_architectural/7756/Floor-1,6,"0,1,2,3,5,6,7,8",8,34044,34044,256x256,256x256,True,kept,True,,
high_quality_architectural_7757_Floor-1.npz,high_quality_architectural/7757/Floor-1,5,"0,1,2,3,4,5,6,7,8",9,17842,17842,256x256,256x256,True,kept,True,,
high_quality_architectural_7757_Floor-2.npz,high_quality_architectural/7757/Floor-2,4,"0,3,5,7,8",5,8906,8906,256x256,256x256,True,kept,True,,
high_quality_architectural_7758_Floor-1.npz,high_quality_architectural/7758/Floor-1,4,"0,1,2,4,5,8",6,32175,32175,256x256,256x256,True,kept,True,,
high_quality_architectural_775_Floor-1.npz,high_quality_architectural/775/Floor-1,7,"0,1,3,4,6,7,8",7,23474,23474,256x256,256x256,True,kept,True,,
high_quality_architectural_7760_Floor-1.npz,high_quality_architectural/7760/Floor-1,11,"0,1,2,4,5,7,8",7,20327,20327,256x256,256x256,True,kept,True,,
high_quality_architectural_7760_Floor-2.npz,high_quality_architectural/7760/Floor-2,4,"0,5,7,8",4,12889,12889,256x256,256x256,True,kept,True,,
high_quality_architectural_7761_Floor-1.npz,high_quality_architectural/7761/Floor-1,4,"0,1,2,3,4,5,7,8",8,34423,34423,256x256,256x256,True,kept,True,,
high_quality_architectural_7763_Floor-1.npz,high_quality_architectural/7763/Floor-1,5,"0,1,2,3,4,5,8",7,33749,33749,256x256,256x256,True,kept,True,,
high_quality_architectural_7766_Floor-1.npz,high_quality_architectural/7766/Floor-1,1,"0,1,2,8",4,8129,8129,256x256,256x256,False,room_count_below_min,False,,
high_quality_architectural_7766_Floor-2.npz,high_quality_architectural/7766/Floor-2,2,"0,3,8",3,5834,5834,256x256,256x256,False,room_count_below_min,False,,
high_quality_architectural_7772_Floor-1.npz,high_quality_architectural/7772/Floor-1,6,"0,1,2,4,5,7,8",7,43886,43886,256x256,256x256,True,kept,True,,
high_quality_architectural_7773_Floor-1.npz,high_quality_architectural/7773/Floor-1,7,"0,1,3,4,5,7,8",7,23623,23623,256x256,256x256,True,kept,True,,
high_quality_architectural_7777_Floor-1.npz,high_quality_architectural/7777/Floor-1,5,"0,1,2,3,4,5,7,8",8,42927,42927,256x256,256x256,True,kept,True,,
high_quality_architectural_777_Floor-1.npz,high_quality_architectural/777/Floor-1,5,"0,1,2,3,4,5,8",7,26821,26821,256x256,256x256,True,kept,True,,
high_quality_architectural_7780_Floor-1.npz,high_quality_architectural/7780/Floor-1,8,"0,1,3,4,5,7,8",7,34359,34359,256x256,256x256,True,kept,True,,
high_quality_architectural_7787_Floor-1.npz,high_quality_architectural/7787/Floor-1,3,"0,1,2,4,5,7,8",7,29200,29200,256x256,256x256,True,kept,True,,
high_quality_architectural_7791_Floor-1.npz,high_quality_architectural/7791/Floor-1,4,"0,2,3,4,5,7,8",7,28409,28409,256x256,256x256,True,kept,True,,
high_quality_architectural_7795_Floor-1.npz,high_quality_architectural/7795/Floor-1,14,"0,1,2,3,4,5,7,8",8,36179,36179,256x256,256x256,True,kept,True,,
high_quality_architectural_7798_Floor-1.npz,high_quality_architectural/7798/Floor-1,15,"0,1,2,3,4,5,6,7,8",9,31770,31770,256x256,256x256,True,kept,True,,
high_quality_architectural_7799_Floor-1.npz,high_quality_architectural/7799/Floor-1,12,"0,1,2,3,4,5,7,8",8,42055,42055,256x256,256x256,True,kept,True,,
high_quality_architectural_7800_Floor-1.npz,high_quality_architectural/7800/Floor-1,10,"0,2,4,5,7,8",6,35248,35248,256x256,256x256,True,kept,True,,
high_quality_architectural_7802_Floor-1.npz,high_quality_architectural/7802/Floor-1,13,"0,1,2,3,4,5,7,8",8,31456,31456,256x256,256x256,True,kept,True,,
high_quality_architectural_7805_Floor-1.npz,high_quality_architectural/7805/Floor-1,2,"0,1,2,5,8",5,36340,36340,256x256,256x256,False,room_count_below_min,False,,
high_quality_architectural_7809_Floor-1.npz,high_quality_architectural/7809/Floor-1,4,"0,2,3,5,7,8",6,26145,26145,256x256,256x256,True,kept,True,,
high_quality_architectural_7812_Floor-1.npz,high_quality_architectural/7812/Floor-1,5,"0,1,2,3,4,5,7,8",8,24925,24925,256x256,256x256,True,kept,True,,
high_quality_architectural_7813_Floor-1.npz,high_quality_architectural/7813/Floor-1,3,"0,1,3,4,5,8",6,25120,25120,256x256,256x256,True,kept,True,,
high_quality_architectural_7819_Floor-1.npz,high_quality_architectural/7819/Floor-1,0,"0,8",2,2842,2842,256x256,256x256,False,room_count_below_min,False,,
high_quality_architectural_7819_Floor-2.npz,high_quality_architectural/7819/Floor-2,0,"0,8",2,2310,2310,256x256,256x256,False,room_count_below_min,False,,
high_quality_architectural_7820_Floor-1.npz,high_quality_architectural/7820/Floor-1,7,"0,2,3,4,5,7,8",7,13230,13230,256x256,256x256,True,kept,True,,
high_quality_architectural_7820_Floor-2.npz,high_quality_architectural/7820/Floor-2,6,"0,1,2,3,5,6,7,8",8,17205,17205,256x256,256x256,True,kept,True,,
high_quality_architectural_7821_Floor-1.npz,high_quality_architectural/7821/Floor-1,8,"0,1,2,4,5,6,7,8",8,36306,36306,256x256,256x256,True,kept,True,,
high_quality_architectural_7832_Floor-1.npz,high_quality_architectural/7832/Floor-1,3,"0,1,2,3,5,7,8",7,38494,38494,256x256,256x256,True,kept,True,,
high_quality_architectural_7835_Floor-1.npz,high_quality_architectural/7835/Floor-1,4,"0,1,2,3,5,7,8",7,43274,43274,256x256,256x256,True,kept,True,,
high_quality_architectural_7838_Floor-1.npz,high_quality_architectural/7838/Floor-1,1,"0,4,8",3,10269,10269,256x256,256x256,False,room_count_below_min,False,,
high_quality_architectural_783_Floor-1.npz,high_quality_architectural/783/Floor-1,5,"0,1,2,3,4,5,6,7,8",9,12427,12427,256x256,256x256,True,kept,True,,
high_quality_architectural_783_Floor-2.npz,high_quality_architectural/783/Floor-2,6,"0,2,5,7,8",5,10194,10194,256x256,256x256,True,kept,True,,
high_quality_architectural_7842_Floor-1.npz,high_quality_architectural/7842/Floor-1,4,"0,2,3,4,7,8",6,33557,33557,256x256,256x256,True,kept,True,,
high_quality_architectural_784_Floor-1.npz,high_quality_architectural/784/Floor-1,10,"0,1,2,3,4,5,7,8",8,38332,38332,256x256,256x256,True,kept,True,,
high_quality_architectural_7853_Floor-1.npz,high_quality_architectural/7853/Floor-1,4,"0,2,3,4,5,7,8",7,36900,36900,256x256,256x256,True,kept,True,,
high_quality_architectural_7854_Floor-1.npz,high_quality_architectural/7854/Floor-1,2,"0,1,7,8",4,11012,11012,256x256,256x256,False,room_count_below_min,False,,
high_quality_architectural_7857_Floor-1.npz,high_quality_architectural/7857/Floor-1,5,"0,1,2,4,5,7,8",7,32748,32748,256x256,256x256,True,kept,True,,
high_quality_architectural_7858_Floor-1.npz,high_quality_architectural/7858/Floor-1,9,"0,1,2,3,4,5,7,8",8,32617,32617,256x256,256x256,True,kept,True,,
high_quality_architectural_7859_Floor-1.npz,high_quality_architectural/7859/Floor-1,9,"0,2,3,4,5,7,8",7,20226,20226,256x256,256x256,True,kept,True,,
high_quality_architectural_7859_Floor-2.npz,high_quality_architectural/7859/Floor-2,3,"0,3,4,7,8",5,7729,7729,256x256,256x256,True,kept,True,,
high_quality_architectural_7861_Floor-1.npz,high_quality_architectural/7861/Floor-1,6,"0,1,2,4,5,7,8",7,21162,21162,256x256,256x256,True,kept,True,,
high_quality_architectural_7861_Floor-2.npz,high_quality_architectural/7861/Floor-2,5,"0,3,5,7,8",5,21145,21145,256x256,256x256,True,kept,True,,
high_quality_architectural_7864_Floor-1.npz,high_quality_architectural/7864/Floor-1,6,"0,1,3,4,5,7,8",7,26369,26369,256x256,256x256,True,kept,True,,
high_quality_architectural_7869_Floor-1.npz,high_quality_architectural/7869/Floor-1,2,"0,2,3,4,5,8",6,31781,31781,256x256,256x256,False,room_count_below_min,False,,
high_quality_architectural_7870_Floor-1.npz,high_quality_architectural/7870/Floor-1,0,"0,8",2,3400,3400,256x256,256x256,False,room_count_below_min,False,,
high_quality_architectural_7870_Floor-2.npz,high_quality_architectural/7870/Floor-2,1,"0,2,8",3,2963,2963,256x256,256x256,False,room_count_below_min,False,,
high_quality_architectural_7876_Floor-1.npz,high_quality_architectural/7876/Floor-1,8,"0,1,2,4,5,8",6,30608,30608,256x256,256x256,True,kept,True,,
high_quality_architectural_7876_Floor-2.npz,high_quality_architectural/7876/Floor-2,4,"0,2,5,7,8",5,16503,16503,256x256,256x256,True,kept,True,,
high_quality_architectural_7877_Floor-1.npz,high_quality_architectural/7877/Floor-1,5,"0,1,2,3,4,5,8",7,30110,30110,256x256,256x256,True,kept,True,,
high_quality_architectural_7879_Floor-1.npz,high_quality_architectural/7879/Floor-1,7,"0,1,2,4,5,7,8",7,31571,31571,256x256,256x256,True,kept,True,,
high_quality_architectural_7880_Floor-1.npz,high_quality_architectural/7880/Floor-1,0,"0,8",2,2037,2037,256x256,256x256,False,room_count_below_min,False,,
high_quality_architectural_7880_Floor-2.npz,high_quality_architectural/7880/Floor-2,0,"0,8",2,2090,2090,256x256,256x256,False,room_count_below_min,False,,
high_quality_architectural_7885_Floor-1.npz,high_quality_architectural/7885/Floor-1,10,"0,1,2,3,4,5,7,8",8,39901,39901,256x256,256x256,True,kept,True,,
high_quality_architectural_788_Floor-1.npz,high_quality_architectural/788/Floor-1,3,"0,2,3,5,8",5,31029,31029,256x256,256x256,True,kept,True,,
high_quality_architectural_7893_Floor-1.npz,high_quality_architectural/7893/Floor-1,3,"0,1,7,8",4,9326,9326,256x256,256x256,True,kept,True,,
high_quality_architectural_7894_Floor-1.npz,high_quality_architectural/7894/Floor-1,8,"0,1,2,5,7,8",6,22282,22282,256x256,256x256,True,kept,True,,
high_quality_architectural_7894_Floor-2.npz,high_quality_architectural/7894/Floor-2,5,"0,2,7,8",4,15474,15474,256x256,256x256,True,kept,True,,
high_quality_architectural_789_Floor-1.npz,high_quality_architectural/789/Floor-1,3,"0,1,4,5,7,8",6,19995,19995,256x256,256x256,True,kept,True,,
high_quality_architectural_78_Floor-1.npz,high_quality_architectural/78/Floor-1,11,"0,1,2,4,5,7,8",7,33207,33207,256x256,256x256,True,kept,True,,
high_quality_architectural_7901_Floor-1.npz,high_quality_architectural/7901/Floor-1,5,"0,1,2,3,4,5,7,8",8,29126,29126,256x256,256x256,True,kept,True,,
high_quality_architectural_790_Floor-1.npz,high_quality_architectural/790/Floor-1,5,"0,1,2,4,5,8",6,39598,39598,256x256,256x256,True,kept,True,,
high_quality_architectural_7910_Floor-1.npz,high_quality_architectural/7910/Floor-1,5,"0,1,2,3,4,5,8",7,18714,18714,256x256,256x256,True,kept,True,,
high_quality_architectural_7910_Floor-2.npz,high_quality_architectural/7910/Floor-2,3,"0,3,5,8",4,15766,15766,256x256,256x256,True,kept,True,,
high_quality_architectural_7911_Floor-1.npz,high_quality_architectural/7911/Floor-1,5,"0,1,2,3,4,5,8",7,17761,17761,256x256,256x256,True,kept,True,,
high_quality_architectural_7911_Floor-2.npz,high_quality_architectural/7911/Floor-2,4,"0,3,4,5,8",5,15267,15267,256x256,256x256,True,kept,True,,
high_quality_architectural_7914_Floor-1.npz,high_quality_architectural/7914/Floor-1,12,"0,1,2,3,4,5,6,7,8",9,34634,34634,256x256,256x256,True,kept,True,,
high_quality_architectural_7915_Floor-1.npz,high_quality_architectural/7915/Floor-1,5,"0,1,2,4,5,7,8",7,12532,12532,256x256,256x256,True,kept,True,,
high_quality_architectural_7915_Floor-2.npz,high_quality_architectural/7915/Floor-2,4,"0,3,4,8",4,11125,11125,256x256,256x256,True,kept,True,,
high_quality_architectural_7918_Floor-1.npz,high_quality_architectural/7918/Floor-1,0,"0,8",2,2866,2866,256x256,256x256,False,room_count_below_min,False,,
high_quality_architectural_7923_Floor-1.npz,high_quality_architectural/7923/Floor-1,5,"0,2,3,4,5,7,8",7,26935,26935,256x256,256x256,True,kept,True,,
high_quality_architectural_7924_Floor-1.npz,high_quality_architectural/7924/Floor-1,7,"0,2,3,4,5,7,8",7,26428,26428,256x256,256x256,True,kept,True,,
high_quality_architectural_793_Floor-1.npz,high_quality_architectural/793/Floor-1,3,"0,2,4,5,7,8",6,41820,41820,256x256,256x256,True,kept,True,,
high_quality_architectural_7941_Floor-1.npz,high_quality_architectural/7941/Floor-1,10,"0,2,3,4,5,7,8",7,24110,24110,256x256,256x256,True,kept,True,,
high_quality_architectural_7948_Floor-1.npz,high_quality_architectural/7948/Floor-1,7,"0,2,3,4,5,7,8",7,29943,29943,256x256,256x256,True,kept,True,,
high_quality_architectural_7949_Floor-1.npz,high_quality_architectural/7949/Floor-1,3,"0,1,2,3,8",5,24261,24261,256x256,256x256,True,kept,True,,
high_quality_architectural_7955_Floor-1.npz,high_quality_architectural/7955/Floor-1,1,"0,7,8",3,8442,8442,256x256,256x256,False,room_count_below_min,False,,
high_quality_architectural_7961_Floor-1.npz,high_quality_architectural/7961/Floor-1,7,"0,1,2,3,4,5,8",7,32829,32829,256x256,256x256,True,kept,True,,
high_quality_architectural_7964_Floor-1.npz,high_quality_architectural/7964/Floor-1,4,"0,1,2,3,4,5,6,8",8,21979,21979,256x256,256x256,True,kept,True,,
high_quality_architectural_7964_Floor-2.npz,high_quality_architectural/7964/Floor-2,2,"0,5,8",3,13307,13307,256x256,256x256,False,room_count_below_min,False,,
high_quality_architectural_7965_Floor-1.npz,high_quality_architectural/7965/Floor-1,1,"0,5,8",3,4709,4709,256x256,256x256,False,room_count_below_min,False,,
high_quality_architectural_7974_Floor-1.npz,high_quality_architectural/7974/Floor-1,4,"0,1,2,4,6,8",6,14010,14010,256x256,256x256,True,kept,True,,
high_quality_architectural_7974_Floor-2.npz,high_quality_architectural/7974/Floor-2,4,"0,2,5,7,8",5,12936,12936,256x256,256x256,True,kept,True,,
high_quality_architectural_797_Floor-1.npz,high_quality_architectural/797/Floor-1,13,"0,1,2,3,4,5,7,8",8,38684,38684,256x256,256x256,True,kept,True,,
high_quality_architectural_7980_Floor-1.npz,high_quality_architectural/7980/Floor-1,5,"0,1,3,4,5,7,8",7,23587,23587,256x256,256x256,True,kept,True,,
high_quality_architectural_7981_Floor-1.npz,high_quality_architectural/7981/Floor-1,8,"0,2,4,5,7,8",6,11355,11355,256x256,256x256,True,kept,True,,
high_quality_architectural_7981_Floor-2.npz,high_quality_architectural/7981/Floor-2,7,"0,1,2,3,4,5,7,8",8,10359,10359,256x256,256x256,True,kept,True,,
high_quality_architectural_7982_Floor-1.npz,high_quality_architectural/7982/Floor-1,5,"0,3,4,7,8",5,11146,11146,256x256,256x256,True,kept,True,,
high_quality_architectural_7982_Floor-2.npz,high_quality_architectural/7982/Floor-2,4,"0,1,2,4,5,8",6,9802,9802,256x256,256x256,True,kept,True,,
high_quality_architectural_799_Floor-1.npz,high_quality_architectural/799/Floor-1,7,"0,1,2,3,4,5,7,8",8,26178,26178,256x256,256x256,True,kept,True,,
high_quality_architectural_8002_Floor-1.npz,high_quality_architectural/8002/Floor-1,8,"0,1,2,3,4,8",6,35670,35670,256x256,256x256,True,kept,True,,
high_quality_architectural_8009_Floor-1.npz,high_quality_architectural/8009/Floor-1,4,"0,1,2,4,5,7,8",7,15965,15965,256x256,256x256,True,kept,True,,
high_quality_architectural_8009_Floor-2.npz,high_quality_architectural/8009/Floor-2,2,"0,3,4,8",4,7489,7489,256x256,256x256,False,room_count_below_min,False,,
high_quality_architectural_801_Floor-1.npz,high_quality_architectural/801/Floor-1,5,"0,1,2,3,4,5,7,8",8,40157,40157,256x256,256x256,True,kept,True,,
high_quality_architectural_8021_Floor-1.npz,high_quality_architectural/8021/Floor-1,5,"0,1,2,3,4,5,7,8",8,26020,26020,256x256,256x256,True,kept,True,,
high_quality_architectural_8022_Floor-1.npz,high_quality_architectural/8022/Floor-1,11,"0,1,2,3,4,5,6,7,8",9,42161,42161,256x256,256x256,True,kept,True,,
high_quality_architectural_8028_Floor-1.npz,high_quality_architectural/8028/Floor-1,3,"0,1,2,3,4,5,7,8",8,30115,30115,256x256,256x256,True,kept,True,,
high_quality_architectural_8029_Floor-1.npz,high_quality_architectural/8029/Floor-1,0,"0,8",2,4284,4284,256x256,256x256,False,room_count_below_min,False,,
high_quality_architectural_8032_Floor-1.npz,high_quality_architectural/8032/Floor-1,5,"0,1,2,3,4,5,8",7,10378,10378,256x256,256x256,True,kept,True,,
high_quality_architectural_8032_Floor-2.npz,high_quality_architectural/8032/Floor-2,5,"0,2,3,5,7,8",6,9613,9613,256x256,256x256,True,kept,True,,
high_quality_architectural_8039_Floor-1.npz,high_quality_architectural/8039/Floor-1,12,"0,1,2,3,4,5,7,8",8,31357,31357,256x256,256x256,True,kept,True,,
high_quality_architectural_8046_Floor-1.npz,high_quality_architectural/8046/Floor-1,3,"0,2,4,8",4,19203,19203,256x256,256x256,True,kept,True,,
high_quality_architectural_8046_Floor-2.npz,high_quality_architectural/8046/Floor-2,3,"0,1,3,4,8",5,20948,20948,256x256,256x256,True,kept,True,,
high_quality_architectural_8049_Floor-1.npz,high_quality_architectural/8049/Floor-1,2,"0,1,4,5,8",5,11082,11082,256x256,256x256,False,room_count_below_min,False,,
high_quality_architectural_8049_Floor-2.npz,high_quality_architectural/8049/Floor-2,7,"0,2,3,4,5,8",6,17725,17725,256x256,256x256,True,kept,True,,
high_quality_architectural_8059_Floor-1.npz,high_quality_architectural/8059/Floor-1,1,"0,1,2,8",4,21822,21822,256x256,256x256,False,room_count_below_min,False,,
high_quality_architectural_8060_Floor-1.npz,high_quality_architectural/8060/Floor-1,2,"0,7,8",3,31039,31039,256x256,256x256,False,room_count_below_min,False,,
high_quality_architectural_8066_Floor-1.npz,high_quality_architectural/8066/Floor-1,2,"0,7,8",3,8533,8533,256x256,256x256,False,room_count_below_min,False,,
high_quality_architectural_8066_Floor-2.npz,high_quality_architectural/8066/Floor-2,3,"0,1,2,3,4,5,7,8",8,7665,7665,256x256,256x256,True,kept,True,,
high_quality_architectural_8066_Floor-3.npz,high_quality_architectural/8066/Floor-3,0,"0,8",2,1638,1638,256x256,256x256,False,room_count_below_min,False,,
high_quality_architectural_8070_Floor-1.npz,high_quality_architectural/8070/Floor-1,5,"0,2,4,5,8",5,34486,34486,256x256,256x256,True,kept,True,,
high_quality_architectural_8072_Floor-1.npz,high_quality_architectural/8072/Floor-1,3,"0,3,5,8",4,20380,20380,256x256,256x256,True,kept,True,,
high_quality_architectural_8073_Floor-1.npz,high_quality_architectural/8073/Floor-1,11,"0,1,2,3,4,5,7,8",8,23308,23308,256x256,256x256,True,kept,True,,
high_quality_architectural_8083_Floor-1.npz,high_quality_architectural/8083/Floor-1,3,"0,1,2,4,8",5,24251,24251,256x256,256x256,True,kept,True,,
high_quality_architectural_8085_Floor-1.npz,high_quality_architectural/8085/Floor-1,6,"0,1,2,3,4,5,7,8",8,18142,18142,256x256,256x256,True,kept,True,,
high_quality_architectural_8085_Floor-2.npz,high_quality_architectural/8085/Floor-2,8,"0,3,7,8",4,12857,12857,256x256,256x256,True,kept,True,,
high_quality_architectural_8089_Floor-1.npz,high_quality_architectural/8089/Floor-1,7,"0,1,2,3,4,5,7,8",8,33741,33741,256x256,256x256,True,kept,True,,
high_quality_architectural_8090_Floor-1.npz,high_quality_architectural/8090/Floor-1,9,"0,1,2,3,4,5,7,8",8,33839,33839,256x256,256x256,True,kept,True,,
high_quality_architectural_8091_Floor-1.npz,high_quality_architectural/8091/Floor-1,2,"0,1,2,3,8",5,32751,32751,256x256,256x256,False,room_count_below_min,False,,
high_quality_architectural_8096_Floor-1.npz,high_quality_architectural/8096/Floor-1,3,"0,2,3,5,7,8",6,6524,6524,256x256,256x256,True,kept,True,,
high_quality_architectural_8096_Floor-2.npz,high_quality_architectural/8096/Floor-2,1,"0,5,8",3,5087,5087,256x256,256x256,False,room_count_below_min,False,,
high_quality_architectural_8098_Floor-1.npz,high_quality_architectural/8098/Floor-1,4,"0,1,2,3,4,8",6,29806,29806,256x256,256x256,True,kept,True,,
high_quality_architectural_8100_Floor-1.npz,high_quality_architectural/8100/Floor-1,9,"0,1,2,3,4,5,6,7,8",9,32970,32970,256x256,256x256,True,kept,True,,
high_quality_architectural_8103_Floor-1.npz,high_quality_architectural/8103/Floor-1,16,"0,1,2,3,4,5,7,8",8,36346,36346,256x256,256x256,True,kept,True,,
high_quality_architectural_8105_Floor-1.npz,high_quality_architectural/8105/Floor-1,4,"0,1,2,3,5,6,7,8",8,47165,47165,256x256,256x256,True,kept,True,,
high_quality_architectural_8109_Floor-1.npz,high_quality_architectural/8109/Floor-1,4,"0,1,3,4,8",5,29597,29597,256x256,256x256,True,kept,True,,
high_quality_architectural_8117_Floor-1.npz,high_quality_architectural/8117/Floor-1,2,"0,7,8",3,5972,5972,256x256,256x256,False,room_count_below_min,False,,
high_quality_architectural_8117_Floor-2.npz,high_quality_architectural/8117/Floor-2,2,"0,1,2,4,5,6,8",7,7037,7037,256x256,256x256,False,room_count_below_min,False,,
high_quality_architectural_8117_Floor-3.npz,high_quality_architectural/8117/Floor-3,7,"0,3,4,5,7,8",6,10597,10597,256x256,256x256,True,kept,True,,
high_quality_architectural_8119_Floor-1.npz,high_quality_architectural/8119/Floor-1,5,"0,1,2,4,5,7,8",7,14113,14113,256x256,256x256,True,kept,True,,
high_quality_architectural_8119_Floor-2.npz,high_quality_architectural/8119/Floor-2,5,"0,3,5,7,8",5,10561,10561,256x256,256x256,True,kept,True,,
high_quality_architectural_811_Floor-1.npz,high_quality_architectural/811/Floor-1,5,"0,1,2,4,5,7,8",7,27022,27022,256x256,256x256,True,kept,True,,
high_quality_architectural_8121_Floor-1.npz,high_quality_architectural/8121/Floor-1,3,"0,2,3,4,5,8",6,27256,27256,256x256,256x256,True,kept,True,,
high_quality_architectural_8127_Floor-1.npz,high_quality_architectural/8127/Floor-1,2,"0,1,2,4,5,8",6,33403,33403,256x256,256x256,False,room_count_below_min,False,,
high_quality_architectural_8129_Floor-1.npz,high_quality_architectural/8129/Floor-1,6,"0,1,2,4,7,8",6,36108,36108,256x256,256x256,True,kept,True,,
high_quality_architectural_812_Floor-1.npz,high_quality_architectural/812/Floor-1,5,"0,1,2,3,4,5,7,8",8,36254,36254,256x256,256x256,True,kept,True,,
high_quality_architectural_8134_Floor-1.npz,high_quality_architectural/8134/Floor-1,10,"0,1,2,3,4,5,7,8",8,26415,26415,256x256,256x256,True,kept,True,,
high_quality_architectural_8138_Floor-1.npz,high_quality_architectural/8138/Floor-1,5,"0,1,2,4,5,7,8",7,23898,23898,256x256,256x256,True,kept,True,,
high_quality_architectural_8139_Floor-1.npz,high_quality_architectural/8139/Floor-1,7,"0,1,2,3,4,5,7,8",8,34801,34801,256x256,256x256,True,kept,True,,
high_quality_architectural_8143_Floor-1.npz,high_quality_architectural/8143/Floor-1,5,"0,1,2,3,4,5,6,7,8",9,30597,30597,256x256,256x256,True,kept,True,,
high_quality_architectural_8154_Floor-1.npz,high_quality_architectural/8154/Floor-1,3,"0,1,2,3,5,8",6,41679,41679,256x256,256x256,True,kept,True,,
high_quality_architectural_8155_Floor-1.npz,high_quality_architectural/8155/Floor-1,12,"0,1,2,3,4,5,7,8",8,33064,33064,256x256,256x256,True,kept,True,,
high_quality_architectural_8158_Floor-1.npz,high_quality_architectural/8158/Floor-1,4,"0,1,2,4,5,6,8",7,16993,16993,256x256,256x256,True,kept,True,,
high_quality_architectural_8158_Floor-2.npz,high_quality_architectural/8158/Floor-2,2,"0,3,4,8",4,10557,10557,256x256,256x256,False,room_count_below_min,False,,
high_quality_architectural_8159_Floor-1.npz,high_quality_architectural/8159/Floor-1,9,"0,1,3,4,5,7,8",7,18243,18243,256x256,256x256,True,kept,True,,
high_quality_architectural_8160_Floor-1.npz,high_quality_architectural/8160/Floor-1,3,"0,4,7,8",4,10802,10802,256x256,256x256,True,kept,True,,
high_quality_architectural_8160_Floor-2.npz,high_quality_architectural/8160/Floor-2,4,"0,1,2,3,7,8",6,16385,16385,256x256,256x256,True,kept,True,,
high_quality_architectural_8160_Floor-3.npz,high_quality_architectural/8160/Floor-3,4,"0,3,4,5,7,8",6,9706,9706,256x256,256x256,True,kept,True,,
high_quality_architectural_8164_Floor-1.npz,high_quality_architectural/8164/Floor-1,3,"0,1,2,3,7,8",6,29648,29648,256x256,256x256,True,kept,True,,
high_quality_architectural_816_Floor-1.npz,high_quality_architectural/816/Floor-1,4,"0,1,2,4,5,8",6,35466,35466,256x256,256x256,True,kept,True,,
high_quality_architectural_8172_Floor-1.npz,high_quality_architectural/8172/Floor-1,4,"0,1,2,3,4,7,8",7,28648,28648,256x256,256x256,True,kept,True,,
high_quality_architectural_8174_Floor-1.npz,high_quality_architectural/8174/Floor-1,13,"0,2,3,4,5,7,8",7,25733,25733,256x256,256x256,True,kept,True,,
high_quality_architectural_8184_Floor-1.npz,high_quality_architectural/8184/Floor-1,2,"0,1,2,5,7,8",6,31864,31864,256x256,256x256,False,room_count_below_min,False,,
high_quality_architectural_8189_Floor-1.npz,high_quality_architectural/8189/Floor-1,6,"0,1,2,3,4,5,8",7,21448,21448,256x256,256x256,True,kept,True,,
high_quality_architectural_8194_Floor-1.npz,high_quality_architectural/8194/Floor-1,9,"0,1,2,3,4,5,6,7,8",9,32263,32263,256x256,256x256,True,kept,True,,
high_quality_architectural_8199_Floor-1.npz,high_quality_architectural/8199/Floor-1,5,"0,1,2,3,4,5,7,8",8,34105,34105,256x256,256x256,True,kept,True,,
high_quality_architectural_81_Floor-1.npz,high_quality_architectural/81/Floor-1,4,"0,1,3,4,5,7,8",7,30399,30399,256x256,256x256,True,kept,True,,
high_quality_architectural_8202_Floor-1.npz,high_quality_architectural/8202/Floor-1,17,"0,1,2,3,4,5,6,7,8",9,19882,19882,256x256,256x256,True,kept,True,,
high_quality_architectural_8207_Floor-1.npz,high_quality_architectural/8207/Floor-1,2,"0,1,3,4,8",5,20944,20944,256x256,256x256,False,room_count_below_min,False,,
high_quality_architectural_8208_Floor-1.npz,high_quality_architectural/8208/Floor-1,8,"0,1,2,3,4,5,6,7,8",9,22868,22868,256x256,256x256,True,kept,True,,
high_quality_architectural_8208_Floor-2.npz,high_quality_architectural/8208/Floor-2,5,"0,2,3,4,7,8",6,16044,16044,256x256,256x256,True,kept,True,,
high_quality_architectural_8209_Floor-1.npz,high_quality_architectural/8209/Floor-1,7,"0,2,4,5,7,8",6,7728,7728,256x256,256x256,True,kept,True,,
high_quality_architectural_8209_Floor-2.npz,high_quality_architectural/8209/Floor-2,9,"0,1,2,3,4,5,6,7,8",9,10714,10714,256x256,256x256,True,kept,True,,
high_quality_architectural_8212_Floor-1.npz,high_quality_architectural/8212/Floor-1,5,"0,1,2,4,5,8",6,15963,15963,256x256,256x256,True,kept,True,,
high_quality_architectural_8212_Floor-2.npz,high_quality_architectural/8212/Floor-2,4,"0,3,5,7,8",5,15384,15384,256x256,256x256,True,kept,True,,
high_quality_architectural_8213_Floor-1.npz,high_quality_architectural/8213/Floor-1,5,"0,1,2,3,4,5,7,8",8,43399,43399,256x256,256x256,True,kept,True,,
high_quality_architectural_8216_Floor-1.npz,high_quality_architectural/8216/Floor-1,7,"0,1,2,3,4,5,8",7,34092,34092,256x256,256x256,True,kept,True,,
high_quality_architectural_8217_Floor-1.npz,high_quality_architectural/8217/Floor-1,4,"0,1,2,3,8",5,28653,28653,256x256,256x256,True,kept,True,,
high_quality_architectural_8218_Floor-1.npz,high_quality_architectural/8218/Floor-1,6,"0,2,3,4,5,7,8",7,31958,31958,256x256,256x256,True,kept,True,,
high_quality_architectural_821_Floor-1.npz,high_quality_architectural/821/Floor-1,5,"0,1,4,5,7,8",6,6385,6385,256x256,256x256,True,kept,True,,
high_quality_architectural_821_Floor-2.npz,high_quality_architectural/821/Floor-2,6,"0,3,4,5,7,8",6,11016,11016,256x256,256x256,True,kept,True,,
high_quality_architectural_8224_Floor-1.npz,high_quality_architectural/8224/Floor-1,2,"0,2,3,5,8",5,34497,34497,256x256,256x256,False,room_count_below_min,False,,
high_quality_architectural_8228_Floor-1.npz,high_quality_architectural/8228/Floor-1,3,"0,5,7,8",4,7579,7579,256x256,256x256,True,kept,True,,
high_quality_architectural_8228_Floor-2.npz,high_quality_architectural/8228/Floor-2,6,"0,1,2,3,4,5,7,8",8,12360,12360,256x256,256x256,True,kept,True,,
high_quality_architectural_8231_Floor-1.npz,high_quality_architectural/8231/Floor-1,4,"0,2,5,7,8",5,9581,9581,256x256,256x256,True,kept,True,,
high_quality_architectural_8231_Floor-2.npz,high_quality_architectural/8231/Floor-2,4,"0,2,4,5,7,8",6,14183,14183,256x256,256x256,True,kept,True,,
high_quality_architectural_8236_Floor-1.npz,high_quality_architectural/8236/Floor-1,4,"0,1,2,8",4,28334,28334,256x256,256x256,True,kept,True,,
high_quality_architectural_8237_Floor-1.npz,high_quality_architectural/8237/Floor-1,8,"0,1,2,3,4,5,7,8",8,9860,9860,256x256,256x256,True,kept,True,,
high_quality_architectural_8237_Floor-2.npz,high_quality_architectural/8237/Floor-2,4,"0,2,3,8",4,9038,9038,256x256,256x256,True,kept,True,,
high_quality_architectural_8242_Floor-1.npz,high_quality_architectural/8242/Floor-1,9,"0,2,4,7,8",5,13047,13047,256x256,256x256,True,kept,True,,
high_quality_architectural_8242_Floor-2.npz,high_quality_architectural/8242/Floor-2,5,"0,1,3,4,5,6,8",7,10492,10492,256x256,256x256,True,kept,True,,
high_quality_architectural_8246_Floor-1.npz,high_quality_architectural/8246/Floor-1,0,"0,8",2,4921,4921,256x256,256x256,False,room_count_below_min,False,,
high_quality_architectural_824_Floor-1.npz,high_quality_architectural/824/Floor-1,11,"0,1,2,3,4,5,7,8",8,35221,35221,256x256,256x256,True,kept,True,,
high_quality_architectural_8251_Floor-1.npz,high_quality_architectural/8251/Floor-1,6,"0,2,3,4,5,7,8",7,13153,13153,256x256,256x256,True,kept,True,,
high_quality_architectural_8251_Floor-2.npz,high_quality_architectural/8251/Floor-2,2,"0,1,2,4,5,6,8",7,10636,10636,256x256,256x256,False,room_count_below_min,False,,
high_quality_architectural_8252_Floor-1.npz,high_quality_architectural/8252/Floor-1,14,"0,1,2,3,4,5,7,8",8,32697,32697,256x256,256x256,True,kept,True,,
high_quality_architectural_8258_Floor-1.npz,high_quality_architectural/8258/Floor-1,6,"0,1,2,3,4,5,7,8",8,26917,26917,256x256,256x256,True,kept,True,,
high_quality_architectural_8263_Floor-1.npz,high_quality_architectural/8263/Floor-1,5,"0,1,3,4,5,8",6,37241,37241,256x256,256x256,True,kept,True,,
high_quality_architectural_8264_Floor-1.npz,high_quality_architectural/8264/Floor-1,3,"0,1,2,3,4,5,7,8",8,31872,31872,256x256,256x256,True,kept,True,,
high_quality_architectural_8265_Floor-1.npz,high_quality_architectural/8265/Floor-1,5,"0,1,2,3,5,6,7,8",8,43165,43165,256x256,256x256,True,kept,True,,
high_quality_architectural_8269_Floor-1.npz,high_quality_architectural/8269/Floor-1,2,"0,2,5,8",4,26110,26110,256x256,256x256,False,room_count_below_min,False,,
high_quality_architectural_8281_Floor-1.npz,high_quality_architectural/8281/Floor-1,8,"0,1,2,3,4,5,7,8",8,17255,17255,256x256,256x256,True,kept,True,,
high_quality_architectural_8281_Floor-2.npz,high_quality_architectural/8281/Floor-2,2,"0,3,8",3,7016,7016,256x256,256x256,False,room_count_below_min,False,,
high_quality_architectural_8285_Floor-1.npz,high_quality_architectural/8285/Floor-1,10,"0,2,3,4,5,7,8",7,17509,17509,256x256,256x256,True,kept,True,,
high_quality_architectural_8285_Floor-2.npz,high_quality_architectural/8285/Floor-2,6,"0,1,2,3,4,7,8",7,20701,20701,256x256,256x256,True,kept,True,,
high_quality_architectural_8292_Floor-1.npz,high_quality_architectural/8292/Floor-1,4,"0,1,2,4,5,6,7,8",8,31424,31424,256x256,256x256,True,kept,True,,
high_quality_architectural_8299_Floor-1.npz,high_quality_architectural/8299/Floor-1,2,"0,2,7,8",4,5891,5891,256x256,256x256,False,room_count_below_min,False,,
high_quality_architectural_82_Floor-1.npz,high_quality_architectural/82/Floor-1,6,"0,1,2,4,5,6,7,8",8,17838,17838,256x256,256x256,True,kept,True,,
high_quality_architectural_82_Floor-2.npz,high_quality_architectural/82/Floor-2,4,"0,2,4,8",4,11330,11330,256x256,256x256,True,kept,True,,
high_quality_architectural_8302_Floor-1.npz,high_quality_architectural/8302/Floor-1,5,"0,1,2,4,7,8",6,31207,31207,256x256,256x256,True,kept,True,,
high_quality_architectural_8304_Floor-1.npz,high_quality_architectural/8304/Floor-1,8,"0,1,2,4,5,7,8",7,15053,15053,256x256,256x256,True,kept,True,,
high_quality_architectural_8304_Floor-2.npz,high_quality_architectural/8304/Floor-2,4,"0,2,4,7,8",5,9483,9483,256x256,256x256,True,kept,True,,
high_quality_architectural_8308_Floor-1.npz,high_quality_architectural/8308/Floor-1,2,"0,1,2,4,7,8",6,38401,38401,256x256,256x256,False,room_count_below_min,False,,
high_quality_architectural_8310_Floor-1.npz,high_quality_architectural/8310/Floor-1,4,"0,1,2,4,5,8",6,25641,25641,256x256,256x256,True,kept,True,,
high_quality_architectural_8311_Floor-1.npz,high_quality_architectural/8311/Floor-1,6,"0,1,2,3,7,8",6,33787,33787,256x256,256x256,True,kept,True,,
high_quality_architectural_8314_Floor-1.npz,high_quality_architectural/8314/Floor-1,5,"0,1,2,3,4,5,7,8",8,30985,30985,256x256,256x256,True,kept,True,,
high_quality_architectural_8320_Floor-1.npz,high_quality_architectural/8320/Floor-1,2,"0,1,2,3,8",5,6507,6507,256x256,256x256,False,room_count_below_min,False,,
high_quality_architectural_8320_Floor-2.npz,high_quality_architectural/8320/Floor-2,0,"0,8",2,3022,3022,256x256,256x256,False,room_count_below_min,False,,
high_quality_architectural_8321_Floor-1.npz,high_quality_architectural/8321/Floor-1,4,"0,1,2,3,4,5,7,8",8,22201,22201,256x256,256x256,True,kept,True,,
high_quality_architectural_8323_Floor-1.npz,high_quality_architectural/8323/Floor-1,5,"0,1,2,3,4,5,7,8",8,23138,23138,256x256,256x256,True,kept,True,,
high_quality_architectural_8327_Floor-1.npz,high_quality_architectural/8327/Floor-1,3,"0,1,2,5,6,8",6,10141,10141,256x256,256x256,True,kept,True,,
high_quality_architectural_8327_Floor-2.npz,high_quality_architectural/8327/Floor-2,4,"0,2,4,5,7,8",6,9692,9692,256x256,256x256,True,kept,True,,
high_quality_architectural_8327_Floor-3.npz,high_quality_architectural/8327/Floor-3,2,"0,7,8",3,3542,3542,256x256,256x256,False,room_count_below_min,False,,
high_quality_architectural_8328_Floor-1.npz,high_quality_architectural/8328/Floor-1,2,"0,7,8",3,5441,5441,256x256,256x256,False,room_count_below_min,False,,
high_quality_architectural_8328_Floor-2.npz,high_quality_architectural/8328/Floor-2,8,"0,1,2,3,4,5,6,7,8",9,20166,20166,256x256,256x256,True,kept,True,,
high_quality_architectural_832_Floor-1.npz,high_quality_architectural/832/Floor-1,7,"0,1,2,3,4,5,6,7,8",9,30065,30065,256x256,256x256,True,kept,True,,
high_quality_architectural_8332_Floor-1.npz,high_quality_architectural/8332/Floor-1,8,"0,1,2,3,4,5,7,8",8,12094,12094,256x256,256x256,True,kept,True,,
high_quality_architectural_8332_Floor-2.npz,high_quality_architectural/8332/Floor-2,4,"0,3,4,5,8",5,7676,7676,256x256,256x256,True,kept,True,,
high_quality_architectural_8333_Floor-1.npz,high_quality_architectural/8333/Floor-1,3,"0,1,2,3,4,5,8",7,44160,44160,256x256,256x256,True,kept,True,,
high_quality_architectural_8335_Floor-1.npz,high_quality_architectural/8335/Floor-1,4,"0,2,3,4,8",5,12302,12302,256x256,256x256,True,kept,True,,
high_quality_architectural_8335_Floor-2.npz,high_quality_architectural/8335/Floor-2,6,"0,1,2,3,4,5,6,7,8",9,13360,13360,256x256,256x256,True,kept,True,,
high_quality_architectural_8341_Floor-1.npz,high_quality_architectural/8341/Floor-1,9,"0,1,2,3,4,5,7,8",8,45184,45184,256x256,256x256,True,kept,True,,
high_quality_architectural_8343_Floor-1.npz,high_quality_architectural/8343/Floor-1,2,"0,1,2,4,8",5,20661,20661,256x256,256x256,False,room_count_below_min,False,,
high_quality_architectural_8343_Floor-2.npz,high_quality_architectural/8343/Floor-2,3,"0,3,4,7,8",5,11236,11236,256x256,256x256,True,kept,True,,
high_quality_architectural_8344_Floor-1.npz,high_quality_architectural/8344/Floor-1,4,"0,3,4,5,7,8",6,7890,7890,256x256,256x256,True,kept,True,,
high_quality_architectural_8349_Floor-1.npz,high_quality_architectural/8349/Floor-1,7,"0,1,2,4,7,8",6,27177,27177,256x256,256x256,True,kept,True,,
high_quality_architectural_834_Floor-1.npz,high_quality_architectural/834/Floor-1,7,"0,2,3,4,5,7,8",7,24298,24298,256x256,256x256,True,kept,True,,
high_quality_architectural_8350_Floor-1.npz,high_quality_architectural/8350/Floor-1,5,"0,1,2,3,4,7,8",7,19138,19138,256x256,256x256,True,kept,True,,
high_quality_architectural_8354_Floor-1.npz,high_quality_architectural/8354/Floor-1,10,"0,1,2,3,4,5,7,8",8,34241,34241,256x256,256x256,True,kept,True,,
high_quality_architectural_8358_Floor-1.npz,high_quality_architectural/8358/Floor-1,3,"0,1,3,5,7,8",6,26909,26909,256x256,256x256,True,kept,True,,
high_quality_architectural_8368_Floor-1.npz,high_quality_architectural/8368/Floor-1,13,"0,1,2,3,4,5,7,8",8,30029,30029,256x256,256x256,True,kept,True,,
high_quality_architectural_836_Floor-1.npz,high_quality_architectural/836/Floor-1,15,"0,1,2,3,4,5,7,8",8,17277,17277,256x256,256x256,True,kept,True,,
high_quality_architectural_8371_Floor-1.npz,high_quality_architectural/8371/Floor-1,6,"0,1,2,3,4,5,7,8",8,43158,43158,256x256,256x256,True,kept,True,,
high_quality_architectural_8372_Floor-1.npz,high_quality_architectural/8372/Floor-1,5,"0,1,2,3,4,5,6,7,8",9,17356,17356,256x256,256x256,True,kept,True,,
high_quality_architectural_8372_Floor-2.npz,high_quality_architectural/8372/Floor-2,6,"0,3,4,5,7,8",6,16241,16241,256x256,256x256,True,kept,True,,
high_quality_architectural_8381_Floor-1.npz,high_quality_architectural/8381/Floor-1,4,"0,1,2,3,4,8",6,26615,26615,256x256,256x256,True,kept,True,,
high_quality_architectural_8388_Floor-1.npz,high_quality_architectural/8388/Floor-1,8,"0,4,7,8",4,11762,11762,256x256,256x256,True,kept,True,,
high_quality_architectural_8388_Floor-2.npz,high_quality_architectural/8388/Floor-2,4,"0,1,2,4,5,8",6,8941,8941,256x256,256x256,True,kept,True,,
high_quality_architectural_8388_Floor-3.npz,high_quality_architectural/8388/Floor-3,5,"0,3,4,5,7,8",6,7807,7807,256x256,256x256,True,kept,True,,
high_quality_architectural_8394_Floor-1.npz,high_quality_architectural/8394/Floor-1,7,"0,1,2,3,4,5,7,8",8,14063,14063,256x256,256x256,True,kept,True,,
high_quality_architectural_83_Floor-1.npz,high_quality_architectural/83/Floor-1,3,"0,1,2,3,4,6,8",7,27855,27855,256x256,256x256,True,kept,True,,
high_quality_architectural_8400_Floor-1.npz,high_quality_architectural/8400/Floor-1,10,"0,1,2,3,4,5,7,8",8,29922,29922,256x256,256x256,True,kept,True,,
high_quality_architectural_8406_Floor-1.npz,high_quality_architectural/8406/Floor-1,7,"0,2,3,4,5,7,8",7,28102,28102,256x256,256x256,True,kept,True,,
high_quality_architectural_8407_Floor-1.npz,high_quality_architectural/8407/Floor-1,3,"0,3,4,5,8",5,17465,17465,256x256,256x256,True,kept,True,,
high_quality_architectural_8413_Floor-1.npz,high_quality_architectural/8413/Floor-1,3,"0,1,2,5,8",5,33052,33052,256x256,256x256,True,kept,True,,
high_quality_architectural_8416_Floor-1.npz,high_quality_architectural/8416/Floor-1,7,"0,1,2,3,4,5,7,8",8,30938,30938,256x256,256x256,True,kept,True,,
high_quality_architectural_8421_Floor-1.npz,high_quality_architectural/8421/Floor-1,3,"0,2,3,4,5,8",6,27163,27163,256x256,256x256,True,kept,True,,
high_quality_architectural_8422_Floor-1.npz,high_quality_architectural/8422/Floor-1,15,"0,1,2,3,4,5,7,8",8,45447,45447,256x256,256x256,True,kept,True,,
high_quality_architectural_8424_Floor-1.npz,high_quality_architectural/8424/Floor-1,0,"0,8",2,7202,7202,256x256,256x256,False,room_count_below_min,False,,
high_quality_architectural_8425_Floor-1.npz,high_quality_architectural/8425/Floor-1,10,"0,1,2,3,4,5,7,8",8,19232,19232,256x256,256x256,True,kept,True,,
high_quality_architectural_8428_Floor-1.npz,high_quality_architectural/8428/Floor-1,12,"0,1,2,3,4,5,6,7,8",9,25792,25792,256x256,256x256,True,kept,True,,
high_quality_architectural_8430_Floor-1.npz,high_quality_architectural/8430/Floor-1,4,"0,1,2,3,4,7,8",7,30546,30546,256x256,256x256,True,kept,True,,
high_quality_architectural_8431_Floor-1.npz,high_quality_architectural/8431/Floor-1,4,"0,1,2,4,5,8",6,32118,32118,256x256,256x256,True,kept,True,,
high_quality_architectural_8439_Floor-1.npz,high_quality_architectural/8439/Floor-1,6,"0,1,2,3,4,5,6,8",8,32901,32901,256x256,256x256,True,kept,True,,
high_quality_architectural_843_Floor-1.npz,high_quality_architectural/843/Floor-1,3,"0,1,2,4,8",5,12004,12004,256x256,256x256,True,kept,True,,
high_quality_architectural_843_Floor-2.npz,high_quality_architectural/843/Floor-2,5,"0,3,4,5,7,8",6,17241,17241,256x256,256x256,True,kept,True,,
high_quality_architectural_8452_Floor-1.npz,high_quality_architectural/8452/Floor-1,6,"0,1,2,3,4,5,8",7,19945,19945,256x256,256x256,True,kept,True,,
high_quality_architectural_8452_Floor-2.npz,high_quality_architectural/8452/Floor-2,2,"0,3,8",3,14225,14225,256x256,256x256,False,room_count_below_min,False,,
high_quality_architectural_8465_Floor-1.npz,high_quality_architectural/8465/Floor-1,3,"0,1,2,4,5,7,8",7,27119,27119,256x256,256x256,True,kept,True,,
high_quality_architectural_8469_Floor-1.npz,high_quality_architectural/8469/Floor-1,0,"0,8",2,6012,6012,256x256,256x256,False,room_count_below_min,False,,
high_quality_architectural_8471_Floor-1.npz,high_quality_architectural/8471/Floor-1,3,"0,1,2,3,7,8",6,24479,24479,256x256,256x256,True,kept,True,,
high_quality_architectural_8472_Floor-1.npz,high_quality_architectural/8472/Floor-1,12,"0,1,2,3,4,5,6,7,8",9,25472,25472,256x256,256x256,True,kept,True,,
high_quality_architectural_8486_Floor-1.npz,high_quality_architectural/8486/Floor-1,7,"0,1,3,4,5,7,8",7,34148,34148,256x256,256x256,True,kept,True,,
high_quality_architectural_848_Floor-1.npz,high_quality_architectural/848/Floor-1,7,"0,2,3,4,5,6,7,8",8,29270,29270,256x256,256x256,True,kept,True,,
high_quality_architectural_84_Floor-1.npz,high_quality_architectural/84/Floor-1,3,"0,1,2,5,7,8",6,25302,25302,256x256,256x256,True,kept,True,,
high_quality_architectural_8502_Floor-1.npz,high_quality_architectural/8502/Floor-1,5,"0,1,2,3,4,7,8",7,38200,38200,256x256,256x256,True,kept,True,,
high_quality_architectural_8509_Floor-1.npz,high_quality_architectural/8509/Floor-1,2,"0,2,8",3,19493,19493,256x256,256x256,False,room_count_below_min,False,,
high_quality_architectural_8515_Floor-1.npz,high_quality_architectural/8515/Floor-1,3,"0,1,3,4,8",5,16538,16538,256x256,256x256,True,kept,True,,
high_quality_architectural_8517_Floor-1.npz,high_quality_architectural/8517/Floor-1,9,"0,1,2,3,4,5,7,8",8,10381,10381,256x256,256x256,True,kept,True,,
high_quality_architectural_8517_Floor-2.npz,high_quality_architectural/8517/Floor-2,0,"0,8",2,548,548,256x256,256x256,False,room_count_below_min,False,,
high_quality_architectural_851_Floor-1.npz,high_quality_architectural/851/Floor-1,7,"0,1,2,3,5,7,8",7,38086,38086,256x256,256x256,True,kept,True,,
high_quality_architectural_8526_Floor-1.npz,high_quality_architectural/8526/Floor-1,5,"0,4,7,8",4,6078,6078,256x256,256x256,True,kept,True,,
high_quality_architectural_8526_Floor-2.npz,high_quality_architectural/8526/Floor-2,4,"0,1,2,4,5,8",6,10836,10836,256x256,256x256,True,kept,True,,
high_quality_architectural_8526_Floor-3.npz,high_quality_architectural/8526/Floor-3,4,"0,2,4,8",4,9604,9604,256x256,256x256,True,kept,True,,
high_quality_architectural_8532_Floor-1.npz,high_quality_architectural/8532/Floor-1,8,"0,1,2,3,4,5,7,8",8,32037,32037,256x256,256x256,True,kept,True,,
high_quality_architectural_8535_Floor-1.npz,high_quality_architectural/8535/Floor-1,6,"0,2,4,5,7,8",6,49001,49001,256x256,256x256,True,kept,True,,
high_quality_architectural_8541_Floor-1.npz,high_quality_architectural/8541/Floor-1,4,"0,1,2,4,8",5,26581,26581,256x256,256x256,True,kept,True,,
high_quality_architectural_8544_Floor-1.npz,high_quality_architectural/8544/Floor-1,11,"0,1,2,3,4,5,7,8",8,35275,35275,256x256,256x256,True,kept,True,,
high_quality_architectural_8545_Floor-1.npz,high_quality_architectural/8545/Floor-1,4,"0,1,2,3,7,8",6,33593,33593,256x256,256x256,True,kept,True,,
high_quality_architectural_8548_Floor-1.npz,high_quality_architectural/8548/Floor-1,4,"0,1,2,3,4,5,8",7,27630,27630,256x256,256x256,True,kept,True,,
high_quality_architectural_8560_Floor-1.npz,high_quality_architectural/8560/Floor-1,5,"0,1,3,4,5,8",6,16470,16470,256x256,256x256,True,kept,True,,
high_quality_architectural_8569_Floor-1.npz,high_quality_architectural/8569/Floor-1,9,"0,1,2,3,4,7,8",7,33399,33399,256x256,256x256,True,kept,True,,
high_quality_architectural_856_Floor-1.npz,high_quality_architectural/856/Floor-1,4,"0,1,2,3,4,5,6,8",8,34058,34058,256x256,256x256,True,kept,True,,
high_quality_architectural_8571_Floor-1.npz,high_quality_architectural/8571/Floor-1,5,"0,1,2,3,4,7,8",7,14578,14578,256x256,256x256,True,kept,True,,
high_quality_architectural_8571_Floor-2.npz,high_quality_architectural/8571/Floor-2,4,"0,3,4,7,8",5,9646,9646,256x256,256x256,True,kept,True,,
high_quality_architectural_8573_Floor-1.npz,high_quality_architectural/8573/Floor-1,6,"0,1,2,3,4,7,8",7,32032,32032,256x256,256x256,True,kept,True,,
high_quality_architectural_8576_Floor-1.npz,high_quality_architectural/8576/Floor-1,6,"0,1,2,3,4,5,8",7,30032,30032,256x256,256x256,True,kept,True,,
high_quality_architectural_8577_Floor-1.npz,high_quality_architectural/8577/Floor-1,9,"0,1,2,3,4,5,6,7,8",9,12703,12703,256x256,256x256,True,kept,True,,
high_quality_architectural_8577_Floor-2.npz,high_quality_architectural/8577/Floor-2,8,"0,3,4,5,7,8",6,9146,9146,256x256,256x256,True,kept,True,,
high_quality_architectural_857_Floor-1.npz,high_quality_architectural/857/Floor-1,13,"0,2,3,4,5,7,8",7,33594,33594,256x256,256x256,True,kept,True,,
high_quality_architectural_8581_Floor-1.npz,high_quality_architectural/8581/Floor-1,6,"0,1,2,4,5,7,8",7,34642,34642,256x256,256x256,True,kept,True,,
high_quality_architectural_8582_Floor-1.npz,high_quality_architectural/8582/Floor-1,0,"0,8",2,11730,11730,256x256,256x256,False,room_count_below_min,False,,
high_quality_architectural_8583_Floor-1.npz,high_quality_architectural/8583/Floor-1,4,"0,1,2,4,5,6,7,8",8,13844,13844,256x256,256x256,True,kept,True,,
high_quality_architectural_8583_Floor-2.npz,high_quality_architectural/8583/Floor-2,5,"0,3,5,7,8",5,10170,10170,256x256,256x256,True,kept,True,,
high_quality_architectural_8584_Floor-1.npz,high_quality_architectural/8584/Floor-1,11,"0,1,2,3,4,5,7,8",8,24718,24718,256x256,256x256,True,kept,True,,
high_quality_architectural_858_Floor-1.npz,high_quality_architectural/858/Floor-1,3,"0,1,2,4,8",5,32311,32311,256x256,256x256,True,kept,True,,
high_quality_architectural_8591_Floor-1.npz,high_quality_architectural/8591/Floor-1,7,"0,1,2,4,5,6,7,8",8,17221,17221,256x256,256x256,True,kept,True,,
high_quality_architectural_8591_Floor-2.npz,high_quality_architectural/8591/Floor-2,6,"0,3,5,7,8",5,10467,10467,256x256,256x256,True,kept,True,,
high_quality_architectural_8593_Floor-1.npz,high_quality_architectural/8593/Floor-1,10,"0,2,4,5,7,8",6,8228,8228,256x256,256x256,True,kept,True,,
high_quality_architectural_8593_Floor-2.npz,high_quality_architectural/8593/Floor-2,6,"0,1,2,4,5,7,8",7,7074,7074,256x256,256x256,True,kept,True,,
high_quality_architectural_8593_Floor-3.npz,high_quality_architectural/8593/Floor-3,8,"0,2,4,7,8",5,8340,8340,256x256,256x256,True,kept,True,,
high_quality_architectural_8596_Floor-1.npz,high_quality_architectural/8596/Floor-1,0,"0,8",2,4084,4084,256x256,256x256,False,room_count_below_min,False,,
high_quality_architectural_859_Floor-1.npz,high_quality_architectural/859/Floor-1,12,"0,1,2,3,4,5,7,8",8,40507,40507,256x256,256x256,True,kept,True,,
high_quality_architectural_8600_Floor-1.npz,high_quality_architectural/8600/Floor-1,3,"0,1,2,4,8",5,28247,28247,256x256,256x256,True,kept,True,,
high_quality_architectural_8601_Floor-1.npz,high_quality_architectural/8601/Floor-1,8,"0,1,2,3,4,7,8",7,40645,40645,256x256,256x256,True,kept,True,,
high_quality_architectural_8604_Floor-1.npz,high_quality_architectural/8604/Floor-1,6,"0,1,3,4,5,8",6,23259,23259,256x256,256x256,True,kept,True,,
high_quality_architectural_8608_Floor-1.npz,high_quality_architectural/8608/Floor-1,2,"0,1,2,3,4,8",6,40549,40549,256x256,256x256,False,room_count_below_min,False,,
high_quality_architectural_8609_Floor-1.npz,high_quality_architectural/8609/Floor-1,3,"0,1,2,3,5,7,8",7,43376,43376,256x256,256x256,True,kept,True,,
high_quality_architectural_8616_Floor-1.npz,high_quality_architectural/8616/Floor-1,9,"0,1,3,4,5,7,8",7,38780,38780,256x256,256x256,True,kept,True,,
high_quality_architectural_8617_Floor-1.npz,high_quality_architectural/8617/Floor-1,14,"0,1,2,3,4,5,6,7,8",9,24422,24422,256x256,256x256,True,kept,True,,
high_quality_architectural_8619_Floor-1.npz,high_quality_architectural/8619/Floor-1,3,"0,1,2,3,4,5,6,8",8,33848,33848,256x256,256x256,True,kept,True,,
high_quality_architectural_8628_Floor-1.npz,high_quality_architectural/8628/Floor-1,7,"0,1,2,4,5,7,8",7,22945,22945,256x256,256x256,True,kept,True,,
high_quality_architectural_8629_Floor-1.npz,high_quality_architectural/8629/Floor-1,0,"0,8",2,2221,2221,256x256,256x256,False,room_count_below_min,False,,
high_quality_architectural_862_Floor-1.npz,high_quality_architectural/862/Floor-1,6,"0,1,2,3,4,5,8",7,37426,37426,256x256,256x256,True,kept,True,,
high_quality_architectural_8634_Floor-1.npz,high_quality_architectural/8634/Floor-1,6,"0,3,4,5,7,8",6,5383,5383,256x256,256x256,True,kept,True,,
high_quality_architectural_8634_Floor-2.npz,high_quality_architectural/8634/Floor-2,9,"0,1,2,3,4,5,6,7,8",9,14308,14308,256x256,256x256,True,kept,True,,
high_quality_architectural_8636_Floor-1.npz,high_quality_architectural/8636/Floor-1,11,"0,1,2,3,4,5,7,8",8,35289,35289,256x256,256x256,True,kept,True,,
high_quality_architectural_8638_Floor-1.npz,high_quality_architectural/8638/Floor-1,6,"0,3,4,5,7,8",6,15757,15757,256x256,256x256,True,kept,True,,
high_quality_architectural_8638_Floor-2.npz,high_quality_architectural/8638/Floor-2,2,"0,1,2,4,8",5,12495,12495,256x256,256x256,False,room_count_below_min,False,,
high_quality_architectural_8639_Floor-1.npz,high_quality_architectural/8639/Floor-1,3,"0,1,2,3,4,5,6,8",8,33848,33848,256x256,256x256,True,kept,True,,
high_quality_architectural_8645_Floor-1.npz,high_quality_architectural/8645/Floor-1,3,"0,1,2,4,8",5,19453,19453,256x256,256x256,True,kept,True,,
high_quality_architectural_8650_Floor-1.npz,high_quality_architectural/8650/Floor-1,11,"0,1,2,3,4,5,7,8",8,32940,32940,256x256,256x256,True,kept,True,,
high_quality_architectural_8651_Floor-1.npz,high_quality_architectural/8651/Floor-1,5,"0,1,2,3,4,5,8",7,28884,28884,256x256,256x256,True,kept,True,,
high_quality_architectural_865_Floor-1.npz,high_quality_architectural/865/Floor-1,1,"0,1,2,5,8",5,35250,35250,256x256,256x256,False,room_count_below_min,False,,
high_quality_architectural_8660_Floor-1.npz,high_quality_architectural/8660/Floor-1,4,"0,1,2,4,7,8",6,26912,26912,256x256,256x256,True,kept,True,,
high_quality_architectural_8663_Floor-1.npz,high_quality_architectural/8663/Floor-1,3,"0,1,2,7,8",5,16516,16516,256x256,256x256,True,kept,True,,
high_quality_architectural_8663_Floor-2.npz,high_quality_architectural/8663/Floor-2,5,"0,3,4,5,7,8",6,18621,18621,256x256,256x256,True,kept,True,,
high_quality_architectural_8675_Floor-1.npz,high_quality_architectural/8675/Floor-1,7,"0,1,2,3,4,5,7,8",8,19638,19638,256x256,256x256,True,kept,True,,
high_quality_architectural_8681_Floor-1.npz,high_quality_architectural/8681/Floor-1,4,"0,1,2,4,8",5,32597,32597,256x256,256x256,True,kept,True,,
high_quality_architectural_8685_Floor-1.npz,high_quality_architectural/8685/Floor-1,2,"0,2,3,8",4,6143,6143,256x256,256x256,False,room_count_below_min,False,,
high_quality_architectural_8685_Floor-2.npz,high_quality_architectural/8685/Floor-2,4,"0,3,4,5,8",5,8604,8604,256x256,256x256,True,kept,True,,
high_quality_architectural_8687_Floor-1.npz,high_quality_architectural/8687/Floor-1,7,"0,2,3,4,5,7,8",7,35795,35795,256x256,256x256,True,kept,True,,
high_quality_architectural_8690_Floor-1.npz,high_quality_architectural/8690/Floor-1,0,"0,8",2,5508,5508,256x256,256x256,False,room_count_below_min,False,,
high_quality_architectural_86_Floor-1.npz,high_quality_architectural/86/Floor-1,9,"0,1,2,4,5,7,8",7,21772,21772,256x256,256x256,True,kept,True,,
high_quality_architectural_8702_Floor-1.npz,high_quality_architectural/8702/Floor-1,4,"0,1,3,4,7,8",6,18188,18188,256x256,256x256,True,kept,True,,
high_quality_architectural_8705_Floor-1.npz,high_quality_architectural/8705/Floor-1,5,"0,4,7,8",4,9269,9269,256x256,256x256,True,kept,True,,
high_quality_architectural_8705_Floor-2.npz,high_quality_architectural/8705/Floor-2,6,"0,1,2,4,5,8",6,11754,11754,256x256,256x256,True,kept,True,,
high_quality_architectural_8705_Floor-3.npz,high_quality_architectural/8705/Floor-3,4,"0,1,2,7,8",5,11100,11100,256x256,256x256,True,kept,True,,
high_quality_architectural_8706_Floor-1.npz,high_quality_architectural/8706/Floor-1,5,"0,1,2,4,5,8",6,18247,18247,256x256,256x256,True,kept,True,,
high_quality_architectural_8713_Floor-1.npz,high_quality_architectural/8713/Floor-1,5,"0,1,2,3,4,5,6,8",8,34270,34270,256x256,256x256,True,kept,True,,
high_quality_architectural_8714_Floor-1.npz,high_quality_architectural/8714/Floor-1,8,"0,1,2,3,4,5,6,8",8,28909,28909,256x256,256x256,True,kept,True,,
high_quality_architectural_8717_Floor-1.npz,high_quality_architectural/8717/Floor-1,11,"0,1,2,3,4,5,6,7,8",9,31385,31385,256x256,256x256,True,kept,True,,
high_quality_architectural_8719_Floor-1.npz,high_quality_architectural/8719/Floor-1,0,"0,8",2,4842,4842,256x256,256x256,False,room_count_below_min,False,,
high_quality_architectural_871_Floor-1.npz,high_quality_architectural/871/Floor-1,8,"0,1,3,4,5,7,8",7,33500,33500,256x256,256x256,True,kept,True,,
high_quality_architectural_8721_Floor-1.npz,high_quality_architectural/8721/Floor-1,3,"0,1,3,4,8",5,13923,13923,256x256,256x256,True,kept,True,,
high_quality_architectural_8726_Floor-1.npz,high_quality_architectural/8726/Floor-1,5,"0,1,2,3,4,6,7,8",8,25067,25067,256x256,256x256,True,kept,True,,
high_quality_architectural_8729_Floor-1.npz,high_quality_architectural/8729/Floor-1,5,"0,1,2,3,7,8",6,37931,37931,256x256,256x256,True,kept,True,,
high_quality_architectural_8734_Floor-1.npz,high_quality_architectural/8734/Floor-1,8,"0,1,2,3,4,5,7,8",8,22475,22475,256x256,256x256,True,kept,True,,
high_quality_architectural_8736_Floor-1.npz,high_quality_architectural/8736/Floor-1,3,"0,1,2,4,5,7,8",7,39739,39739,256x256,256x256,True,kept,True,,
high_quality_architectural_8737_Floor-1.npz,high_quality_architectural/8737/Floor-1,2,"0,1,2,4,8",5,15347,15347,256x256,256x256,False,room_count_below_min,False,,
high_quality_architectural_8737_Floor-2.npz,high_quality_architectural/8737/Floor-2,1,"0,7,8",3,12554,12554,256x256,256x256,False,room_count_below_min,False,,
high_quality_architectural_8741_Floor-1.npz,high_quality_architectural/8741/Floor-1,8,"0,1,2,3,4,5,7,8",8,21453,21453,256x256,256x256,True,kept,True,,
high_quality_architectural_8744_Floor-1.npz,high_quality_architectural/8744/Floor-1,3,"0,4,5,7,8",5,35084,35084,256x256,256x256,True,kept,True,,
high_quality_architectural_8745_Floor-1.npz,high_quality_architectural/8745/Floor-1,4,"0,1,2,3,4,8",6,21054,21054,256x256,256x256,True,kept,True,,
high_quality_architectural_8750_Floor-1.npz,high_quality_architectural/8750/Floor-1,3,"0,1,2,3,5,7,8",7,30166,30166,256x256,256x256,True,kept,True,,
high_quality_architectural_8752_Floor-1.npz,high_quality_architectural/8752/Floor-1,4,"0,1,2,4,5,7,8",7,18596,18596,256x256,256x256,True,kept,True,,
high_quality_architectural_8752_Floor-2.npz,high_quality_architectural/8752/Floor-2,2,"0,3,4,8",4,7042,7042,256x256,256x256,False,room_count_below_min,False,,
high_quality_architectural_8755_Floor-1.npz,high_quality_architectural/8755/Floor-1,4,"0,1,2,3,4,5,8",7,13249,13249,256x256,256x256,True,kept,True,,
high_quality_architectural_8755_Floor-2.npz,high_quality_architectural/8755/Floor-2,5,"0,2,3,8",4,9778,9778,256x256,256x256,True,kept,True,,
high_quality_architectural_8757_Floor-1.npz,high_quality_architectural/8757/Floor-1,5,"0,1,2,3,4,5,7,8",8,31046,31046,256x256,256x256,True,kept,True,,
high_quality_architectural_875_Floor-1.npz,high_quality_architectural/875/Floor-1,5,"0,1,2,3,5,8",6,42589,42589,256x256,256x256,True,kept,True,,
high_quality_architectural_8762_Floor-1.npz,high_quality_architectural/8762/Floor-1,4,"0,1,3,7,8",5,26057,26057,256x256,256x256,True,kept,True,,
high_quality_architectural_8770_Floor-1.npz,high_quality_architectural/8770/Floor-1,10,"0,1,2,4,5,6,7,8",8,21854,21854,256x256,256x256,True,kept,True,,
high_quality_architectural_8770_Floor-2.npz,high_quality_architectural/8770/Floor-2,4,"0,2,4,5,7,8",6,10555,10555,256x256,256x256,True,kept,True,,
high_quality_architectural_8773_Floor-1.npz,high_quality_architectural/8773/Floor-1,7,"0,1,2,4,5,6,7,8",8,16603,16603,256x256,256x256,True,kept,True,,
high_quality_architectural_8773_Floor-2.npz,high_quality_architectural/8773/Floor-2,6,"0,2,4,8",4,13448,13448,256x256,256x256,True,kept,True,,
high_quality_architectural_8774_Floor-1.npz,high_quality_architectural/8774/Floor-1,9,"0,1,2,4,5,7,8",7,38700,38700,256x256,256x256,True,kept,True,,
high_quality_architectural_8775_Floor-1.npz,high_quality_architectural/8775/Floor-1,7,"0,1,2,3,4,5,7,8",8,26368,26368,256x256,256x256,True,kept,True,,
high_quality_architectural_8786_Floor-1.npz,high_quality_architectural/8786/Floor-1,4,"0,1,2,4,5,7,8",7,14976,14976,256x256,256x256,True,kept,True,,
high_quality_architectural_8786_Floor-2.npz,high_quality_architectural/8786/Floor-2,4,"0,2,3,8",4,10837,10837,256x256,256x256,True,kept,True,,
high_quality_architectural_8791_Floor-1.npz,high_quality_architectural/8791/Floor-1,3,"0,1,2,3,5,8",6,36281,36281,256x256,256x256,True,kept,True,,
high_quality_architectural_8792_Floor-1.npz,high_quality_architectural/8792/Floor-1,6,"0,4,5,7,8",5,5947,5947,256x256,256x256,True,kept,True,,
high_quality_architectural_8792_Floor-2.npz,high_quality_architectural/8792/Floor-2,7,"0,1,2,4,5,6,8",7,8340,8340,256x256,256x256,True,kept,True,,
high_quality_architectural_8792_Floor-3.npz,high_quality_architectural/8792/Floor-3,3,"0,3,4,8",4,6399,6399,256x256,256x256,True,kept,True,,
high_quality_architectural_8796_Floor-1.npz,high_quality_architectural/8796/Floor-1,4,"0,1,2,3,4,5,8",7,46139,46139,256x256,256x256,True,kept,True,,
high_quality_architectural_8798_Floor-1.npz,high_quality_architectural/8798/Floor-1,7,"0,2,3,4,5,8",6,34677,34677,256x256,256x256,True,kept,True,,
high_quality_architectural_8801_Floor-1.npz,high_quality_architectural/8801/Floor-1,4,"0,1,2,3,4,5,8",7,38941,38941,256x256,256x256,True,kept,True,,
high_quality_architectural_8803_Floor-1.npz,high_quality_architectural/8803/Floor-1,5,"0,1,2,3,4,5,7,8",8,34935,34935,256x256,256x256,True,kept,True,,
high_quality_architectural_8804_Floor-1.npz,high_quality_architectural/8804/Floor-1,9,"0,2,3,4,5,7,8",7,34527,34527,256x256,256x256,True,kept,True,,
high_quality_architectural_8805_Floor-1.npz,high_quality_architectural/8805/Floor-1,1,"0,1,3,8",4,18507,18507,256x256,256x256,False,room_count_below_min,False,,
high_quality_architectural_8808_Floor-1.npz,high_quality_architectural/8808/Floor-1,7,"0,1,2,3,4,5,8",7,30926,30926,256x256,256x256,True,kept,True,,
high_quality_architectural_8809_Floor-1.npz,high_quality_architectural/8809/Floor-1,3,"0,3,4,5,8",5,22083,22083,256x256,256x256,True,kept,True,,
high_quality_architectural_8815_Floor-1.npz,high_quality_architectural/8815/Floor-1,7,"0,1,2,4,5,6,7,8",8,22280,22280,256x256,256x256,True,kept,True,,
high_quality_architectural_8815_Floor-2.npz,high_quality_architectural/8815/Floor-2,4,"0,2,4,8",4,16995,16995,256x256,256x256,True,kept,True,,
high_quality_architectural_8819_Floor-1.npz,high_quality_architectural/8819/Floor-1,8,"0,1,2,3,4,5,6,7,8",9,42304,42304,256x256,256x256,True,kept,True,,
high_quality_architectural_8823_Floor-1.npz,high_quality_architectural/8823/Floor-1,3,"0,1,2,3,5,6,8",7,33265,33265,256x256,256x256,True,kept,True,,
high_quality_architectural_882_Floor-1.npz,high_quality_architectural/882/Floor-1,1,"0,1,5,8",4,22592,22592,256x256,256x256,False,room_count_below_min,False,,
high_quality_architectural_898_Floor-1.npz,high_quality_architectural/898/Floor-1,10,"0,1,2,3,4,5,7,8",8,24396,24396,256x256,256x256,True,kept,True,,
high_quality_architectural_9001_Floor-1.npz,high_quality_architectural/9001/Floor-1,2,"0,1,2,3,7,8",6,12425,12425,256x256,256x256,False,room_count_below_min,False,,
high_quality_architectural_9001_Floor-2.npz,high_quality_architectural/9001/Floor-2,7,"0,3,4,5,7,8",6,9856,9856,256x256,256x256,True,kept,True,,
high_quality_architectural_9004_Floor-1.npz,high_quality_architectural/9004/Floor-1,7,"0,1,2,3,4,5,8",7,33809,33809,256x256,256x256,True,kept,True,,
high_quality_architectural_9005_Floor-1.npz,high_quality_architectural/9005/Floor-1,4,"0,1,2,3,4,5,7,8",8,14183,14183,256x256,256x256,True,kept,True,,
high_quality_architectural_9005_Floor-2.npz,high_quality_architectural/9005/Floor-2,4,"0,3,4,7,8",5,8583,8583,256x256,256x256,True,kept,True,,
high_quality_architectural_9008_Floor-1.npz,high_quality_architectural/9008/Floor-1,2,"0,1,2,5,8",5,36999,36999,256x256,256x256,False,room_count_below_min,False,,
high_quality_architectural_900_Floor-1.npz,high_quality_architectural/900/Floor-1,6,"0,1,2,8",4,32649,32649,256x256,256x256,True,kept,True,,
high_quality_architectural_9019_Floor-1.npz,high_quality_architectural/9019/Floor-1,2,"0,1,2,8",4,38751,38751,256x256,256x256,False,room_count_below_min,False,,
high_quality_architectural_9024_Floor-1.npz,high_quality_architectural/9024/Floor-1,11,"0,1,2,3,4,5,7,8",8,28418,28418,256x256,256x256,True,kept,True,,
high_quality_architectural_9027_Floor-1.npz,high_quality_architectural/9027/Floor-1,5,"0,1,2,3,5,7,8",7,40327,40327,256x256,256x256,True,kept,True,,
high_quality_architectural_9028_Floor-1.npz,high_quality_architectural/9028/Floor-1,8,"0,2,4,7,8",5,10985,10985,256x256,256x256,True,kept,True,,
high_quality_architectural_9028_Floor-2.npz,high_quality_architectural/9028/Floor-2,7,"0,1,2,4,5,7,8",7,10338,10338,256x256,256x256,True,kept,True,,
high_quality_architectural_9028_Floor-3.npz,high_quality_architectural/9028/Floor-3,7,"0,3,4,5,7,8",6,9196,9196,256x256,256x256,True,kept,True,,
high_quality_architectural_902_Floor-1.npz,high_quality_architectural/902/Floor-1,3,"0,1,2,7,8",5,31433,31433,256x256,256x256,True,kept,True,,
high_quality_architectural_9030_Floor-1.npz,high_quality_architectural/9030/Floor-1,10,"0,1,2,4,5,7,8",7,23643,23643,256x256,256x256,True,kept,True,,
high_quality_architectural_9031_Floor-1.npz,high_quality_architectural/9031/Floor-1,5,"0,1,2,5,7,8",6,33721,33721,256x256,256x256,True,kept,True,,
high_quality_architectural_9034_Floor-1.npz,high_quality_architectural/9034/Floor-1,7,"0,1,2,4,5,7,8",7,16647,16647,256x256,256x256,True,kept,True,,
high_quality_architectural_9034_Floor-2.npz,high_quality_architectural/9034/Floor-2,6,"0,3,4,5,7,8",6,15674,15674,256x256,256x256,True,kept,True,,
high_quality_architectural_9035_Floor-1.npz,high_quality_architectural/9035/Floor-1,2,"0,2,4,5,8",5,31463,31463,256x256,256x256,False,room_count_below_min,False,,
high_quality_architectural_9037_Floor-1.npz,high_quality_architectural/9037/Floor-1,3,"0,1,4,5,7,8",6,14124,14124,256x256,256x256,True,kept,True,,
high_quality_architectural_9037_Floor-2.npz,high_quality_architectural/9037/Floor-2,4,"0,3,4,7,8",5,13254,13254,256x256,256x256,True,kept,True,,
high_quality_architectural_9038_Floor-1.npz,high_quality_architectural/9038/Floor-1,0,"0,8",2,4505,4505,256x256,256x256,False,room_count_below_min,False,,
high_quality_architectural_9040_Floor-1.npz,high_quality_architectural/9040/Floor-1,9,"0,1,2,3,4,5,6,7,8",9,37482,37482,256x256,256x256,True,kept,True,,
high_quality_architectural_9042_Floor-1.npz,high_quality_architectural/9042/Floor-1,2,"0,2,4,5,6,8",6,21831,21831,256x256,256x256,False,room_count_below_min,False,,
high_quality_architectural_9043_Floor-1.npz,high_quality_architectural/9043/Floor-1,5,"0,1,2,5,6,7,8",7,28502,28502,256x256,256x256,True,kept,True,,
high_quality_architectural_9049_Floor-1.npz,high_quality_architectural/9049/Floor-1,5,"0,1,2,3,4,6,7,8",8,29647,29647,256x256,256x256,True,kept,True,,
high_quality_architectural_904_Floor-1.npz,high_quality_architectural/904/Floor-1,2,"0,2,7,8",4,23776,23776,256x256,256x256,False,room_count_below_min,False,,
high_quality_architectural_9050_Floor-1.npz,high_quality_architectural/9050/Floor-1,3,"0,1,2,3,4,6,8",7,26450,26450,256x256,256x256,True,kept,True,,
high_quality_architectural_9054_Floor-1.npz,high_quality_architectural/9054/Floor-1,3,"0,1,2,3,5,7,8",7,39431,39431,256x256,256x256,True,kept,True,,
high_quality_architectural_9055_Floor-1.npz,high_quality_architectural/9055/Floor-1,9,"0,1,2,3,4,5,7,8",8,15431,15431,256x256,256x256,True,kept,True,,
high_quality_architectural_9055_Floor-2.npz,high_quality_architectural/9055/Floor-2,7,"0,3,4,5,8",5,15026,15026,256x256,256x256,True,kept,True,,
high_quality_architectural_9057_Floor-1.npz,high_quality_architectural/9057/Floor-1,7,"0,1,2,3,4,5,6,7,8",9,21255,21255,256x256,256x256,True,kept,True,,
high_quality_architectural_9058_Floor-1.npz,high_quality_architectural/9058/Floor-1,9,"0,1,2,3,4,5,7,8",8,28912,28912,256x256,256x256,True,kept,True,,
high_quality_architectural_905_Floor-1.npz,high_quality_architectural/905/Floor-1,6,"0,1,3,4,5,8",6,25595,25595,256x256,256x256,True,kept,True,,
high_quality_architectural_9063_Floor-1.npz,high_quality_architectural/9063/Floor-1,5,"0,1,2,3,4,5,7,8",8,12619,12619,256x256,256x256,True,kept,True,,
high_quality_architectural_9064_Floor-1.npz,high_quality_architectural/9064/Floor-1,5,"0,1,2,3,5,8",6,36078,36078,256x256,256x256,True,kept,True,,
high_quality_architectural_9065_Floor-1.npz,high_quality_architectural/9065/Floor-1,8,"0,1,2,3,4,5,8",7,19626,19626,256x256,256x256,True,kept,True,,
high_quality_architectural_9065_Floor-2.npz,high_quality_architectural/9065/Floor-2,5,"0,3,5,7,8",5,14188,14188,256x256,256x256,True,kept,True,,
high_quality_architectural_9066_Floor-1.npz,high_quality_architectural/9066/Floor-1,6,"0,2,3,4,5,7,8",7,29205,29205,256x256,256x256,True,kept,True,,
high_quality_architectural_9070_Floor-1.npz,high_quality_architectural/9070/Floor-1,6,"0,1,2,3,4,5,8",7,46275,46275,256x256,256x256,True,kept,True,,
high_quality_architectural_9072_Floor-1.npz,high_quality_architectural/9072/Floor-1,5,"0,1,2,3,5,7,8",7,34947,34947,256x256,256x256,True,kept,True,,
high_quality_architectural_9082_Floor-1.npz,high_quality_architectural/9082/Floor-1,10,"0,1,3,4,5,7,8",7,33557,33557,256x256,256x256,True,kept,True,,
high_quality_architectural_9086_Floor-1.npz,high_quality_architectural/9086/Floor-1,8,"0,1,2,3,4,5,6,7,8",9,31042,31042,256x256,256x256,True,kept,True,,
high_quality_architectural_9088_Floor-1.npz,high_quality_architectural/9088/Floor-1,4,"0,3,7,8",4,10539,10539,256x256,256x256,True,kept,True,,
high_quality_architectural_9089_Floor-1.npz,high_quality_architectural/9089/Floor-1,5,"0,1,2,3,4,5,8",7,35982,35982,256x256,256x256,True,kept,True,,
high_quality_architectural_908_Floor-1.npz,high_quality_architectural/908/Floor-1,5,"0,1,2,3,4,5,6,8",8,33982,33982,256x256,256x256,True,kept,True,,
high_quality_architectural_9093_Floor-1.npz,high_quality_architectural/9093/Floor-1,3,"0,1,2,3,4,5,8",7,40225,40225,256x256,256x256,True,kept,True,,
high_quality_architectural_9096_Floor-1.npz,high_quality_architectural/9096/Floor-1,12,"0,1,3,4,5,7,8",7,21779,21779,256x256,256x256,True,kept,True,,
high_quality_architectural_9097_Floor-1.npz,high_quality_architectural/9097/Floor-1,11,"0,1,3,4,5,7,8",7,18635,18635,256x256,256x256,True,kept,True,,
high_quality_architectural_9098_Floor-1.npz,high_quality_architectural/9098/Floor-1,11,"0,1,3,4,5,7,8",7,23246,23246,256x256,256x256,True,kept,True,,
high_quality_architectural_9099_Floor-1.npz,high_quality_architectural/9099/Floor-1,11,"0,1,3,4,5,7,8",7,19235,19235,256x256,256x256,True,kept,True,,
high_quality_architectural_9100_Floor-1.npz,high_quality_architectural/9100/Floor-1,12,"0,1,3,4,5,7,8",7,23358,23358,256x256,256x256,True,kept,True,,
high_quality_architectural_9101_Floor-1.npz,high_quality_architectural/9101/Floor-1,11,"0,1,3,4,5,7,8",7,19716,19716,256x256,256x256,True,kept,True,,
high_quality_architectural_9102_Floor-1.npz,high_quality_architectural/9102/Floor-1,13,"0,1,3,4,5,7,8",7,25343,25343,256x256,256x256,True,kept,True,,
high_quality_architectural_9103_Floor-1.npz,high_quality_architectural/9103/Floor-1,16,"0,1,3,4,5,7,8",7,25778,25778,256x256,256x256,True,kept,True,,
high_quality_architectural_9104_Floor-1.npz,high_quality_architectural/9104/Floor-1,15,"0,1,3,4,5,7,8",7,21709,21709,256x256,256x256,True,kept,True,,
high_quality_architectural_9105_Floor-1.npz,high_quality_architectural/9105/Floor-1,16,"0,1,3,4,5,7,8",7,25084,25084,256x256,256x256,True,kept,True,,
high_quality_architectural_9106_Floor-1.npz,high_quality_architectural/9106/Floor-1,16,"0,1,2,3,4,5,7,8",8,24951,24951,256x256,256x256,True,kept,True,,
high_quality_architectural_9109_Floor-1.npz,high_quality_architectural/9109/Floor-1,11,"0,1,2,3,4,5,6,7,8",9,37151,37151,256x256,256x256,True,kept,True,,
high_quality_architectural_9113_Floor-1.npz,high_quality_architectural/9113/Floor-1,3,"0,1,2,5,8",5,9631,9631,256x256,256x256,True,kept,True,,
high_quality_architectural_9113_Floor-2.npz,high_quality_architectural/9113/Floor-2,6,"0,3,4,5,7,8",6,11612,11612,256x256,256x256,True,kept,True,,
high_quality_architectural_9116_Floor-1.npz,high_quality_architectural/9116/Floor-1,3,"0,1,2,3,8",5,26436,26436,256x256,256x256,True,kept,True,,
high_quality_architectural_9117_Floor-1.npz,high_quality_architectural/9117/Floor-1,5,"0,1,2,3,4,5,6,8",8,25086,25086,256x256,256x256,True,kept,True,,
high_quality_architectural_9118_Floor-1.npz,high_quality_architectural/9118/Floor-1,5,"0,1,3,7,8",5,8360,8360,256x256,256x256,True,kept,True,,
high_quality_architectural_9118_Floor-2.npz,high_quality_architectural/9118/Floor-2,1,"0,5,8",3,7431,7431,256x256,256x256,False,room_count_below_min,False,,
high_quality_architectural_911_Floor-1.npz,high_quality_architectural/911/Floor-1,0,"0,8",2,2035,2035,256x256,256x256,False,room_count_below_min,False,,
high_quality_architectural_9121_Floor-1.npz,high_quality_architectural/9121/Floor-1,3,"0,1,2,3,4,5,8",7,40587,40587,256x256,256x256,True,kept,True,,
high_quality_architectural_9128_Floor-1.npz,high_quality_architectural/9128/Floor-1,10,"0,1,2,3,4,5,7,8",8,40112,40112,256x256,256x256,True,kept,True,,
high_quality_architectural_9135_Floor-1.npz,high_quality_architectural/9135/Floor-1,7,"0,1,2,3,4,5,7,8",8,35522,35522,256x256,256x256,True,kept,True,,
high_quality_architectural_9136_Floor-1.npz,high_quality_architectural/9136/Floor-1,7,"0,1,2,3,4,7,8",7,34973,34973,256x256,256x256,True,kept,True,,
high_quality_architectural_9138_Floor-1.npz,high_quality_architectural/9138/Floor-1,1,"0,7,8",3,19679,19679,256x256,256x256,False,room_count_below_min,False,,
high_quality_architectural_913_Floor-1.npz,high_quality_architectural/913/Floor-1,0,"0,8",2,2357,2357,256x256,256x256,False,room_count_below_min,False,,
high_quality_architectural_9140_Floor-1.npz,high_quality_architectural/9140/Floor-1,3,"0,3,5,7,8",5,21482,21482,256x256,256x256,True,kept,True,,
high_quality_architectural_9143_Floor-1.npz,high_quality_architectural/9143/Floor-1,5,"0,1,3,4,5,7,8",7,25777,25777,256x256,256x256,True,kept,True,,
high_quality_architectural_9149_Floor-1.npz,high_quality_architectural/9149/Floor-1,6,"0,1,2,4,8",5,41194,41194,256x256,256x256,True,kept,True,,
high_quality_architectural_914_Floor-1.npz,high_quality_architectural/914/Floor-1,14,"0,1,2,4,5,6,7,8",8,32154,32154,256x256,256x256,True,kept,True,,
high_quality_architectural_9154_Floor-1.npz,high_quality_architectural/9154/Floor-1,5,"0,2,3,4,5,7,8",7,47364,47364,256x256,256x256,True,kept,True,,
high_quality_architectural_9157_Floor-1.npz,high_quality_architectural/9157/Floor-1,4,"0,1,2,3,4,5,8",7,31181,31181,256x256,256x256,True,kept,True,,
high_quality_architectural_9158_Floor-1.npz,high_quality_architectural/9158/Floor-1,5,"0,1,2,3,4,5,6,7,8",9,40897,40897,256x256,256x256,True,kept,True,,
high_quality_architectural_9169_Floor-1.npz,high_quality_architectural/9169/Floor-1,5,"0,1,2,4,5,7,8",7,14445,14445,256x256,256x256,True,kept,True,,
high_quality_architectural_9169_Floor-2.npz,high_quality_architectural/9169/Floor-2,6,"0,3,5,7,8",5,10765,10765,256x256,256x256,True,kept,True,,
high_quality_architectural_9173_Floor-1.npz,high_quality_architectural/9173/Floor-1,5,"0,1,2,4,5,7,8",7,17971,17971,256x256,256x256,True,kept,True,,
high_quality_architectural_9173_Floor-2.npz,high_quality_architectural/9173/Floor-2,5,"0,2,4,7,8",5,10808,10808,256x256,256x256,True,kept,True,,
high_quality_architectural_9175_Floor-1.npz,high_quality_architectural/9175/Floor-1,6,"0,1,2,3,4,5,7,8",8,25828,25828,256x256,256x256,True,kept,True,,
high_quality_architectural_9177_Floor-1.npz,high_quality_architectural/9177/Floor-1,8,"0,1,3,4,5,6,7,8",8,27721,27721,256x256,256x256,True,kept,True,,
high_quality_architectural_9180_Floor-1.npz,high_quality_architectural/9180/Floor-1,12,"0,1,2,3,4,5,7,8",8,38838,38838,256x256,256x256,True,kept,True,,
high_quality_architectural_9185_Floor-1.npz,high_quality_architectural/9185/Floor-1,4,"0,1,2,3,4,6,8",7,41354,41354,256x256,256x256,True,kept,True,,
high_quality_architectural_9198_Floor-1.npz,high_quality_architectural/9198/Floor-1,16,"0,1,2,3,4,5,6,7,8",9,29507,29507,256x256,256x256,True,kept,True,,
high_quality_architectural_9208_Floor-1.npz,high_quality_architectural/9208/Floor-1,6,"0,1,2,3,4,5,7,8",8,33870,33870,256x256,256x256,True,kept,True,,
high_quality_architectural_920_Floor-1.npz,high_quality_architectural/920/Floor-1,7,"0,3,4,7,8",5,4698,4698,256x256,256x256,True,kept,True,,
high_quality_architectural_920_Floor-2.npz,high_quality_architectural/920/Floor-2,7,"0,1,2,3,4,5,6,7,8",9,13474,13474,256x256,256x256,True,kept,True,,
high_quality_architectural_9212_Floor-1.npz,high_quality_architectural/9212/Floor-1,3,"0,1,2,3,5,8",6,27214,27214,256x256,256x256,True,kept,True,,
high_quality_architectural_9215_Floor-1.npz,high_quality_architectural/9215/Floor-1,5,"0,1,2,3,7,8",6,27698,27698,256x256,256x256,True,kept,True,,
high_quality_architectural_9218_Floor-1.npz,high_quality_architectural/9218/Floor-1,3,"0,1,3,7,8",5,12655,12655,256x256,256x256,True,kept,True,,
high_quality_architectural_9219_Floor-1.npz,high_quality_architectural/9219/Floor-1,4,"0,1,2,3,4,5,7,8",8,28644,28644,256x256,256x256,True,kept,True,,
high_quality_architectural_921_Floor-1.npz,high_quality_architectural/921/Floor-1,5,"0,2,3,4,5,8",6,12706,12706,256x256,256x256,True,kept,True,,
high_quality_architectural_921_Floor-2.npz,high_quality_architectural/921/Floor-2,1,"0,5,8",3,10581,10581,256x256,256x256,False,room_count_below_min,False,,
high_quality_architectural_9222_Floor-1.npz,high_quality_architectural/9222/Floor-1,0,"0,8",2,5266,5266,256x256,256x256,False,room_count_below_min,False,,
high_quality_architectural_9223_Floor-1.npz,high_quality_architectural/9223/Floor-1,11,"0,4,5,7,8",5,10967,10967,256x256,256x256,True,kept,True,,
high_quality_architectural_9223_Floor-2.npz,high_quality_architectural/9223/Floor-2,4,"0,1,2,4,5,6,7,8",8,9284,9284,256x256,256x256,True,kept,True,,
high_quality_architectural_9223_Floor-3.npz,high_quality_architectural/9223/Floor-3,6,"0,3,5,7,8",5,8758,8758,256x256,256x256,True,kept,True,,
high_quality_architectural_9224_Floor-1.npz,high_quality_architectural/9224/Floor-1,7,"0,1,2,4,5,7,8",7,29072,29072,256x256,256x256,True,kept,True,,
high_quality_architectural_9226_Floor-1.npz,high_quality_architectural/9226/Floor-1,7,"0,1,3,4,5,7,8",7,9201,9201,256x256,256x256,True,kept,True,,
high_quality_architectural_9228_Floor-1.npz,high_quality_architectural/9228/Floor-1,2,"0,1,2,3,5,8",6,32016,32016,256x256,256x256,False,room_count_below_min,False,,
high_quality_architectural_9229_Floor-1.npz,high_quality_architectural/9229/Floor-1,9,"0,1,2,3,4,5,7,8",8,32672,32672,256x256,256x256,True,kept,True,,
high_quality_architectural_922_Floor-1.npz,high_quality_architectural/922/Floor-1,10,"0,1,2,3,4,5,7,8",8,43359,43359,256x256,256x256,True,kept,True,,
high_quality_architectural_9231_Floor-1.npz,high_quality_architectural/9231/Floor-1,2,"0,1,4,5,8",5,13213,13213,256x256,256x256,False,room_count_below_min,False,,
high_quality_architectural_9232_Floor-1.npz,high_quality_architectural/9232/Floor-1,2,"0,1,2,3,4,5,8",7,48671,48671,256x256,256x256,False,room_count_below_min,False,,
high_quality_architectural_9237_Floor-1.npz,high_quality_architectural/9237/Floor-1,3,"0,1,2,4,8",5,28131,28131,256x256,256x256,True,kept,True,,
high_quality_architectural_9238_Floor-1.npz,high_quality_architectural/9238/Floor-1,20,"0,1,2,3,4,5,7,8",8,43481,43481,256x256,256x256,True,kept,True,,
high_quality_architectural_9242_Floor-1.npz,high_quality_architectural/9242/Floor-1,7,"0,1,2,3,4,5,7,8",8,34629,34629,256x256,256x256,True,kept,True,,
high_quality_architectural_9243_Floor-1.npz,high_quality_architectural/9243/Floor-1,6,"0,1,2,3,4,5,7,8",8,23288,23288,256x256,256x256,True,kept,True,,
high_quality_architectural_9244_Floor-1.npz,high_quality_architectural/9244/Floor-1,9,"0,2,3,4,5,7,8",7,28511,28511,256x256,256x256,True,kept,True,,
high_quality_architectural_9248_Floor-1.npz,high_quality_architectural/9248/Floor-1,7,"0,1,3,4,5,7,8",7,22897,22897,256x256,256x256,True,kept,True,,
high_quality_architectural_925_Floor-1.npz,high_quality_architectural/925/Floor-1,3,"0,1,2,8",4,12437,12437,256x256,256x256,True,kept,True,,
high_quality_architectural_9262_Floor-1.npz,high_quality_architectural/9262/Floor-1,7,"0,1,2,3,4,5,8",7,30252,30252,256x256,256x256,True,kept,True,,
high_quality_architectural_9269_Floor-1.npz,high_quality_architectural/9269/Floor-1,3,"0,1,2,4,5,8",6,23413,23413,256x256,256x256,True,kept,True,,
high_quality_architectural_926_Floor-1.npz,high_quality_architectural/926/Floor-1,7,"0,2,3,4,5,7,8",7,29826,29826,256x256,256x256,True,kept,True,,
high_quality_architectural_9270_Floor-1.npz,high_quality_architectural/9270/Floor-1,3,"0,1,2,4,5,8",6,12608,12608,256x256,256x256,True,kept,True,,
high_quality_architectural_9270_Floor-2.npz,high_quality_architectural/9270/Floor-2,4,"0,3,4,5,8",5,12210,12210,256x256,256x256,True,kept,True,,
high_quality_architectural_9274_Floor-1.npz,high_quality_architectural/9274/Floor-1,10,"0,1,2,3,4,5,7,8",8,43122,43122,256x256,256x256,True,kept,True,,
high_quality_architectural_9275_Floor-1.npz,high_quality_architectural/9275/Floor-1,8,"0,1,2,3,4,5,6,7,8",9,38249,38249,256x256,256x256,True,kept,True,,
high_quality_architectural_9277_Floor-1.npz,high_quality_architectural/9277/Floor-1,4,"0,1,2,3,4,5,6,8",8,31985,31985,256x256,256x256,True,kept,True,,
high_quality_architectural_9282_Floor-1.npz,high_quality_architectural/9282/Floor-1,4,"0,1,2,5,7,8",6,21966,21966,256x256,256x256,True,kept,True,,
high_quality_architectural_9284_Floor-1.npz,high_quality_architectural/9284/Floor-1,9,"0,1,2,3,4,7,8",7,29719,29719,256x256,256x256,True,kept,True,,
high_quality_architectural_9285_Floor-1.npz,high_quality_architectural/9285/Floor-1,4,"0,4,5,7,8",5,7985,7985,256x256,256x256,True,kept,True,,
high_quality_architectural_9285_Floor-2.npz,high_quality_architectural/9285/Floor-2,6,"0,1,2,3,4,5,8",7,12164,12164,256x256,256x256,True,kept,True,,
high_quality_architectural_9285_Floor-3.npz,high_quality_architectural/9285/Floor-3,4,"0,3,5,7,8",5,11234,11234,256x256,256x256,True,kept,True,,
high_quality_architectural_9286_Floor-1.npz,high_quality_architectural/9286/Floor-1,5,"0,1,2,4,5,7,8",7,17143,17143,256x256,256x256,True,kept,True,,
high_quality_architectural_928_Floor-1.npz,high_quality_architectural/928/Floor-1,2,"0,1,2,4,5,8",6,24200,24200,256x256,256x256,False,room_count_below_min,False,,
high_quality_architectural_928_Floor-2.npz,high_quality_architectural/928/Floor-2,2,"0,1,2,7,8",5,8424,8424,256x256,256x256,False,room_count_below_min,False,,
high_quality_architectural_9292_Floor-1.npz,high_quality_architectural/9292/Floor-1,0,"0,8",2,74,74,256x256,256x256,False,room_count_below_min,False,,
high_quality_architectural_9295_Floor-1.npz,high_quality_architectural/9295/Floor-1,2,"0,3,4,8",4,15838,15838,256x256,256x256,False,room_count_below_min,False,,
high_quality_architectural_9296_Floor-1.npz,high_quality_architectural/9296/Floor-1,5,"0,1,2,3,4,7,8",7,33632,33632,256x256,256x256,True,kept,True,,
high_quality_architectural_92_Floor-1.npz,high_quality_architectural/92/Floor-1,6,"0,1,2,3,4,7,8",7,22567,22567,256x256,256x256,True,kept,True,,
high_quality_architectural_9304_Floor-1.npz,high_quality_architectural/9304/Floor-1,5,"0,1,2,3,4,5,8",7,12328,12328,256x256,256x256,True,kept,True,,
high_quality_architectural_9304_Floor-2.npz,high_quality_architectural/9304/Floor-2,1,"0,2,8",3,5311,5311,256x256,256x256,False,room_count_below_min,False,,
high_quality_architectural_9309_Floor-1.npz,high_quality_architectural/9309/Floor-1,9,"0,1,2,3,4,5,6,7,8",9,27281,27281,256x256,256x256,True,kept,True,,
high_quality_architectural_930_Floor-1.npz,high_quality_architectural/930/Floor-1,4,"0,2,3,4,7,8",6,33027,33027,256x256,256x256,True,kept,True,,
high_quality_architectural_9311_Floor-1.npz,high_quality_architectural/9311/Floor-1,4,"0,1,2,3,4,8",6,28828,28828,256x256,256x256,True,kept,True,,
high_quality_architectural_9312_Floor-1.npz,high_quality_architectural/9312/Floor-1,0,"0,8",2,8684,8684,256x256,256x256,False,room_count_below_min,False,,
high_quality_architectural_9318_Floor-1.npz,high_quality_architectural/9318/Floor-1,6,"0,1,2,3,4,5,7,8",8,27970,27970,256x256,256x256,True,kept,True,,
high_quality_architectural_931_Floor-1.npz,high_quality_architectural/931/Floor-1,3,"0,1,2,3,4,6,8",7,30351,30351,256x256,256x256,True,kept,True,,
high_quality_architectural_9327_Floor-1.npz,high_quality_architectural/9327/Floor-1,9,"0,1,2,3,4,5,7,8",8,22565,22565,256x256,256x256,True,kept,True,,
high_quality_architectural_9330_Floor-1.npz,high_quality_architectural/9330/Floor-1,6,"0,3,4,5,7,8",6,9751,9751,256x256,256x256,True,kept,True,,
high_quality_architectural_9330_Floor-2.npz,high_quality_architectural/9330/Floor-2,8,"0,1,2,3,4,5,7,8",8,16428,16428,256x256,256x256,True,kept,True,,
high_quality_architectural_9333_Floor-1.npz,high_quality_architectural/9333/Floor-1,6,"0,1,2,3,4,5,7,8",8,44354,44354,256x256,256x256,True,kept,True,,
high_quality_architectural_9335_Floor-1.npz,high_quality_architectural/9335/Floor-1,5,"0,1,2,4,5,7,8",7,20769,20769,256x256,256x256,True,kept,True,,
high_quality_architectural_9341_Floor-1.npz,high_quality_architectural/9341/Floor-1,4,"0,1,2,4,5,7,8",7,33304,33304,256x256,256x256,True,kept,True,,
high_quality_architectural_9342_Floor-1.npz,high_quality_architectural/9342/Floor-1,4,"0,1,2,4,7,8",6,27000,27000,256x256,256x256,True,kept,True,,
high_quality_architectural_9345_Floor-1.npz,high_quality_architectural/9345/Floor-1,5,"0,1,2,4,7,8",6,29356,29356,256x256,256x256,True,kept,True,,
high_quality_architectural_9346_Floor-1.npz,high_quality_architectural/9346/Floor-1,3,"0,4,5,7,8",5,5507,5507,256x256,256x256,True,kept,True,,
high_quality_architectural_9346_Floor-2.npz,high_quality_architectural/9346/Floor-2,0,"0,8",2,2575,2575,256x256,256x256,False,room_count_below_min,False,,
high_quality_architectural_9346_Floor-3.npz,high_quality_architectural/9346/Floor-3,9,"0,1,2,4,6,7,8",7,24671,24671,256x256,256x256,True,kept,True,,
high_quality_architectural_9347_Floor-1.npz,high_quality_architectural/9347/Floor-1,6,"0,1,2,3,4,5,8",7,39750,39750,256x256,256x256,True,kept,True,,
high_quality_architectural_9348_Floor-1.npz,high_quality_architectural/9348/Floor-1,5,"0,1,3,4,5,8",6,24559,24559,256x256,256x256,True,kept,True,,
high_quality_architectural_9350_Floor-1.npz,high_quality_architectural/9350/Floor-1,9,"0,1,2,3,4,7,8",7,26894,26894,256x256,256x256,True,kept,True,,
high_quality_architectural_9351_Floor-1.npz,high_quality_architectural/9351/Floor-1,11,"0,1,2,3,4,5,7,8",8,36609,36609,256x256,256x256,True,kept,True,,
high_quality_architectural_9352_Floor-1.npz,high_quality_architectural/9352/Floor-1,4,"0,1,2,4,5,6,7,8",8,13525,13525,256x256,256x256,True,kept,True,,
high_quality_architectural_9352_Floor-2.npz,high_quality_architectural/9352/Floor-2,6,"0,3,4,5,7,8",6,11632,11632,256x256,256x256,True,kept,True,,
high_quality_architectural_9357_Floor-1.npz,high_quality_architectural/9357/Floor-1,3,"0,1,2,6,8",5,9232,9232,256x256,256x256,True,kept,True,,
high_quality_architectural_9357_Floor-2.npz,high_quality_architectural/9357/Floor-2,4,"0,3,4,8",4,8237,8237,256x256,256x256,True,kept,True,,
high_quality_architectural_935_Floor-1.npz,high_quality_architectural/935/Floor-1,5,"0,1,2,4,5,7,8",7,35278,35278,256x256,256x256,True,kept,True,,
high_quality_architectural_9361_Floor-1.npz,high_quality_architectural/9361/Floor-1,7,"0,1,2,4,5,7,8",7,34522,34522,256x256,256x256,True,kept,True,,
high_quality_architectural_9365_Floor-1.npz,high_quality_architectural/9365/Floor-1,6,"0,1,2,3,4,5,8",7,8269,8269,256x256,256x256,True,kept,True,,
high_quality_architectural_9365_Floor-2.npz,high_quality_architectural/9365/Floor-2,5,"0,2,3,4,5,8",6,8821,8821,256x256,256x256,True,kept,True,,
high_quality_architectural_9367_Floor-1.npz,high_quality_architectural/9367/Floor-1,6,"0,1,2,3,4,5,6,7,8",9,38289,38289,256x256,256x256,True,kept,True,,
high_quality_architectural_9381_Floor-1.npz,high_quality_architectural/9381/Floor-1,10,"0,1,2,3,4,5,7,8",8,35888,35888,256x256,256x256,True,kept,True,,
high_quality_architectural_9384_Floor-1.npz,high_quality_architectural/9384/Floor-1,4,"0,1,2,4,5,7,8",7,14375,14375,256x256,256x256,True,kept,True,,
high_quality_architectural_9384_Floor-2.npz,high_quality_architectural/9384/Floor-2,5,"0,3,4,7,8",5,9807,9807,256x256,256x256,True,kept,True,,
high_quality_architectural_9386_Floor-1.npz,high_quality_architectural/9386/Floor-1,7,"0,1,2,3,4,7,8",7,18046,18046,256x256,256x256,True,kept,True,,
high_quality_architectural_938_Floor-1.npz,high_quality_architectural/938/Floor-1,13,"0,1,2,3,4,5,7,8",8,25910,25910,256x256,256x256,True,kept,True,,
high_quality_architectural_939_Floor-1.npz,high_quality_architectural/939/Floor-1,5,"0,2,4,5,7,8",6,9348,9348,256x256,256x256,True,kept,True,,
high_quality_architectural_939_Floor-2.npz,high_quality_architectural/939/Floor-2,5,"0,2,4,7,8",5,13785,13785,256x256,256x256,True,kept,True,,
high_quality_architectural_93_Floor-1.npz,high_quality_architectural/93/Floor-1,5,"0,1,3,4,5,8",6,26583,26583,256x256,256x256,True,kept,True,,
high_quality_architectural_9405_Floor-1.npz,high_quality_architectural/9405/Floor-1,4,"0,1,2,3,4,8",6,27401,27401,256x256,256x256,True,kept,True,,
high_quality_architectural_9407_Floor-1.npz,high_quality_architectural/9407/Floor-1,3,"0,1,2,5,8",5,41991,41991,256x256,256x256,True,kept,True,,
high_quality_architectural_9421_Floor-1.npz,high_quality_architectural/9421/Floor-1,6,"0,1,2,3,4,5,8",7,10154,10154,256x256,256x256,True,kept,True,,
high_quality_architectural_9421_Floor-2.npz,high_quality_architectural/9421/Floor-2,5,"0,2,4,7,8",5,7324,7324,256x256,256x256,True,kept,True,,
high_quality_architectural_9421_Floor-3.npz,high_quality_architectural/9421/Floor-3,6,"0,1,2,5,7,8",6,9781,9781,256x256,256x256,True,kept,True,,
high_quality_architectural_9422_Floor-1.npz,high_quality_architectural/9422/Floor-1,1,"0,5,8",3,13629,13629,256x256,256x256,False,room_count_below_min,False,,
high_quality_architectural_9423_Floor-1.npz,high_quality_architectural/9423/Floor-1,3,"0,1,3,4,8",5,23232,23232,256x256,256x256,True,kept,True,,
high_quality_architectural_9424_Floor-1.npz,high_quality_architectural/9424/Floor-1,0,"0,8",2,6644,6644,256x256,256x256,False,room_count_below_min,False,,
high_quality_architectural_942_Floor-1.npz,high_quality_architectural/942/Floor-1,3,"0,1,2,3,4,8",6,38002,38002,256x256,256x256,True,kept,True,,
high_quality_architectural_9433_Floor-1.npz,high_quality_architectural/9433/Floor-1,14,"0,1,2,3,4,5,7,8",8,38860,38860,256x256,256x256,True,kept,True,,
high_quality_architectural_9434_Floor-1.npz,high_quality_architectural/9434/Floor-1,6,"0,1,2,3,4,5,7,8",8,32417,32417,256x256,256x256,True,kept,True,,
high_quality_architectural_9436_Floor-1.npz,high_quality_architectural/9436/Floor-1,4,"0,1,2,3,4,5,8",7,25699,25699,256x256,256x256,True,kept,True,,
high_quality_architectural_9438_Floor-1.npz,high_quality_architectural/9438/Floor-1,8,"0,1,2,3,4,5,7,8",8,39507,39507,256x256,256x256,True,kept,True,,
high_quality_architectural_9439_Floor-1.npz,high_quality_architectural/9439/Floor-1,2,"0,1,2,4,8",5,33717,33717,256x256,256x256,False,room_count_below_min,False,,
high_quality_architectural_943_Floor-1.npz,high_quality_architectural/943/Floor-1,9,"0,1,2,3,4,5,6,7,8",9,36939,36939,256x256,256x256,True,kept,True,,
high_quality_architectural_9443_Floor-1.npz,high_quality_architectural/9443/Floor-1,7,"0,1,2,3,4,5,7,8",8,15621,15621,256x256,256x256,True,kept,True,,
high_quality_architectural_9443_Floor-2.npz,high_quality_architectural/9443/Floor-2,7,"0,3,4,5,7,8",6,13462,13462,256x256,256x256,True,kept,True,,
high_quality_architectural_9452_Floor-1.npz,high_quality_architectural/9452/Floor-1,0,"0,8",2,5902,5902,256x256,256x256,False,room_count_below_min,False,,
high_quality_architectural_9453_Floor-1.npz,high_quality_architectural/9453/Floor-1,5,"0,1,2,3,5,7,8",7,19832,19832,256x256,256x256,True,kept,True,,
high_quality_architectural_9454_Floor-1.npz,high_quality_architectural/9454/Floor-1,4,"0,1,2,4,7,8",6,18533,18533,256x256,256x256,True,kept,True,,
high_quality_architectural_9455_Floor-1.npz,high_quality_architectural/9455/Floor-1,4,"0,1,2,4,5,6,7,8",8,10993,10993,256x256,256x256,True,kept,True,,
high_quality_architectural_9455_Floor-2.npz,high_quality_architectural/9455/Floor-2,4,"0,2,4,8",4,9360,9360,256x256,256x256,True,kept,True,,
high_quality_architectural_9460_Floor-1.npz,high_quality_architectural/9460/Floor-1,6,"0,1,2,3,4,5,6,7,8",9,25607,25607,256x256,256x256,True,kept,True,,
high_quality_architectural_9461_Floor-1.npz,high_quality_architectural/9461/Floor-1,0,"0,8",2,4507,4507,256x256,256x256,False,room_count_below_min,False,,
high_quality_architectural_9461_Floor-2.npz,high_quality_architectural/9461/Floor-2,0,"0,8",2,1959,1959,256x256,256x256,False,room_count_below_min,False,,
high_quality_architectural_9464_Floor-1.npz,high_quality_architectural/9464/Floor-1,9,"0,1,2,3,4,5,6,7,8",9,40587,40587,256x256,256x256,True,kept,True,,
high_quality_architectural_9465_Floor-1.npz,high_quality_architectural/9465/Floor-1,12,"0,1,2,3,4,5,7,8",8,27353,27353,256x256,256x256,True,kept,True,,
high_quality_architectural_9479_Floor-1.npz,high_quality_architectural/9479/Floor-1,3,"0,1,4,5,7,8",6,19968,19968,256x256,256x256,True,kept,True,,
high_quality_architectural_9483_Floor-1.npz,high_quality_architectural/9483/Floor-1,4,"0,1,2,4,5,7,8",7,32812,32812,256x256,256x256,True,kept,True,,
high_quality_architectural_9488_Floor-1.npz,high_quality_architectural/9488/Floor-1,11,"0,1,2,3,4,5,7,8",8,22207,22207,256x256,256x256,True,kept,True,,
high_quality_architectural_9488_Floor-2.npz,high_quality_architectural/9488/Floor-2,3,"0,3,4,8",4,5806,5806,256x256,256x256,True,kept,True,,
high_quality_architectural_9489_Floor-1.npz,high_quality_architectural/9489/Floor-1,4,"0,1,2,3,4,8",6,28485,28485,256x256,256x256,True,kept,True,,
high_quality_architectural_948_Floor-1.npz,high_quality_architectural/948/Floor-1,3,"0,1,2,3,4,8",6,37153,37153,256x256,256x256,True,kept,True,,
high_quality_architectural_9491_Floor-1.npz,high_quality_architectural/9491/Floor-1,8,"0,2,3,4,5,7,8",7,21550,21550,256x256,256x256,True,kept,True,,
high_quality_architectural_9492_Floor-1.npz,high_quality_architectural/9492/Floor-1,1,"0,1,2,5,8",5,39843,39843,256x256,256x256,False,room_count_below_min,False,,
high_quality_architectural_9493_Floor-1.npz,high_quality_architectural/9493/Floor-1,11,"0,2,3,4,5,7,8",7,37784,37784,256x256,256x256,True,kept,True,,
high_quality_architectural_949_Floor-1.npz,high_quality_architectural/949/Floor-1,4,"0,3,4,5,7,8",6,18193,18193,256x256,256x256,True,kept,True,,
high_quality_architectural_9504_Floor-1.npz,high_quality_architectural/9504/Floor-1,0,"0,8",2,1466,1466,256x256,256x256,False,room_count_below_min,False,,
high_quality_architectural_9504_Floor-2.npz,high_quality_architectural/9504/Floor-2,0,"0,8",2,646,646,256x256,256x256,False,room_count_below_min,False,,
high_quality_architectural_9505_Floor-1.npz,high_quality_architectural/9505/Floor-1,2,"0,2,4,8",4,18153,18153,256x256,256x256,False,room_count_below_min,False,,
high_quality_architectural_9506_Floor-1.npz,high_quality_architectural/9506/Floor-1,3,"0,1,2,5,6,7,8",7,12315,12315,256x256,256x256,True,kept,True,,
high_quality_architectural_9506_Floor-2.npz,high_quality_architectural/9506/Floor-2,3,"0,3,5,8",4,12468,12468,256x256,256x256,True,kept,True,,
high_quality_architectural_9516_Floor-1.npz,high_quality_architectural/9516/Floor-1,9,"0,1,2,4,5,6,7,8",8,43823,43823,256x256,256x256,True,kept,True,,
high_quality_architectural_951_Floor-1.npz,high_quality_architectural/951/Floor-1,4,"0,2,4,8",4,25864,25864,256x256,256x256,True,kept,True,,
high_quality_architectural_9521_Floor-1.npz,high_quality_architectural/9521/Floor-1,5,"0,1,2,3,4,5,7,8",8,36464,36464,256x256,256x256,True,kept,True,,
high_quality_architectural_9524_Floor-1.npz,high_quality_architectural/9524/Floor-1,14,"0,1,2,3,4,5,7,8",8,31732,31732,256x256,256x256,True,kept,True,,
high_quality_architectural_9526_Floor-1.npz,high_quality_architectural/9526/Floor-1,6,"0,1,2,4,5,6,7,8",8,3729,3729,256x256,256x256,True,kept,True,,
high_quality_architectural_9526_Floor-2.npz,high_quality_architectural/9526/Floor-2,6,"0,3,4,5,7,8",6,2080,2080,256x256,256x256,True,kept,True,,
high_quality_architectural_9529_Floor-1.npz,high_quality_architectural/9529/Floor-1,4,"0,1,2,4,5,7,8",7,21002,21002,256x256,256x256,True,kept,True,,
high_quality_architectural_9529_Floor-2.npz,high_quality_architectural/9529/Floor-2,4,"0,2,3,4,8",5,10527,10527,256x256,256x256,True,kept,True,,
high_quality_architectural_9531_Floor-1.npz,high_quality_architectural/9531/Floor-1,5,"0,2,4,5,7,8",6,9420,9420,256x256,256x256,True,kept,True,,
high_quality_architectural_9531_Floor-2.npz,high_quality_architectural/9531/Floor-2,5,"0,3,4,5,7,8",6,11308,11308,256x256,256x256,True,kept,True,,
high_quality_architectural_9532_Floor-1.npz,high_quality_architectural/9532/Floor-1,4,"0,1,2,4,5,7,8",7,14879,14879,256x256,256x256,True,kept,True,,
high_quality_architectural_9532_Floor-2.npz,high_quality_architectural/9532/Floor-2,6,"0,2,3,4,7,8",6,15376,15376,256x256,256x256,True,kept,True,,
high_quality_architectural_9534_Floor-1.npz,high_quality_architectural/9534/Floor-1,1,"0,1,2,8",4,10838,10838,256x256,256x256,False,room_count_below_min,False,,
high_quality_architectural_9534_Floor-2.npz,high_quality_architectural/9534/Floor-2,0,"0,8",2,1980,1980,256x256,256x256,False,room_count_below_min,False,,
high_quality_architectural_9535_Floor-1.npz,high_quality_architectural/9535/Floor-1,1,"0,5,8",3,2359,2359,256x256,256x256,False,room_count_below_min,False,,
high_quality_architectural_9535_Floor-2.npz,high_quality_architectural/9535/Floor-2,1,"0,5,8",3,1408,1408,256x256,256x256,False,room_count_below_min,False,,
high_quality_architectural_9535_Floor-3.npz,high_quality_architectural/9535/Floor-3,1,"0,5,8",3,1864,1864,256x256,256x256,False,room_count_below_min,False,,
high_quality_architectural_9537_Floor-1.npz,high_quality_architectural/9537/Floor-1,4,"0,2,3,5,7,8",6,35919,35919,256x256,256x256,True,kept,True,,
high_quality_architectural_9540_Floor-1.npz,high_quality_architectural/9540/Floor-1,3,"0,1,4,5,8",5,20936,20936,256x256,256x256,True,kept,True,,
high_quality_architectural_9543_Floor-1.npz,high_quality_architectural/9543/Floor-1,9,"0,1,3,4,5,7,8",7,9580,9580,256x256,256x256,True,kept,True,,
high_quality_architectural_9543_Floor-2.npz,high_quality_architectural/9543/Floor-2,3,"0,5,8",3,5324,5324,256x256,256x256,True,kept,True,,
high_quality_architectural_9548_Floor-1.npz,high_quality_architectural/9548/Floor-1,10,"0,1,2,3,4,5,7,8",8,40568,40568,256x256,256x256,True,kept,True,,
high_quality_architectural_954_Floor-1.npz,high_quality_architectural/954/Floor-1,9,"0,2,3,4,5,7,8",7,30309,30309,256x256,256x256,True,kept,True,,
high_quality_architectural_9555_Floor-1.npz,high_quality_architectural/9555/Floor-1,6,"0,1,2,3,4,7,8",7,18468,18468,256x256,256x256,True,kept,True,,
high_quality_architectural_9556_Floor-1.npz,high_quality_architectural/9556/Floor-1,2,"0,1,2,5,7,8",6,24490,24490,256x256,256x256,False,room_count_below_min,False,,
high_quality_architectural_9557_Floor-1.npz,high_quality_architectural/9557/Floor-1,2,"0,1,3,8",4,19958,19958,256x256,256x256,False,room_count_below_min,False,,
high_quality_architectural_9564_Floor-1.npz,high_quality_architectural/9564/Floor-1,3,"0,1,5,7,8",5,26618,26618,256x256,256x256,True,kept,True,,
high_quality_architectural_956_Floor-1.npz,high_quality_architectural/956/Floor-1,4,"0,1,2,3,5,8",6,27506,27506,256x256,256x256,True,kept,True,,
high_quality_architectural_9572_Floor-1.npz,high_quality_architectural/9572/Floor-1,5,"0,2,3,5,7,8",6,29066,29066,256x256,256x256,True,kept,True,,
high_quality_architectural_9577_Floor-1.npz,high_quality_architectural/9577/Floor-1,7,"0,1,2,3,4,5,7,8",8,11867,11867,256x256,256x256,True,kept,True,,
high_quality_architectural_9577_Floor-2.npz,high_quality_architectural/9577/Floor-2,7,"0,3,4,5,7,8",6,10653,10653,256x256,256x256,True,kept,True,,
high_quality_architectural_9583_Floor-1.npz,high_quality_architectural/9583/Floor-1,4,"0,2,4,5,8",5,9373,9373,256x256,256x256,True,kept,True,,
high_quality_architectural_9583_Floor-2.npz,high_quality_architectural/9583/Floor-2,2,"0,3,7,8",4,13059,13059,256x256,256x256,False,room_count_below_min,False,,
high_quality_architectural_9588_Floor-1.npz,high_quality_architectural/9588/Floor-1,4,"0,1,2,3,4,5,8",7,38437,38437,256x256,256x256,True,kept,True,,
high_quality_architectural_958_Floor-1.npz,high_quality_architectural/958/Floor-1,2,"0,1,2,4,8",5,22645,22645,256x256,256x256,False,room_count_below_min,False,,
high_quality_architectural_9591_Floor-1.npz,high_quality_architectural/9591/Floor-1,4,"0,1,2,3,4,5,7,8",8,33464,33464,256x256,256x256,True,kept,True,,
high_quality_architectural_9598_Floor-1.npz,high_quality_architectural/9598/Floor-1,0,"0,8",2,5163,5163,256x256,256x256,False,room_count_below_min,False,,
high_quality_architectural_959_Floor-1.npz,high_quality_architectural/959/Floor-1,4,"0,1,3,4,7,8",6,14016,14016,256x256,256x256,True,kept,True,,
high_quality_architectural_9602_Floor-1.npz,high_quality_architectural/9602/Floor-1,0,"0,8",2,7186,7186,256x256,256x256,False,room_count_below_min,False,,
high_quality_architectural_9603_Floor-1.npz,high_quality_architectural/9603/Floor-1,8,"0,1,3,4,5,6,7,8",8,33869,33869,256x256,256x256,True,kept,True,,
high_quality_architectural_9604_Floor-1.npz,high_quality_architectural/9604/Floor-1,6,"0,2,4,7,8",5,7109,7109,256x256,256x256,True,kept,True,,
high_quality_architectural_9604_Floor-2.npz,high_quality_architectural/9604/Floor-2,4,"0,1,2,4,5,6,8",7,7453,7453,256x256,256x256,True,kept,True,,
high_quality_architectural_9604_Floor-3.npz,high_quality_architectural/9604/Floor-3,3,"0,2,4,8",4,4147,4147,256x256,256x256,True,kept,True,,
high_quality_architectural_9606_Floor-1.npz,high_quality_architectural/9606/Floor-1,10,"0,2,3,4,5,6,7,8",8,30767,30767,256x256,256x256,True,kept,True,,
high_quality_architectural_9610_Floor-1.npz,high_quality_architectural/9610/Floor-1,4,"0,1,2,3,4,5,7,8",8,43866,43866,256x256,256x256,True,kept,True,,
high_quality_architectural_9611_Floor-1.npz,high_quality_architectural/9611/Floor-1,6,"0,1,2,3,4,7,8",7,36591,36591,256x256,256x256,True,kept,True,,
high_quality_architectural_9618_Floor-1.npz,high_quality_architectural/9618/Floor-1,6,"0,3,4,5,7,8",6,25387,25387,256x256,256x256,True,kept,True,,
high_quality_architectural_9620_Floor-1.npz,high_quality_architectural/9620/Floor-1,14,"0,1,2,4,5,7,8",7,31862,31862,256x256,256x256,True,kept,True,,
high_quality_architectural_9626_Floor-1.npz,high_quality_architectural/9626/Floor-1,12,"0,1,2,4,5,7,8",7,35640,35640,256x256,256x256,True,kept,True,,
high_quality_architectural_9629_Floor-1.npz,high_quality_architectural/9629/Floor-1,1,"0,5,8",3,9429,9429,256x256,256x256,False,room_count_below_min,False,,
high_quality_architectural_9630_Floor-1.npz,high_quality_architectural/9630/Floor-1,3,"0,1,4,7,8",5,18884,18884,256x256,256x256,True,kept,True,,
high_quality_architectural_9633_Floor-1.npz,high_quality_architectural/9633/Floor-1,2,"0,1,2,8",4,29779,29779,256x256,256x256,False,room_count_below_min,False,,
high_quality_architectural_9639_Floor-1.npz,high_quality_architectural/9639/Floor-1,7,"0,2,3,4,7,8",6,13600,13600,256x256,256x256,True,kept,True,,
high_quality_architectural_9639_Floor-2.npz,high_quality_architectural/9639/Floor-2,8,"0,1,3,4,5,7,8",7,16269,16269,256x256,256x256,True,kept,True,,
high_quality_architectural_9640_Floor-1.npz,high_quality_architectural/9640/Floor-1,0,"0,8",2,7699,7699,256x256,256x256,False,room_count_below_min,False,,
high_quality_architectural_9646_Floor-1.npz,high_quality_architectural/9646/Floor-1,5,"0,1,2,3,4,8",6,37032,37032,256x256,256x256,True,kept,True,,
high_quality_architectural_9648_Floor-1.npz,high_quality_architectural/9648/Floor-1,4,"0,1,3,4,5,8",6,29447,29447,256x256,256x256,True,kept,True,,
high_quality_architectural_9650_Floor-1.npz,high_quality_architectural/9650/Floor-1,14,"0,1,2,3,4,5,7,8",8,31156,31156,256x256,256x256,True,kept,True,,
high_quality_architectural_9651_Floor-1.npz,high_quality_architectural/9651/Floor-1,8,"0,3,4,5,7,8",6,12643,12643,256x256,256x256,True,kept,True,,
high_quality_architectural_9651_Floor-2.npz,high_quality_architectural/9651/Floor-2,5,"0,1,2,3,4,5,6,8",8,12501,12501,256x256,256x256,True,kept,True,,
high_quality_architectural_9661_Floor-1.npz,high_quality_architectural/9661/Floor-1,4,"0,3,4,5,8",5,13619,13619,256x256,256x256,True,kept,True,,
high_quality_architectural_9661_Floor-2.npz,high_quality_architectural/9661/Floor-2,5,"0,1,2,4,5,7,8",7,15136,15136,256x256,256x256,True,kept,True,,
high_quality_architectural_9672_Floor-1.npz,high_quality_architectural/9672/Floor-1,3,"0,1,2,4,5,8",6,17850,17850,256x256,256x256,True,kept,True,,
high_quality_architectural_9672_Floor-2.npz,high_quality_architectural/9672/Floor-2,5,"0,3,4,5,7,8",6,14329,14329,256x256,256x256,True,kept,True,,
high_quality_architectural_9675_Floor-1.npz,high_quality_architectural/9675/Floor-1,4,"0,2,3,4,5,8",6,34246,34246,256x256,256x256,True,kept,True,,
high_quality_architectural_9677_Floor-1.npz,high_quality_architectural/9677/Floor-1,4,"0,1,2,4,7,8",6,19594,19594,256x256,256x256,True,kept,True,,
high_quality_architectural_9678_Floor-1.npz,high_quality_architectural/9678/Floor-1,3,"0,2,4,8",4,24117,24117,256x256,256x256,True,kept,True,,
high_quality_architectural_9680_Floor-1.npz,high_quality_architectural/9680/Floor-1,11,"0,1,2,3,4,5,7,8",8,39745,39745,256x256,256x256,True,kept,True,,
high_quality_architectural_9681_Floor-1.npz,high_quality_architectural/9681/Floor-1,7,"0,1,2,3,4,8",6,32510,32510,256x256,256x256,True,kept,True,,
high_quality_architectural_9685_Floor-1.npz,high_quality_architectural/9685/Floor-1,8,"0,1,3,4,5,6,7,8",8,14546,14546,256x256,256x256,True,kept,True,,
high_quality_architectural_9689_Floor-1.npz,high_quality_architectural/9689/Floor-1,4,"0,1,3,4,5,8",6,17566,17566,256x256,256x256,True,kept,True,,
high_quality_architectural_968_Floor-1.npz,high_quality_architectural/968/Floor-1,9,"0,1,2,3,4,5,7,8",8,30033,30033,256x256,256x256,True,kept,True,,
high_quality_architectural_9692_Floor-1.npz,high_quality_architectural/9692/Floor-1,10,"0,2,3,4,5,7,8",7,25351,25351,256x256,256x256,True,kept,True,,
high_quality_architectural_9705_Floor-1.npz,high_quality_architectural/9705/Floor-1,3,"0,1,2,3,4,5,8",7,37836,37836,256x256,256x256,True,kept,True,,
high_quality_architectural_9709_Floor-1.npz,high_quality_architectural/9709/Floor-1,3,"0,1,2,3,5,8",6,28045,28045,256x256,256x256,True,kept,True,,
high_quality_architectural_9716_Floor-1.npz,high_quality_architectural/9716/Floor-1,4,"0,1,2,4,5,7,8",7,20402,20402,256x256,256x256,True,kept,True,,
high_quality_architectural_9716_Floor-2.npz,high_quality_architectural/9716/Floor-2,5,"0,3,4,5,8",5,18204,18204,256x256,256x256,True,kept,True,,
high_quality_architectural_9717_Floor-1.npz,high_quality_architectural/9717/Floor-1,4,"0,7,8",3,12356,12356,256x256,256x256,True,kept,True,,
high_quality_architectural_9718_Floor-1.npz,high_quality_architectural/9718/Floor-1,11,"0,1,2,3,4,6,7,8",8,28198,28198,256x256,256x256,True,kept,True,,
high_quality_architectural_9719_Floor-1.npz,high_quality_architectural/9719/Floor-1,4,"0,1,3,4,5,8",6,22815,22815,256x256,256x256,True,kept,True,,
high_quality_architectural_971_Floor-1.npz,high_quality_architectural/971/Floor-1,8,"0,1,2,3,4,5,7,8",8,23400,23400,256x256,256x256,True,kept,True,,
high_quality_architectural_9722_Floor-1.npz,high_quality_architectural/9722/Floor-1,5,"0,1,2,4,5,6,7,8",8,15544,15544,256x256,256x256,True,kept,True,,
high_quality_architectural_9722_Floor-2.npz,high_quality_architectural/9722/Floor-2,9,"0,3,4,5,7,8",6,15711,15711,256x256,256x256,True,kept,True,,
high_quality_architectural_9725_Floor-1.npz,high_quality_architectural/9725/Floor-1,4,"0,1,2,3,8",5,29416,29416,256x256,256x256,True,kept,True,,
high_quality_architectural_9727_Floor-1.npz,high_quality_architectural/9727/Floor-1,4,"0,1,2,3,4,5,8",7,9587,9587,256x256,256x256,True,kept,True,,
high_quality_architectural_9727_Floor-2.npz,high_quality_architectural/9727/Floor-2,0,"0,8",2,743,743,256x256,256x256,False,room_count_below_min,False,,
high_quality_architectural_9730_Floor-1.npz,high_quality_architectural/9730/Floor-1,0,"0,8",2,4937,4937,256x256,256x256,False,room_count_below_min,False,,
high_quality_architectural_9735_Floor-1.npz,high_quality_architectural/9735/Floor-1,8,"0,1,2,3,4,5,7,8",8,27902,27902,256x256,256x256,True,kept,True,,
high_quality_architectural_9748_Floor-1.npz,high_quality_architectural/9748/Floor-1,3,"0,1,2,4,5,7,8",7,17829,17829,256x256,256x256,True,kept,True,,
high_quality_architectural_9748_Floor-2.npz,high_quality_architectural/9748/Floor-2,2,"0,3,8",3,12268,12268,256x256,256x256,False,room_count_below_min,False,,
high_quality_architectural_9749_Floor-1.npz,high_quality_architectural/9749/Floor-1,8,"0,1,2,3,4,5,7,8",8,22774,22774,256x256,256x256,True,kept,True,,
high_quality_architectural_9751_Floor-1.npz,high_quality_architectural/9751/Floor-1,9,"0,1,2,3,4,5,7,8",8,22074,22074,256x256,256x256,True,kept,True,,
high_quality_architectural_9751_Floor-2.npz,high_quality_architectural/9751/Floor-2,5,"0,3,5,7,8",5,12002,12002,256x256,256x256,True,kept,True,,
high_quality_architectural_9758_Floor-1.npz,high_quality_architectural/9758/Floor-1,9,"0,1,2,3,4,5,7,8",8,33290,33290,256x256,256x256,True,kept,True,,
high_quality_architectural_9763_Floor-1.npz,high_quality_architectural/9763/Floor-1,5,"0,1,2,4,5,7,8",7,27033,27033,256x256,256x256,True,kept,True,,
high_quality_architectural_9767_Floor-1.npz,high_quality_architectural/9767/Floor-1,9,"0,2,3,4,5,7,8",7,16440,16440,256x256,256x256,True,kept,True,,
high_quality_architectural_9767_Floor-2.npz,high_quality_architectural/9767/Floor-2,7,"0,1,2,3,4,7,8",7,16051,16051,256x256,256x256,True,kept,True,,
high_quality_architectural_9782_Floor-1.npz,high_quality_architectural/9782/Floor-1,5,"0,1,2,3,4,6,8",7,30804,30804,256x256,256x256,True,kept,True,,
high_quality_architectural_9783_Floor-1.npz,high_quality_architectural/9783/Floor-1,4,"0,1,2,4,5,6,8",7,16365,16365,256x256,256x256,True,kept,True,,
high_quality_architectural_9783_Floor-2.npz,high_quality_architectural/9783/Floor-2,5,"0,2,4,7,8",5,14899,14899,256x256,256x256,True,kept,True,,
high_quality_architectural_9785_Floor-1.npz,high_quality_architectural/9785/Floor-1,3,"0,1,2,5,8",5,22609,22609,256x256,256x256,True,kept,True,,
high_quality_architectural_9786_Floor-1.npz,high_quality_architectural/9786/Floor-1,5,"0,1,2,4,5,7,8",7,16777,16777,256x256,256x256,True,kept,True,,
high_quality_architectural_9786_Floor-2.npz,high_quality_architectural/9786/Floor-2,3,"0,3,4,8",4,10793,10793,256x256,256x256,True,kept,True,,
high_quality_architectural_9787_Floor-1.npz,high_quality_architectural/9787/Floor-1,3,"0,1,2,4,5,8",6,14807,14807,256x256,256x256,True,kept,True,,
high_quality_architectural_9787_Floor-2.npz,high_quality_architectural/9787/Floor-2,4,"0,3,4,7,8",5,12731,12731,256x256,256x256,True,kept,True,,
high_quality_architectural_9795_Floor-1.npz,high_quality_architectural/9795/Floor-1,9,"0,1,2,3,4,5,7,8",8,14635,14635,256x256,256x256,True,kept,True,,
high_quality_architectural_9796_Floor-1.npz,high_quality_architectural/9796/Floor-1,7,"0,1,2,3,4,5,7,8",8,16719,16719,256x256,256x256,True,kept,True,,
high_quality_architectural_9796_Floor-2.npz,high_quality_architectural/9796/Floor-2,4,"0,3,7,8",4,10598,10598,256x256,256x256,True,kept,True,,
high_quality_architectural_9805_Floor-1.npz,high_quality_architectural/9805/Floor-1,4,"0,2,4,5,7,8",6,26005,26005,256x256,256x256,True,kept,True,,
high_quality_architectural_980_Floor-1.npz,high_quality_architectural/980/Floor-1,9,"0,1,2,3,4,5,6,7,8",9,9765,9765,256x256,256x256,True,kept,True,,
high_quality_architectural_9822_Floor-1.npz,high_quality_architectural/9822/Floor-1,2,"0,1,2,4,8",5,41238,41238,256x256,256x256,False,room_count_below_min,False,,
high_quality_architectural_9825_Floor-1.npz,high_quality_architectural/9825/Floor-1,0,"0,8",2,5971,5971,256x256,256x256,False,room_count_below_min,False,,
high_quality_architectural_9833_Floor-1.npz,high_quality_architectural/9833/Floor-1,10,"0,1,2,3,4,5,7,8",8,25292,25292,256x256,256x256,True,kept,True,,
high_quality_architectural_9837_Floor-1.npz,high_quality_architectural/9837/Floor-1,3,"0,2,5,7,8",5,35485,35485,256x256,256x256,True,kept,True,,
high_quality_architectural_9844_Floor-1.npz,high_quality_architectural/9844/Floor-1,6,"0,1,3,4,5,8",6,34392,34392,256x256,256x256,True,kept,True,,
high_quality_architectural_9849_Floor-1.npz,high_quality_architectural/9849/Floor-1,4,"0,1,2,3,5,7,8",7,41969,41969,256x256,256x256,True,kept,True,,
high_quality_architectural_9852_Floor-1.npz,high_quality_architectural/9852/Floor-1,6,"0,2,3,4,5,7,8",7,28203,28203,256x256,256x256,True,kept,True,,
high_quality_architectural_985_Floor-1.npz,high_quality_architectural/985/Floor-1,1,"0,1,2,8",4,14952,14952,256x256,256x256,False,room_count_below_min,False,,
high_quality_architectural_985_Floor-2.npz,high_quality_architectural/985/Floor-2,3,"0,2,4,7,8",5,8251,8251,256x256,256x256,True,kept,True,,
high_quality_architectural_9860_Floor-1.npz,high_quality_architectural/9860/Floor-1,6,"0,1,3,4,6,7,8",7,26814,26814,256x256,256x256,True,kept,True,,
high_quality_architectural_9862_Floor-1.npz,high_quality_architectural/9862/Floor-1,6,"0,1,2,3,7,8",6,45140,45140,256x256,256x256,True,kept,True,,
high_quality_architectural_9868_Floor-1.npz,high_quality_architectural/9868/Floor-1,9,"0,1,2,4,5,7,8",7,25253,25253,256x256,256x256,True,kept,True,,
high_quality_architectural_9869_Floor-1.npz,high_quality_architectural/9869/Floor-1,7,"0,1,2,3,4,5,7,8",8,42799,42799,256x256,256x256,True,kept,True,,
high_quality_architectural_986_Floor-1.npz,high_quality_architectural/986/Floor-1,8,"0,1,2,3,4,5,7,8",8,30637,30637,256x256,256x256,True,kept,True,,
high_quality_architectural_9874_Floor-1.npz,high_quality_architectural/9874/Floor-1,6,"0,2,3,4,7,8",6,32030,32030,256x256,256x256,True,kept,True,,
high_quality_architectural_9875_Floor-1.npz,high_quality_architectural/9875/Floor-1,6,"0,2,4,8",4,2031,2031,256x256,256x256,True,kept,True,,
high_quality_architectural_9875_Floor-2.npz,high_quality_architectural/9875/Floor-2,32,"0,2,4,5,7,8",6,6958,6958,256x256,256x256,True,kept,True,,
high_quality_architectural_9875_Floor-3.npz,high_quality_architectural/9875/Floor-3,0,"0,8",2,1950,1950,256x256,256x256,False,room_count_below_min,False,,
high_quality_architectural_9880_Floor-1.npz,high_quality_architectural/9880/Floor-1,10,"0,1,2,4,5,7,8",7,19262,19262,256x256,256x256,True,kept,True,,
high_quality_architectural_9880_Floor-2.npz,high_quality_architectural/9880/Floor-2,3,"0,3,4,8",4,6925,6925,256x256,256x256,True,kept,True,,
high_quality_architectural_9881_Floor-1.npz,high_quality_architectural/9881/Floor-1,2,"0,2,4,5,8",5,38151,38151,256x256,256x256,False,room_count_below_min,False,,
high_quality_architectural_9885_Floor-1.npz,high_quality_architectural/9885/Floor-1,10,"0,1,2,3,4,5,6,7,8",9,10505,10505,256x256,256x256,True,kept,True,,
high_quality_architectural_9885_Floor-2.npz,high_quality_architectural/9885/Floor-2,5,"0,2,3,4,7,8",6,5409,5409,256x256,256x256,True,kept,True,,
high_quality_architectural_9886_Floor-1.npz,high_quality_architectural/9886/Floor-1,5,"0,1,3,4,5,7,8",7,28138,28138,256x256,256x256,True,kept,True,,
high_quality_architectural_9897_Floor-1.npz,high_quality_architectural/9897/Floor-1,3,"0,1,2,3,8",5,39921,39921,256x256,256x256,True,kept,True,,
high_quality_architectural_989_Floor-1.npz,high_quality_architectural/989/Floor-1,5,"0,1,2,3,5,7,8",7,24339,24339,256x256,256x256,True,kept,True,,
high_quality_architectural_98_Floor-1.npz,high_quality_architectural/98/Floor-1,4,"0,1,2,3,4,5,8",7,42132,42132,256x256,256x256,True,kept,True,,
high_quality_architectural_9902_Floor-1.npz,high_quality_architectural/9902/Floor-1,11,"0,1,3,4,5,7,8",7,23816,23816,256x256,256x256,True,kept,True,,
high_quality_architectural_9905_Floor-1.npz,high_quality_architectural/9905/Floor-1,3,"0,2,3,4,5,6,8",7,22996,22996,256x256,256x256,True,kept,True,,
high_quality_architectural_9909_Floor-1.npz,high_quality_architectural/9909/Floor-1,3,"0,2,3,5,7,8",6,39046,39046,256x256,256x256,True,kept,True,,
high_quality_architectural_9912_Floor-1.npz,high_quality_architectural/9912/Floor-1,5,"0,1,2,3,4,5,7,8",8,33285,33285,256x256,256x256,True,kept,True,,
high_quality_architectural_9925_Floor-1.npz,high_quality_architectural/9925/Floor-1,12,"0,1,2,4,5,7,8",7,21970,21970,256x256,256x256,True,kept,True,,
high_quality_architectural_9931_Floor-1.npz,high_quality_architectural/9931/Floor-1,3,"0,1,2,8",4,24954,24954,256x256,256x256,True,kept,True,,
high_quality_architectural_9935_Floor-1.npz,high_quality_architectural/9935/Floor-1,6,"0,1,2,3,4,5,6,8",8,17067,17067,256x256,256x256,True,kept,True,,
high_quality_architectural_9936_Floor-1.npz,high_quality_architectural/9936/Floor-1,11,"0,1,2,3,4,5,6,7,8",9,32160,32160,256x256,256x256,True,kept,True,,
high_quality_architectural_9937_Floor-1.npz,high_quality_architectural/9937/Floor-1,4,"0,1,2,4,5,7,8",7,36301,36301,256x256,256x256,True,kept,True,,
high_quality_architectural_9942_Floor-1.npz,high_quality_architectural/9942/Floor-1,6,"0,1,2,3,4,5,8",7,9954,9954,256x256,256x256,True,kept,True,,
high_quality_architectural_9942_Floor-2.npz,high_quality_architectural/9942/Floor-2,3,"0,3,7,8",4,8451,8451,256x256,256x256,True,kept,True,,
high_quality_architectural_9945_Floor-1.npz,high_quality_architectural/9945/Floor-1,7,"0,1,2,3,4,5,7,8",8,28437,28437,256x256,256x256,True,kept,True,,
high_quality_architectural_9946_Floor-1.npz,high_quality_architectural/9946/Floor-1,12,"0,1,2,3,4,5,7,8",8,29417,29417,256x256,256x256,True,kept,True,,
high_quality_architectural_9956_Floor-1.npz,high_quality_architectural/9956/Floor-1,16,"0,1,2,3,4,5,7,8",8,29250,29250,256x256,256x256,True,kept,True,,
high_quality_architectural_9960_Floor-1.npz,high_quality_architectural/9960/Floor-1,10,"0,1,2,3,4,5,6,7,8",9,29617,29617,256x256,256x256,True,kept,True,,
high_quality_architectural_9964_Floor-1.npz,high_quality_architectural/9964/Floor-1,6,"0,1,2,3,4,5,6,7,8",9,28749,28749,256x256,256x256,True,kept,True,,
high_quality_architectural_9971_Floor-1.npz,high_quality_architectural/9971/Floor-1,4,"0,1,2,4,8",5,38517,38517,256x256,256x256,True,kept,True,,
high_quality_architectural_9976_Floor-1.npz,high_quality_architectural/9976/Floor-1,13,"0,3,4,5,7,8",6,14155,14155,256x256,256x256,True,kept,True,,
high_quality_architectural_9976_Floor-2.npz,high_quality_architectural/9976/Floor-2,3,"0,1,2,3,4,5,6,7,8",9,11689,11689,256x256,256x256,True,kept,True,,
high_quality_architectural_9977_Floor-1.npz,high_quality_architectural/9977/Floor-1,7,"0,1,3,4,5,8",6,29848,29848,256x256,256x256,True,kept,True,,
high_quality_architectural_9984_Floor-1.npz,high_quality_architectural/9984/Floor-1,11,"0,1,3,4,5,7,8",7,37998,37998,256x256,256x256,True,kept,True,,
high_quality_architectural_9985_Floor-1.npz,high_quality_architectural/9985/Floor-1,4,"0,1,3,4,8",5,19798,19798,256x256,256x256,True,kept,True,,
high_quality_architectural_9989_Floor-1.npz,high_quality_architectural/9989/Floor-1,4,"0,1,2,3,4,5,8",7,11878,11878,256x256,256x256,True,kept,True,,
high_quality_architectural_9989_Floor-2.npz,high_quality_architectural/9989/Floor-2,6,"0,3,4,5,7,8",6,12978,12978,256x256,256x256,True,kept,True,,
high_quality_architectural_9993_Floor-1.npz,high_quality_architectural/9993/Floor-1,5,"0,1,2,3,4,5,7,8",8,35904,35904,256x256,256x256,True,kept,True,,
