filename,sample_id,room_count,unique_classes,unique_class_count,semantic_nonzero_pixels,outline_pixels,sem_shape,outline_shape,valid,reason,present_in_clean_folder,missing_keys,error
high_quality_architectural_10000_Floor-1.npz,high_quality_architectural/10000/Floor-1,1,"0,4,8",3,7793,7793,256x256,256x256,False,room_count_below_min,False,,
high_quality_architectural_10019_Floor-1.npz,high_quality_architectural/10019/Floor-1,2,"0,1,3,5,8",5,32955,32955,256x256,256x256,False,room_count_below_min,False,,
high_quality_architectural_10020_Floor-1.npz,high_quality_architectural/10020/Floor-1,2,"0,1,2,3,4,5,8",7,42682,42682,256x256,256x256,False,room_count_below_min,False,,
high_quality_architectural_10028_Floor-1.npz,high_quality_architectural/10028/Floor-1,1,"0,1,2,8",4,26672,26672,256x256,256x256,False,room_count_below_min,False,,
high_quality_architectural_10063_Floor-2.npz,high_quality_architectural/10063/Floor-2,1,"0,7,8",3,1321,1321,256x256,256x256,False,room_count_below_min,False,,
high_quality_architectural_10070_Floor-1.npz,high_quality_architectural/10070/Floor-1,1,"0,4,8",3,4389,4389,256x256,256x256,False,room_count_below_min,False,,
high_quality_architectural_10080_Floor-1.npz,high_quality_architectural/10080/Floor-1,2,"0,1,2,4,5,7,8",7,31384,31384,256x256,256x256,False,room_count_below_min,False,,
high_quality_architectural_10092_Floor-1.npz,high_quality_architectural/10092/Floor-1,2,"0,7,8",3,4326,4326,256x256,256x256,False,room_count_below_min,False,,
high_quality_architectural_10108_Floor-2.npz,high_quality_architectural/10108/Floor-2,1,"0,4,8",3,2263,2263,256x256,256x256,False,room_count_below_min,False,,
high_quality_architectural_10113_Floor-1.npz,high_quality_architectural/10113/Floor-1,2,"0,1,4,5,7,8",6,29310,29310,256x256,256x256,False,room_count_below_min,False,,
high_quality_architectural_10127_Floor-1.npz,high_quality_architectural/10127/Floor-1,1,"0,1,2,8",4,34348,34348,256x256,256x256,False,room_count_below_min,False,,
high_quality_architectural_10136_Floor-1.npz,high_quality_architectural/10136/Floor-1,0,"0,8",2,2312,2312,256x256,256x256,False,room_count_below_min,False,,
high_quality_architectural_10152_Floor-1.npz,high_quality_architectural/10152/Floor-1,0,"0,8",2,3618,3618,256x256,256x256,False,room_count_below_min,False,,
high_quality_architectural_10155_Floor-1.npz,high_quality_architectural/10155/Floor-1,0,"0,8",2,2297,2297,256x256,256x256,False,room_count_below_min,False,,
high_quality_architectural_10156_Floor-1.npz,high_quality_architectural/10156/Floor-1,2,"0,4,7,8",4,4474,4474,256x256,256x256,False,room_count_below_min,False,,
high_quality_architectural_10158_Floor-1.npz,high_quality_architectural/10158/Floor-1,0,"0,8",2,8801,8801,256x256,256x256,False,room_count_below_min,False,,
high_quality_architectural_10160_Floor-1.npz,high_quality_architectural/10160/Floor-1,2,"0,1,2,3,5,8",6,20399,20399,256x256,256x256,False,room_count_below_min,False,,
high_quality_architectural_10163_Floor-1.npz,high_quality_architectural/10163/Floor-1,0,"0,8",2,7120,7120,256x256,256x256,False,room_count_below_min,False,,
high_quality_architectural_10179_Floor-1.npz,high_quality_architectural/10179/Floor-1,2,"0,1,4,8",4,15995,15995,256x256,256x256,False,room_count_below_min,False,,
high_quality_architectural_1018_Floor-1.npz,high_quality_architectural/1018/Floor-1,0,"0,8",2,3133,3133,256x256,256x256,False,room_count_below_min,False,,
high_quality_architectural_1020_Floor-1.npz,high_quality_architectural/1020/Floor-1,1,"0,7,8",3,7862,7862,256x256,256x256,False,room_count_below_min,False,,
high_quality_architectural_1021_Floor-2.npz,high_quality_architectural/1021/Floor-2,1,"0,5,8",3,7468,7468,256x256,256x256,False,room_count_below_min,False,,
high_quality_architectural_10220_Floor-1.npz,high_quality_architectural/10220/Floor-1,0,"0,8",2,4763,4763,256x256,256x256,False,room_count_below_min,False,,
high_quality_architectural_10237_Floor-1.npz,high_quality_architectural/10237/Floor-1,0,"0,8",2,1700,1700,256x256,256x256,False,room_count_below_min,False,,
high_quality_architectural_10237_Floor-3.npz,high_quality_architectural/10237/Floor-3,2,"0,4,7,8",4,1559,1559,256x256,256x256,False,room_count_below_min,False,,
high_quality_architectural_10240_Floor-2.npz,high_quality_architectural/10240/Floor-2,1,"0,5,8",3,13617,13617,256x256,256x256,False,room_count_below_min,False,,
high_quality_architectural_10249_Floor-1.npz,high_quality_architectural/10249/Floor-1,2,"0,1,2,3,8",5,21473,21473,256x256,256x256,False,room_count_below_min,False,,
high_quality_architectural_10262_Floor-1.npz,high_quality_architectural/10262/Floor-1,1,"0,2,7,8",4,10199,10199,256x256,256x256,False,room_count_below_min,False,,
high_quality_architectural_10262_Floor-2.npz,high_quality_architectural/10262/Floor-2,1,"0,5,8",3,8699,8699,256x256,256x256,False,room_count_below_min,False,,
high_quality_architectural_10271_Floor-1.npz,high_quality_architectural/10271/Floor-1,0,"0,8",2,2479,2479,256x256,256x256,False,room_count_below_min,False,,
high_quality_architectural_10298_Floor-1.npz,high_quality_architectural/10298/Floor-1,2,"0,2,5,8",4,29574,29574,256x256,256x256,False,room_count_below_min,False,,
high_quality_architectural_10319_Floor-1.npz,high_quality_architectural/10319/Floor-1,2,"0,1,2,3,6,8",6,28906,28906,256x256,256x256,False,room_count_below_min,False,,
high_quality_architectural_10348_Floor-1.npz,high_quality_architectural/10348/Floor-1,1,"0,1,2,8",4,24381,24381,256x256,256x256,False,room_count_below_min,False,,
high_quality_architectural_10350_Floor-1.npz,high_quality_architectural/10350/Floor-1,2,"0,1,2,8",4,28555,28555,256x256,256x256,False,room_count_below_min,False,,
high_quality_architectural_10354_Floor-1.npz,high_quality_architectural/10354/Floor-1,2,"0,2,4,8",4,28042,28042,256x256,256x256,False,room_count_below_min,False,,
high_quality_architectural_10359_Floor-1.npz,high_quality_architectural/10359/Floor-1,1,"0,1,8",3,13836,13836,256x256,256x256,False,room_count_below_min,False,,
high_quality_architectural_10365_Floor-1.npz,high_quality_architectural/10365/Floor-1,0,"0,8",2,5543,5543,256x256,256x256,False,room_count_below_min,False,,
high_quality_architectural_10366_Floor-1.npz,high_quality_architectural/10366/Floor-1,2,"0,1,4,5,8",5,20255,20255,256x256,256x256,False,room_count_below_min,False,,
high_quality_architectural_10368_Floor-1.npz,high_quality_architectural/10368/Floor-1,2,"0,1,4,8",4,14666,14666,256x256,256x256,False,room_count_below_min,False,,
high_quality_architectural_10381_Floor-1.npz,high_quality_architectural/10381/Floor-1,2,"0,1,3,4,8",5,12746,12746,256x256,256x256,False,room_count_below_min,False,,
high_quality_architectural_10404_Floor-1.npz,high_quality_architectural/10404/Floor-1,2,"0,2,4,7,8",5,29778,29778,256x256,256x256,False,room_count_below_min,False,,
high_quality_architectural_1041_Floor-1.npz,high_quality_architectural/1041/Floor-1,1,"0,1,2,6,8",5,23374,23374,256x256,256x256,False,room_count_below_min,False,,
high_quality_architectural_10440_Floor-1.npz,high_quality_architectural/10440/Floor-1,1,"0,1,2,5,6,7,8",7,37729,37729,256x256,256x256,False,room_count_below_min,False,,
high_quality_architectural_10450_Floor-1.npz,high_quality_architectural/10450/Floor-1,2,"0,7,8",3,5561,5561,256x256,256x256,False,room_count_below_min,False,,
high_quality_architectural_10450_Floor-3.npz,high_quality_architectural/10450/Floor-3,2,"0,3,8",3,2988,2988,256x256,256x256,False,room_count_below_min,False,,
high_quality_architectural_10478_Floor-1.npz,high_quality_architectural/10478/Floor-1,2,"0,2,4,5,8",5,19677,19677,256x256,256x256,False,room_count_below_min,False,,
high_quality_architectural_10487_Floor-1.npz,high_quality_architectural/10487/Floor-1,2,"0,1,2,7,8",5,31136,31136,256x256,256x256,False,room_count_below_min,False,,
high_quality_architectural_10497_Floor-1.npz,high_quality_architectural/10497/Floor-1,1,"0,1,2,7,8",5,25030,25030,256x256,256x256,False,room_count_below_min,False,,
high_quality_architectural_10526_Floor-1.npz,high_quality_architectural/10526/Floor-1,2,"0,1,2,7,8",5,43772,43772,256x256,256x256,False,room_count_below_min,False,,
high_quality_architectural_10539_Floor-1.npz,high_quality_architectural/10539/Floor-1,2,"0,1,2,3,8",5,26173,26173,256x256,256x256,False,room_count_below_min,False,,
high_quality_architectural_10540_Floor-1.npz,high_quality_architectural/10540/Floor-1,2,"0,1,2,3,5,8",6,31832,31832,256x256,256x256,False,room_count_below_min,False,,
high_quality_architectural_10547_Floor-1.npz,high_quality_architectural/10547/Floor-1,2,"0,1,2,3,5,8",6,29232,29232,256x256,256x256,False,room_count_below_min,False,,
high_quality_architectural_10548_Floor-1.npz,high_quality_architectural/10548/Floor-1,2,"0,1,2,3,5,8",6,32210,32210,256x256,256x256,False,room_count_below_min,False,,
high_quality_architectural_10549_Floor-1.npz,high_quality_architectural/10549/Floor-1,1,"0,1,2,5,8",5,32661,32661,256x256,256x256,False,room_count_below_min,False,,
high_quality_architectural_10550_Floor-1.npz,high_quality_architectural/10550/Floor-1,2,"0,1,7,8",4,11904,11904,256x256,256x256,False,room_count_below_min,False,,
high_quality_architectural_10550_Floor-2.npz,high_quality_architectural/10550/Floor-2,1,"0,2,3,8",4,12404,12404,256x256,256x256,False,room_count_below_min,False,,
high_quality_architectural_10572_Floor-1.npz,high_quality_architectural/10572/Floor-1,1,"0,1,5,8",4,14080,14080,256x256,256x256,False,room_count_below_min,False,,
high_quality_architectural_10576_Floor-1.npz,high_quality_architectural/10576/Floor-1,2,"0,4,7,8",4,6894,6894,256x256,256x256,False,room_count_below_min,False,,
high_quality_architectural_10584_Floor-1.npz,high_quality_architectural/10584/Floor-1,1,"0,2,7,8",4,32595,32595,256x256,256x256,False,room_count_below_min,False,,
high_quality_architectural_10588_Floor-1.npz,high_quality_architectural/10588/Floor-1,1,"0,7,8",3,2725,2725,256x256,256x256,False,room_count_below_min,False,,
high_quality_architectural_10614_Floor-1.npz,high_quality_architectural/10614/Floor-1,1,"0,1,2,5,8",5,31737,31737,256x256,256x256,False,room_count_below_min,False,,
high_quality_architectural_10620_Floor-1.npz,high_quality_architectural/10620/Floor-1,0,"0,8",2,5115,5115,256x256,256x256,False,room_count_below_min,False,,
high_quality_architectural_10624_Floor-1.npz,high_quality_architectural/10624/Floor-1,2,"0,1,2,5,7,8",6,12863,12863,256x256,256x256,False,room_count_below_min,False,,
high_quality_architectural_10624_Floor-2.npz,high_quality_architectural/10624/Floor-2,0,"0,8",2,3616,3616,256x256,256x256,False,room_count_below_min,False,,
high_quality_architectural_10638_Floor-1.npz,high_quality_architectural/10638/Floor-1,2,"0,1,2,8",4,37879,37879,256x256,256x256,False,room_count_below_min,False,,
high_quality_architectural_10662_Floor-1.npz,high_quality_architectural/10662/Floor-1,1,"0,1,3,5,7,8",6,23113,23113,256x256,256x256,False,room_count_below_min,False,,
high_quality_architectural_10685_Floor-1.npz,high_quality_architectural/10685/Floor-1,1,"0,1,2,7,8",5,20137,20137,256x256,256x256,False,room_count_below_min,False,,
high_quality_architectural_10697_Floor-1.npz,high_quality_architectural/10697/Floor-1,0,"0,8",2,6586,6586,256x256,256x256,False,room_count_below_min,False,,
high_quality_architectural_10700_Floor-1.npz,high_quality_architectural/10700/Floor-1,0,"0,8",2,8753,8753,256x256,256x256,False,room_count_below_min,False,,
high_quality_architectural_10731_Floor-1.npz,high_quality_architectural/10731/Floor-1,2,"0,4,7,8",4,4676,4676,256x256,256x256,False,room_count_below_min,False,,
high_quality_architectural_10731_Floor-3.npz,high_quality_architectural/10731/Floor-3,2,"0,2,7,8",4,5814,5814,256x256,256x256,False,room_count_below_min,False,,
high_quality_architectural_10733_Floor-1.npz,high_quality_architectural/10733/Floor-1,0,"0,8",2,5038,5038,256x256,256x256,False,room_count_below_min,False,,
high_quality_architectural_10738_Floor-1.npz,high_quality_architectural/10738/Floor-1,2,"0,1,2,4,5,8",6,34623,34623,256x256,256x256,False,room_count_below_min,False,,
high_quality_architectural_10739_Floor-1.npz,high_quality_architectural/10739/Floor-1,1,"0,1,2,5,8",5,37488,37488,256x256,256x256,False,room_count_below_min,False,,
high_quality_architectural_10740_Floor-1.npz,high_quality_architectural/10740/Floor-1,2,"0,1,4,5,8",5,21206,21206,256x256,256x256,False,room_count_below_min,False,,
high_quality_architectural_10749_Floor-1.npz,high_quality_architectural/10749/Floor-1,2,"0,1,2,3,5,8",6,31587,31587,256x256,256x256,False,room_count_below_min,False,,
high_quality_architectural_10756_Floor-1.npz,high_quality_architectural/10756/Floor-1,0,"0,8",2,7379,7379,256x256,256x256,False,room_count_below_min,False,,
high_quality_architectural_1075_Floor-1.npz,high_quality_architectural/1075/Floor-1,2,"0,1,2,5,6,7,8",7,12853,12853,256x256,256x256,False,room_count_below_min,False,,
high_quality_architectural_10768_Floor-1.npz,high_quality_architectural/10768/Floor-1,0,"0,8",2,7171,7171,256x256,256x256,False,room_count_below_min,False,,
high_quality_architectural_10768_Floor-2.npz,high_quality_architectural/10768/Floor-2,0,"0,8",2,5730,5730,256x256,256x256,False,room_count_below_min,False,,
high_quality_architectural_10768_Floor-3.npz,high_quality_architectural/10768/Floor-3,0,"0,8",2,1843,1843,256x256,256x256,False,room_count_below_min,False,,
high_quality_architectural_10770_Floor-1.npz,high_quality_architectural/10770/Floor-1,2,"0,1,2,4,5,8",6,26817,26817,256x256,256x256,False,room_count_below_min,False,,
high_quality_architectural_10771_Floor-2.npz,high_quality_architectural/10771/Floor-2,1,"0,5,8",3,2951,2951,256x256,256x256,False,room_count_below_min,False,,
high_quality_architectural_10775_Floor-1.npz,high_quality_architectural/10775/Floor-1,2,"0,2,7,8",4,5858,5858,256x256,256x256,False,room_count_below_min,False,,
high_quality_architectural_10775_Floor-2.npz,high_quality_architectural/10775/Floor-2,0,"0,8",2,1467,1467,256x256,256x256,False,room_count_below_min,False,,
high_quality_architectural_10787_Floor-1.npz,high_quality_architectural/10787/Floor-1,2,"0,2,7,8",4,33233,33233,256x256,256x256,False,room_count_below_min,False,,
high_quality_architectural_10_Floor-1.npz,high_quality_architectural/10/Floor-1,0,"0,8",2,1580,1580,256x256,256x256,False,room_count_below_min,False,,
high_quality_architectural_11007_Floor-1.npz,high_quality_architectural/11007/Floor-1,0,"0,8",2,6575,6575,256x256,256x256,False,room_count_below_min,False,,
high_quality_architectural_11008_Floor-1.npz,high_quality_architectural/11008/Floor-1,2,"0,1,2,8",4,43136,43136,256x256,256x256,False,room_count_below_min,False,,
high_quality_architectural_11009_Floor-1.npz,high_quality_architectural/11009/Floor-1,1,"0,2,8",3,16940,16940,256x256,256x256,False,room_count_below_min,False,,
high_quality_architectural_11011_Floor-1.npz,high_quality_architectural/11011/Floor-1,1,"0,2,8",3,14287,14287,256x256,256x256,False,room_count_below_min,False,,
high_quality_architectural_11012_Floor-1.npz,high_quality_architectural/11012/Floor-1,2,"0,1,2,8",4,42168,42168,256x256,256x256,False,room_count_below_min,False,,
high_quality_architectural_11018_Floor-1.npz,high_quality_architectural/11018/Floor-1,2,"0,2,4,8",4,20991,20991,256x256,256x256,False,room_count_below_min,False,,
high_quality_architectural_11019_Floor-1.npz,high_quality_architectural/11019/Floor-1,2,"0,2,5,8",4,33937,33937,256x256,256x256,False,room_count_below_min,False,,
high_quality_architectural_11023_Floor-1.npz,high_quality_architectural/11023/Floor-1,1,"0,5,8",3,24340,24340,256x256,256x256,False,room_count_below_min,False,,
high_quality_architectural_11025_Floor-1.npz,high_quality_architectural/11025/Floor-1,1,"0,4,8",3,9650,9650,256x256,256x256,False,room_count_below_min,False,,
high_quality_architectural_11026_Floor-1.npz,high_quality_architectural/11026/Floor-1,0,"0,8",2,8158,8158,256x256,256x256,False,room_count_below_min,False,,
high_quality_architectural_11028_Floor-1.npz,high_quality_architectural/11028/Floor-1,2,"0,2,4,8",4,17361,17361,256x256,256x256,False,room_count_below_min,False,,
high_quality_architectural_1102_Floor-1.npz,high_quality_architectural/1102/Floor-1,2,"0,1,2,4,5,8",6,24695,24695,256x256,256x256,False,room_count_below_min,False,,
high_quality_architectural_1104_Floor-1.npz,high_quality_architectural/1104/Floor-1,1,"0,1,2,5,8",5,30445,30445,256x256,256x256,False,room_count_below_min,False,,
high_quality_architectural_11051_Floor-1.npz,high_quality_architectural/11051/Floor-1,2,"0,1,4,8",4,13380,13380,256x256,256x256,False,room_count_below_min,False,,
high_quality_architectural_11063_Floor-1.npz,high_quality_architectural/11063/Floor-1,2,"0,4,5,8",4,22657,22657,256x256,256x256,False,room_count_below_min,False,,
high_quality_architectural_11068_Floor-1.npz,high_quality_architectural/11068/Floor-1,0,"0,8",2,5360,5360,256x256,256x256,False,room_count_below_min,False,,
high_quality_architectural_1106_Floor-1.npz,high_quality_architectural/1106/Floor-1,2,"0,1,3,5,8",5,22073,22073,256x256,256x256,False,room_count_below_min,False,,
high_quality_architectural_11084_Floor-1.npz,high_quality_architectural/11084/Floor-1,2,"0,1,2,4,5,8",6,32752,32752,256x256,256x256,False,room_count_below_min,False,,
high_quality_architectural_11089_Floor-1.npz,high_quality_architectural/11089/Floor-1,0,"0,8",2,3554,3554,256x256,256x256,False,room_count_below_min,False,,
high_quality_architectural_11096_Floor-1.npz,high_quality_architectural/11096/Floor-1,2,"0,1,2,5,7,8",6,43801,43801,256x256,256x256,False,room_count_below_min,False,,
high_quality_architectural_11101_Floor-1.npz,high_quality_architectural/11101/Floor-1,2,"0,2,7,8",4,30343,30343,256x256,256x256,False,room_count_below_min,False,,
high_quality_architectural_11109_Floor-1.npz,high_quality_architectural/11109/Floor-1,0,"0,8",2,6278,6278,256x256,256x256,False,room_count_below_min,False,,
high_quality_architectural_11118_Floor-1.npz,high_quality_architectural/11118/Floor-1,1,"0,1,2,5,8",5,31931,31931,256x256,256x256,False,room_count_below_min,False,,
high_quality_architectural_11136_Floor-2.npz,high_quality_architectural/11136/Floor-2,0,"0,8",2,2026,2026,256x256,256x256,False,room_count_below_min,False,,
high_quality_architectural_11153_Floor-1.npz,high_quality_architectural/11153/Floor-1,0,"0,8",2,6681,6681,256x256,256x256,False,room_count_below_min,False,,
high_quality_architectural_11154_Floor-2.npz,high_quality_architectural/11154/Floor-2,0,"0,8",2,3361,3361,256x256,256x256,False,room_count_below_min,False,,
high_quality_architectural_11209_Floor-1.npz,high_quality_architectural/11209/Floor-1,0,"0,8",2,4732,4732,256x256,256x256,False,room_count_below_min,False,,
high_quality_architectural_11213_Floor-1.npz,high_quality_architectural/11213/Floor-1,2,"0,1,2,8",4,22008,22008,256x256,256x256,False,room_count_below_min,False,,
high_quality_architectural_11244_Floor-1.npz,high_quality_architectural/11244/Floor-1,0,"0,8",2,3440,3440,256x256,256x256,False,room_count_below_min,False,,
high_quality_architectural_11244_Floor-2.npz,high_quality_architectural/11244/Floor-2,0,"0,8",2,1961,1961,256x256,256x256,False,room_count_below_min,False,,
high_quality_architectural_11258_Floor-1.npz,high_quality_architectural/11258/Floor-1,2,"0,3,4,8",4,7052,7052,256x256,256x256,False,room_count_below_min,False,,
high_quality_architectural_11268_Floor-1.npz,high_quality_architectural/11268/Floor-1,2,"0,1,2,3,5,8",6,35236,35236,256x256,256x256,False,room_count_below_min,False,,
high_quality_architectural_11279_Floor-1.npz,high_quality_architectural/11279/Floor-1,1,"0,1,2,5,8",5,37503,37503,256x256,256x256,False,room_count_below_min,False,,
high_quality_architectural_1128_Floor-2.npz,high_quality_architectural/1128/Floor-2,0,0,1,0,0,256x256,256x256,False,room_count_below_min,False,,
high_quality_architectural_11297_Floor-1.npz,high_quality_architectural/11297/Floor-1,2,"0,2,8",3,24866,24866,256x256,256x256,False,room_count_below_min,False,,
high_quality_architectural_11298_Floor-2.npz,high_quality_architectural/11298/Floor-2,2,"0,5,7,8",4,16674,16674,256x256,256x256,False,room_count_below_min,False,,
high_quality_architectural_11301_Floor-2.npz,high_quality_architectural/11301/Floor-2,0,"0,8",2,3501,3501,256x256,256x256,False,room_count_below_min,False,,
high_quality_architectural_11302_Floor-1.npz,high_quality_architectural/11302/Floor-1,2,"0,1,2,5,8",5,39412,39412,256x256,256x256,False,room_count_below_min,False,,
high_quality_architectural_11303_Floor-1.npz,high_quality_architectural/11303/Floor-1,2,"0,1,2,4,8",5,36681,36681,256x256,256x256,False,room_count_below_min,False,,
high_quality_architectural_11304_Floor-1.npz,high_quality_architectural/11304/Floor-1,0,"0,8",2,5342,5342,256x256,256x256,False,room_count_below_min,False,,
high_quality_architectural_11327_Floor-1.npz,high_quality_architectural/11327/Floor-1,0,"0,8",2,4827,4827,256x256,256x256,False,room_count_below_min,False,,
high_quality_architectural_11330_Floor-2.npz,high_quality_architectural/11330/Floor-2,2,"0,3,4,8",4,2732,2732,256x256,256x256,False,room_count_below_min,False,,
high_quality_architectural_11345_Floor-1.npz,high_quality_architectural/11345/Floor-1,1,"0,3,8",3,3058,3058,256x256,256x256,False,room_count_below_min,False,,
high_quality_architectural_11354_Floor-1.npz,high_quality_architectural/11354/Floor-1,0,"0,8",2,5552,5552,256x256,256x256,False,room_count_below_min,False,,
high_quality_architectural_11361_Floor-3.npz,high_quality_architectural/11361/Floor-3,0,"0,8",2,1287,1287,256x256,256x256,False,room_count_below_min,False,,
high_quality_architectural_11374_Floor-1.npz,high_quality_architectural/11374/Floor-1,2,"0,1,2,7,8",5,19421,19421,256x256,256x256,False,room_count_below_min,False,,
high_quality_architectural_11409_Floor-1.npz,high_quality_architectural/11409/Floor-1,2,"0,2,3,5,8",5,21417,21417,256x256,256x256,False,room_count_below_min,False,,
high_quality_architectural_1141_Floor-1.npz,high_quality_architectural/1141/Floor-1,2,"0,1,3,5,8",5,30122,30122,256x256,256x256,False,room_count_below_min,False,,
high_quality_architectural_11465_Floor-1.npz,high_quality_architectural/11465/Floor-1,1,"0,1,2,5,6,8",6,12256,12256,256x256,256x256,False,room_count_below_min,False,,
high_quality_architectural_11465_Floor-2.npz,high_quality_architectural/11465/Floor-2,2,"0,3,4,8",4,6962,6962,256x256,256x256,False,room_count_below_min,False,,
high_quality_architectural_11511_Floor-1.npz,high_quality_architectural/11511/Floor-1,0,"0,8",2,4754,4754,256x256,256x256,False,room_count_below_min,False,,
high_quality_architectural_11512_Floor-1.npz,high_quality_architectural/11512/Floor-1,1,"0,1,8",3,6948,6948,256x256,256x256,False,room_count_below_min,False,,
high_quality_architectural_11520_Floor-1.npz,high_quality_architectural/11520/Floor-1,1,"0,2,8",3,15345,15345,256x256,256x256,False,room_count_below_min,False,,
high_quality_architectural_11536_Floor-2.npz,high_quality_architectural/11536/Floor-2,2,"0,3,8",3,7348,7348,256x256,256x256,False,room_count_below_min,False,,
high_quality_architectural_11557_Floor-1.npz,high_quality_architectural/11557/Floor-1,0,"0,8",2,5484,5484,256x256,256x256,False,room_count_below_min,False,,
high_quality_architectural_11580_Floor-1.npz,high_quality_architectural/11580/Floor-1,1,"0,1,3,5,8",5,27721,27721,256x256,256x256,False,room_count_below_min,False,,
high_quality_architectural_11587_Floor-1.npz,high_quality_architectural/11587/Floor-1,0,"0,8",2,3953,3953,256x256,256x256,False,room_count_below_min,False,,
high_quality_architectural_11593_Floor-1.npz,high_quality_architectural/11593/Floor-1,0,"0,8",2,6149,6149,256x256,256x256,False,room_count_below_min,False,,
high_quality_architectural_11616_Floor-1.npz,high_quality_architectural/11616/Floor-1,2,"0,1,2,4,8",5,8733,8733,256x256,256x256,False,room_count_below_min,False,,
high_quality_architectural_11616_Floor-2.npz,high_quality_architectural/11616/Floor-2,2,"0,5,8",3,7572,7572,256x256,256x256,False,room_count_below_min,False,,
high_quality_architectural_1164_Floor-1.npz,high_quality_architectural/1164/Floor-1,1,"0,1,2,8",4,30327,30327,256x256,256x256,False,room_count_below_min,False,,
high_quality_architectural_11656_Floor-1.npz,high_quality_architectural/11656/Floor-1,1,"0,1,2,5,7,8",6,29287,29287,256x256,256x256,False,room_count_below_min,False,,
high_quality_architectural_1165_Floor-1.npz,high_quality_architectural/1165/Floor-1,0,"0,8",2,6973,6973,256x256,256x256,False,room_count_below_min,False,,
high_quality_architectural_11662_Floor-2.npz,high_quality_architectural/11662/Floor-2,0,"0,8",2,2770,2770,256x256,256x256,False,room_count_below_min,False,,
high_quality_architectural_1168_Floor-1.npz,high_quality_architectural/1168/Floor-1,1,"0,2,3,8",4,24919,24919,256x256,256x256,False,room_count_below_min,False,,
high_quality_architectural_11691_Floor-1.npz,high_quality_architectural/11691/Floor-1,2,"0,2,4,5,8",5,26067,26067,256x256,256x256,False,room_count_below_min,False,,
high_quality_architectural_11694_Floor-1.npz,high_quality_architectural/11694/Floor-1,2,"0,2,8",3,21470,21470,256x256,256x256,False,room_count_below_min,False,,
high_quality_architectural_11694_Floor-2.npz,high_quality_architectural/11694/Floor-2,1,"0,2,5,8",4,16262,16262,256x256,256x256,False,room_count_below_min,False,,
high_quality_architectural_11702_Floor-2.npz,high_quality_architectural/11702/Floor-2,2,"0,2,3,8",4,13846,13846,256x256,256x256,False,room_count_below_min,False,,
high_quality_architectural_11714_Floor-1.npz,high_quality_architectural/11714/Floor-1,1,"0,1,8",3,12779,12779,256x256,256x256,False,room_count_below_min,False,,
high_quality_architectural_11718_Floor-1.npz,high_quality_architectural/11718/Floor-1,2,"0,1,2,8",4,29645,29645,256x256,256x256,False,room_count_below_min,False,,
high_quality_architectural_11746_Floor-1.npz,high_quality_architectural/11746/Floor-1,2,"0,2,3,7,8",5,33367,33367,256x256,256x256,False,room_count_below_min,False,,
high_quality_architectural_11792_Floor-2.npz,high_quality_architectural/11792/Floor-2,2,"0,2,5,8",4,6741,6741,256x256,256x256,False,room_count_below_min,False,,
high_quality_architectural_11800_Floor-1.npz,high_quality_architectural/11800/Floor-1,1,"0,1,2,3,6,8",6,34617,34617,256x256,256x256,False,room_count_below_min,False,,
high_quality_architectural_11802_Floor-1.npz,high_quality_architectural/11802/Floor-1,2,"0,1,2,3,5,8",6,30107,30107,256x256,256x256,False,room_count_below_min,False,,
high_quality_architectural_11826_Floor-1.npz,high_quality_architectural/11826/Floor-1,2,"0,1,3,8",4,12944,12944,256x256,256x256,False,room_count_below_min,False,,
high_quality_architectural_11841_Floor-1.npz,high_quality_architectural/11841/Floor-1,2,"0,1,2,5,7,8",6,28851,28851,256x256,256x256,False,room_count_below_min,False,,
high_quality_architectural_11856_Floor-2.npz,high_quality_architectural/11856/Floor-2,2,"0,2,3,6,8",5,13590,13590,256x256,256x256,False,room_count_below_min,False,,
high_quality_architectural_11869_Floor-1.npz,high_quality_architectural/11869/Floor-1,0,"0,8",2,4473,4473,256x256,256x256,False,room_count_below_min,False,,
high_quality_architectural_11875_Floor-1.npz,high_quality_architectural/11875/Floor-1,2,"0,1,2,4,5,7,8",7,27483,27483,256x256,256x256,False,room_count_below_min,False,,
high_quality_architectural_11878_Floor-1.npz,high_quality_architectural/11878/Floor-1,1,"0,1,2,5,8",5,27899,27899,256x256,256x256,False,room_count_below_min,False,,
high_quality_architectural_11919_Floor-1.npz,high_quality_architectural/11919/Floor-1,2,"0,2,4,7,8",5,29816,29816,256x256,256x256,False,room_count_below_min,False,,
high_quality_architectural_11925_Floor-1.npz,high_quality_architectural/11925/Floor-1,0,"0,8",2,5677,5677,256x256,256x256,False,room_count_below_min,False,,
high_quality_architectural_11932_Floor-1.npz,high_quality_architectural/11932/Floor-1,2,"0,1,2,4,5,8",6,25080,25080,256x256,256x256,False,room_count_below_min,False,,
high_quality_architectural_11947_Floor-1.npz,high_quality_architectural/11947/Floor-1,2,"0,1,2,4,8",5,22481,22481,256x256,256x256,False,room_count_below_min,False,,
high_quality_architectural_11975_Floor-1.npz,high_quality_architectural/11975/Floor-1,1,"0,1,2,8",4,27511,27511,256x256,256x256,False,room_count_below_min,False,,
high_quality_architectural_11978_Floor-2.npz,high_quality_architectural/11978/Floor-2,2,"0,2,8",3,9669,9669,256x256,256x256,False,room_count_below_min,False,,
high_quality_architectural_11_Floor-2.npz,high_quality_architectural/11/Floor-2,1,"0,5,8",3,8082,8082,256x256,256x256,False,room_count_below_min,False,,
high_quality_architectural_12007_Floor-1.npz,high_quality_architectural/12007/Floor-1,1,"0,1,2,5,8",5,36189,36189,256x256,256x256,False,room_count_below_min,False,,
high_quality_architectural_12008_Floor-1.npz,high_quality_architectural/12008/Floor-1,2,"0,1,4,5,8",5,25695,25695,256x256,256x256,False,room_count_below_min,False,,
high_quality_architectural_12012_Floor-1.npz,high_quality_architectural/12012/Floor-1,2,"0,4,5,8",4,23286,23286,256x256,256x256,False,room_count_below_min,False,,
high_quality_architectural_12022_Floor-1.npz,high_quality_architectural/12022/Floor-1,2,"0,1,2,4,5,8",6,32713,32713,256x256,256x256,False,room_count_below_min,False,,
high_quality_architectural_12059_Floor-1.npz,high_quality_architectural/12059/Floor-1,2,"0,2,4,8",4,22007,22007,256x256,256x256,False,room_count_below_min,False,,
high_quality_architectural_12062_Floor-1.npz,high_quality_architectural/12062/Floor-1,1,"0,7,8",3,8483,8483,256x256,256x256,False,room_count_below_min,False,,
high_quality_architectural_12064_Floor-2.npz,high_quality_architectural/12064/Floor-2,2,"0,3,8",3,5680,5680,256x256,256x256,False,room_count_below_min,False,,
high_quality_architectural_12073_Floor-1.npz,high_quality_architectural/12073/Floor-1,2,"0,1,2,4,5,8",6,34573,34573,256x256,256x256,False,room_count_below_min,False,,
high_quality_architectural_12074_Floor-2.npz,high_quality_architectural/12074/Floor-2,2,"0,3,8",3,12579,12579,256x256,256x256,False,room_count_below_min,False,,
high_quality_architectural_12082_Floor-1.npz,high_quality_architectural/12082/Floor-1,2,"0,1,2,4,8",5,37422,37422,256x256,256x256,False,room_count_below_min,False,,
high_quality_architectural_12103_Floor-1.npz,high_quality_architectural/12103/Floor-1,2,"0,3,4,8",4,19230,19230,256x256,256x256,False,room_count_below_min,False,,
high_quality_architectural_12125_Floor-1.npz,high_quality_architectural/12125/Floor-1,2,"0,1,2,4,8",5,31657,31657,256x256,256x256,False,room_count_below_min,False,,
high_quality_architectural_12135_Floor-1.npz,high_quality_architectural/12135/Floor-1,2,"0,1,4,5,8",5,23215,23215,256x256,256x256,False,room_count_below_min,False,,
high_quality_architectural_12146_Floor-1.npz,high_quality_architectural/12146/Floor-1,2,"0,4,5,8",4,17521,17521,256x256,256x256,False,room_count_below_min,False,,
high_quality_architectural_12166_Floor-1.npz,high_quality_architectural/12166/Floor-1,1,"0,4,8",3,5464,5464,256x256,256x256,False,room_count_below_min,False,,
high_quality_architectural_12192_Floor-1.npz,high_quality_architectural/12192/Floor-1,1,"0,3,8",3,14367,14367,256x256,256x256,False,room_count_below_min,False,,
high_quality_architectural_12203_Floor-1.npz,high_quality_architectural/12203/Floor-1,1,"0,2,3,4,5,7,8",7,40775,40775,256x256,256x256,False,room_count_below_min,False,,
high_quality_architectural_12213_Floor-1.npz,high_quality_architectural/12213/Floor-1,2,"0,1,2,3,5,6,8",7,39255,39255,256x256,256x256,False,room_count_below_min,False,,
high_quality_architectural_12224_Floor-1.npz,high_quality_architectural/12224/Floor-1,0,"0,8",2,4490,4490,256x256,256x256,False,room_count_below_min,False,,
high_quality_architectural_12245_Floor-1.npz,high_quality_architectural/12245/Floor-1,2,"0,2,4,8",4,22763,22763,256x256,256x256,False,room_count_below_min,False,,
high_quality_architectural_12289_Floor-1.npz,high_quality_architectural/12289/Floor-1,2,"0,4,5,8",4,17750,17750,256x256,256x256,False,room_count_below_min,False,,
high_quality_architectural_12404_Floor-3.npz,high_quality_architectural/12404/Floor-3,0,"0,8",2,1609,1609,256x256,256x256,False,room_count_below_min,False,,
high_quality_architectural_12453_Floor-2.npz,high_quality_architectural/12453/Floor-2,0,"0,8",2,2419,2419,256x256,256x256,False,room_count_below_min,False,,
high_quality_architectural_12454_Floor-1.npz,high_quality_architectural/12454/Floor-1,2,"0,1,4,8",4,5487,5487,256x256,256x256,False,room_count_below_min,False,,
high_quality_architectural_12482_Floor-1.npz,high_quality_architectural/12482/Floor-1,2,"0,1,2,4,8",5,28359,28359,256x256,256x256,False,room_count_below_min,False,,
high_quality_architectural_12483_Floor-1.npz,high_quality_architectural/12483/Floor-1,2,"0,1,2,3,4,5,8",7,25914,25914,256x256,256x256,False,room_count_below_min,False,,
high_quality_architectural_12489_Floor-1.npz,high_quality_architectural/12489/Floor-1,1,"0,7,8",3,6181,6181,256x256,256x256,False,room_count_below_min,False,,
high_quality_architectural_12501_Floor-1.npz,high_quality_architectural/12501/Floor-1,0,"0,8",2,5305,5305,256x256,256x256,False,room_count_below_min,False,,
high_quality_architectural_12507_Floor-1.npz,high_quality_architectural/12507/Floor-1,2,"0,1,2,3,5,8",6,19690,19690,256x256,256x256,False,room_count_below_min,False,,
high_quality_architectural_12529_Floor-2.npz,high_quality_architectural/12529/Floor-2,0,"0,8",2,1117,1117,256x256,256x256,False,room_count_below_min,False,,
high_quality_architectural_1252_Floor-1.npz,high_quality_architectural/1252/Floor-1,1,"0,7,8",3,3468,3468,256x256,256x256,False,room_count_below_min,False,,
high_quality_architectural_12534_Floor-1.npz,high_quality_architectural/12534/Floor-1,2,"0,1,2,3,5,8",6,33082,33082,256x256,256x256,False,room_count_below_min,False,,
high_quality_architectural_12535_Floor-1.npz,high_quality_architectural/12535/Floor-1,2,"0,1,2,3,4,8",6,32285,32285,256x256,256x256,False,room_count_below_min,False,,
high_quality_architectural_12536_Floor-1.npz,high_quality_architectural/12536/Floor-1,2,"0,1,2,3,4,5,8",7,32358,32358,256x256,256x256,False,room_count_below_min,False,,
high_quality_architectural_12541_Floor-1.npz,high_quality_architectural/12541/Floor-1,2,"0,1,2,3,5,8",6,32096,32096,256x256,256x256,False,room_count_below_min,False,,
high_quality_architectural_12569_Floor-1.npz,high_quality_architectural/12569/Floor-1,0,"0,8",2,4337,4337,256x256,256x256,False,room_count_below_min,False,,
high_quality_architectural_12578_Floor-1.npz,high_quality_architectural/12578/Floor-1,1,"0,1,2,5,7,8",6,38176,38176,256x256,256x256,False,room_count_below_min,False,,
high_quality_architectural_12599_Floor-1.npz,high_quality_architectural/12599/Floor-1,2,"0,1,2,4,5,8",6,31187,31187,256x256,256x256,False,room_count_below_min,False,,
high_quality_architectural_12661_Floor-1.npz,high_quality_architectural/12661/Floor-1,0,0,1,0,0,256x256,256x256,False,room_count_below_min,False,,
high_quality_architectural_12676_Floor-1.npz,high_quality_architectural/12676/Floor-1,0,"0,8",2,7439,7439,256x256,256x256,False,room_count_below_min,False,,
high_quality_architectural_12700_Floor-1.npz,high_quality_architectural/12700/Floor-1,2,"0,1,2,5,8",5,32217,32217,256x256,256x256,False,room_count_below_min,False,,
high_quality_architectural_12707_Floor-1.npz,high_quality_architectural/12707/Floor-1,2,"0,1,2,3,5,8",6,36238,36238,256x256,256x256,False,room_count_below_min,False,,
high_quality_architectural_12710_Floor-1.npz,high_quality_architectural/12710/Floor-1,2,"0,1,3,5,8",5,35034,35034,256x256,256x256,False,room_count_below_min,False,,
high_quality_architectural_12711_Floor-1.npz,high_quality_architectural/12711/Floor-1,2,"0,1,3,5,8",5,23820,23820,256x256,256x256,False,room_count_below_min,False,,
high_quality_architectural_12732_Floor-1.npz,high_quality_architectural/12732/Floor-1,1,"0,1,2,8",4,23041,23041,256x256,256x256,False,room_count_below_min,False,,
high_quality_architectural_12735_Floor-1.npz,high_quality_architectural/12735/Floor-1,0,"0,8",2,6069,6069,256x256,256x256,False,room_count_below_min,False,,
high_quality_architectural_12757_Floor-1.npz,high_quality_architectural/12757/Floor-1,2,"0,1,2,4,5,8",6,32749,32749,256x256,256x256,False,room_count_below_min,False,,
high_quality_architectural_12789_Floor-1.npz,high_quality_architectural/12789/Floor-1,0,"0,8",2,5461,5461,256x256,256x256,False,room_count_below_min,False,,
high_quality_architectural_12799_Floor-1.npz,high_quality_architectural/12799/Floor-1,2,"0,1,2,5,8",5,33722,33722,256x256,256x256,False,room_count_below_min,False,,
high_quality_architectural_12845_Floor-1.npz,high_quality_architectural/12845/Floor-1,1,"0,1,2,5,7,8",6,21911,21911,256x256,256x256,False,room_count_below_min,False,,
high_quality_architectural_12851_Floor-1.npz,high_quality_architectural/12851/Floor-1,1,"0,2,8",3,22168,22168,256x256,256x256,False,room_count_below_min,False,,
high_quality_architectural_12852_Floor-1.npz,high_quality_architectural/12852/Floor-1,1,"0,1,2,5,8",5,26070,26070,256x256,256x256,False,room_count_below_min,False,,
high_quality_architectural_12869_Floor-2.npz,high_quality_architectural/12869/Floor-2,1,"0,3,8",3,4970,4970,256x256,256x256,False,room_count_below_min,False,,
high_quality_architectural_12886_Floor-1.npz,high_quality_architectural/12886/Floor-1,2,"0,2,3,5,8",5,31657,31657,256x256,256x256,False,room_count_below_min,False,,
high_quality_architectural_12943_Floor-1.npz,high_quality_architectural/12943/Floor-1,2,"0,1,2,3,4,5,8",7,26472,26472,256x256,256x256,False,room_count_below_min,False,,
high_quality_architectural_12956_Floor-1.npz,high_quality_architectural/12956/Floor-1,2,"0,1,2,3,5,8",6,32028,32028,256x256,256x256,False,room_count_below_min,False,,
high_quality_architectural_12969_Floor-1.npz,high_quality_architectural/12969/Floor-1,2,"0,1,4,5,8",5,21480,21480,256x256,256x256,False,room_count_below_min,False,,
high_quality_architectural_13083_Floor-1.npz,high_quality_architectural/13083/Floor-1,0,"0,8",2,5348,5348,256x256,256x256,False,room_count_below_min,False,,
high_quality_architectural_13100_Floor-1.npz,high_quality_architectural/13100/Floor-1,1,"0,1,2,5,6,8",6,16988,16988,256x256,256x256,False,room_count_below_min,False,,
high_quality_architectural_13113_Floor-1.npz,high_quality_architectural/13113/Floor-1,0,"0,8",2,7080,7080,256x256,256x256,False,room_count_below_min,False,,
high_quality_architectural_13120_Floor-1.npz,high_quality_architectural/13120/Floor-1,1,"0,1,2,5,8",5,28828,28828,256x256,256x256,False,room_count_below_min,False,,
high_quality_architectural_13167_Floor-1.npz,high_quality_architectural/13167/Floor-1,2,"0,1,4,8",4,30842,30842,256x256,256x256,False,room_count_below_min,False,,
high_quality_architectural_13169_Floor-1.npz,high_quality_architectural/13169/Floor-1,2,"0,1,2,5,8",5,22504,22504,256x256,256x256,False,room_count_below_min,False,,
high_quality_architectural_1316_Floor-1.npz,high_quality_architectural/1316/Floor-1,2,"0,1,2,4,5,8",6,27556,27556,256x256,256x256,False,room_count_below_min,False,,
high_quality_architectural_13194_Floor-1.npz,high_quality_architectural/13194/Floor-1,0,"0,8",2,5303,5303,256x256,256x256,False,room_count_below_min,False,,
high_quality_architectural_13197_Floor-1.npz,high_quality_architectural/13197/Floor-1,2,"0,1,4,5,8",5,20479,20479,256x256,256x256,False,room_count_below_min,False,,
high_quality_architectural_13210_Floor-2.npz,high_quality_architectural/13210/Floor-2,0,"0,8",2,2552,2552,256x256,256x256,False,room_count_below_min,False,,
high_quality_architectural_13220_Floor-1.npz,high_quality_architectural/13220/Floor-1,2,"0,1,4,5,8",5,16478,16478,256x256,256x256,False,room_count_below_min,False,,
high_quality_architectural_13238_Floor-2.npz,high_quality_architectural/13238/Floor-2,2,"0,3,8",3,18713,18713,256x256,256x256,False,room_count_below_min,False,,
high_quality_architectural_1323_Floor-1.npz,high_quality_architectural/1323/Floor-1,2,"0,3,5,8",4,21084,21084,256x256,256x256,False,room_count_below_min,False,,
high_quality_architectural_13249_Floor-1.npz,high_quality_architectural/13249/Floor-1,1,"0,1,2,7,8",5,22514,22514,256x256,256x256,False,room_count_below_min,False,,
high_quality_architectural_13279_Floor-1.npz,high_quality_architectural/13279/Floor-1,2,"0,1,2,4,5,8",6,26627,26627,256x256,256x256,False,room_count_below_min,False,,
high_quality_architectural_13301_Floor-1.npz,high_quality_architectural/13301/Floor-1,1,"0,1,2,5,8",5,35198,35198,256x256,256x256,False,room_count_below_min,False,,
high_quality_architectural_13309_Floor-1.npz,high_quality_architectural/13309/Floor-1,0,"0,8",2,7154,7154,256x256,256x256,False,room_count_below_min,False,,
high_quality_architectural_13312_Floor-1.npz,high_quality_architectural/13312/Floor-1,2,"0,1,2,4,8",5,25631,25631,256x256,256x256,False,room_count_below_min,False,,
high_quality_architectural_1331_Floor-1.npz,high_quality_architectural/1331/Floor-1,1,"0,1,2,5,8",5,40676,40676,256x256,256x256,False,room_count_below_min,False,,
high_quality_architectural_13349_Floor-1.npz,high_quality_architectural/13349/Floor-1,2,"0,1,3,8",4,22155,22155,256x256,256x256,False,room_count_below_min,False,,
high_quality_architectural_13357_Floor-1.npz,high_quality_architectural/13357/Floor-1,0,"0,8",2,7960,7960,256x256,256x256,False,room_count_below_min,False,,
high_quality_architectural_13361_Floor-1.npz,high_quality_architectural/13361/Floor-1,0,"0,8",2,1715,1715,256x256,256x256,False,room_count_below_min,False,,
high_quality_architectural_13385_Floor-1.npz,high_quality_architectural/13385/Floor-1,0,"0,8",2,2654,2654,256x256,256x256,False,room_count_below_min,False,,
high_quality_architectural_13386_Floor-1.npz,high_quality_architectural/13386/Floor-1,1,"0,4,8",3,3559,3559,256x256,256x256,False,room_count_below_min,False,,
high_quality_architectural_13390_Floor-1.npz,high_quality_architectural/13390/Floor-1,0,"0,8",2,6253,6253,256x256,256x256,False,room_count_below_min,False,,
high_quality_architectural_13402_Floor-1.npz,high_quality_architectural/13402/Floor-1,2,"0,1,2,4,8",5,26709,26709,256x256,256x256,False,room_count_below_min,False,,
high_quality_architectural_13409_Floor-1.npz,high_quality_architectural/13409/Floor-1,2,"0,1,2,5,8",5,41554,41554,256x256,256x256,False,room_count_below_min,False,,
high_quality_architectural_13422_Floor-1.npz,high_quality_architectural/13422/Floor-1,2,"0,2,4,7,8",5,23048,23048,256x256,256x256,False,room_count_below_min,False,,
high_quality_architectural_13436_Floor-1.npz,high_quality_architectural/13436/Floor-1,2,"0,1,2,4,5,8",6,33714,33714,256x256,256x256,False,room_count_below_min,False,,
high_quality_architectural_1351_Floor-1.npz,high_quality_architectural/1351/Floor-1,2,"0,1,2,3,8",5,32753,32753,256x256,256x256,False,room_count_below_min,False,,
high_quality_architectural_13525_Floor-1.npz,high_quality_architectural/13525/Floor-1,1,"0,1,2,4,5,8",6,29735,29735,256x256,256x256,False,room_count_below_min,False,,
high_quality_architectural_13538_Floor-1.npz,high_quality_architectural/13538/Floor-1,2,"0,1,2,4,8",5,23844,23844,256x256,256x256,False,room_count_below_min,False,,
high_quality_architectural_13549_Floor-1.npz,high_quality_architectural/13549/Floor-1,0,"0,8",2,7004,7004,256x256,256x256,False,room_count_below_min,False,,
high_quality_architectural_13565_Floor-1.npz,high_quality_architectural/13565/Floor-1,1,"0,5,8",3,1270,1270,256x256,256x256,False,room_count_below_min,False,,
high_quality_architectural_13573_Floor-1.npz,high_quality_architectural/13573/Floor-1,2,"0,1,2,3,5,8",6,27063,27063,256x256,256x256,False,room_count_below_min,False,,
high_quality_architectural_1359_Floor-1.npz,high_quality_architectural/1359/Floor-1,1,"0,4,8",3,5171,5171,256x256,256x256,False,room_count_below_min,False,,
high_quality_architectural_13620_Floor-1.npz,high_quality_architectural/13620/Floor-1,1,"0,1,2,8",4,15669,15669,256x256,256x256,False,room_count_below_min,False,,
high_quality_architectural_13627_Floor-1.npz,high_quality_architectural/13627/Floor-1,2,"0,1,2,3,5,8",6,24682,24682,256x256,256x256,False,room_count_below_min,False,,
high_quality_architectural_13638_Floor-1.npz,high_quality_architectural/13638/Floor-1,2,"0,4,5,8",4,16636,16636,256x256,256x256,False,room_count_below_min,False,,
high_quality_architectural_13640_Floor-1.npz,high_quality_architectural/13640/Floor-1,1,"0,1,2,5,8",5,31784,31784,256x256,256x256,False,room_count_below_min,False,,
high_quality_architectural_13647_Floor-1.npz,high_quality_architectural/13647/Floor-1,2,"0,1,2,4,5,8",6,41952,41952,256x256,256x256,False,room_count_below_min,False,,
high_quality_architectural_13648_Floor-1.npz,high_quality_architectural/13648/Floor-1,2,"0,1,4,5,8",5,25790,25790,256x256,256x256,False,room_count_below_min,False,,
high_quality_architectural_13659_Floor-1.npz,high_quality_architectural/13659/Floor-1,0,"0,8",2,7331,7331,256x256,256x256,False,room_count_below_min,False,,
high_quality_architectural_13680_Floor-1.npz,high_quality_architectural/13680/Floor-1,1,"0,1,2,8",4,26468,26468,256x256,256x256,False,room_count_below_min,False,,
high_quality_architectural_13702_Floor-1.npz,high_quality_architectural/13702/Floor-1,2,"0,1,2,3,8",5,31654,31654,256x256,256x256,False,room_count_below_min,False,,
high_quality_architectural_13720_Floor-1.npz,high_quality_architectural/13720/Floor-1,2,"0,1,2,5,8",5,35171,35171,256x256,256x256,False,room_count_below_min,False,,
high_quality_architectural_1372_Floor-1.npz,high_quality_architectural/1372/Floor-1,2,"0,1,2,4,8",5,29754,29754,256x256,256x256,False,room_count_below_min,False,,
high_quality_architectural_13733_Floor-1.npz,high_quality_architectural/13733/Floor-1,1,"0,1,5,8",4,15158,15158,256x256,256x256,False,room_count_below_min,False,,
high_quality_architectural_13734_Floor-1.npz,high_quality_architectural/13734/Floor-1,1,"0,1,2,5,8",5,25422,25422,256x256,256x256,False,room_count_below_min,False,,
high_quality_architectural_13736_Floor-1.npz,high_quality_architectural/13736/Floor-1,1,"0,3,8",3,13793,13793,256x256,256x256,False,room_count_below_min,False,,
high_quality_architectural_13737_Floor-1.npz,high_quality_architectural/13737/Floor-1,2,"0,1,2,3,8",5,33109,33109,256x256,256x256,False,room_count_below_min,False,,
high_quality_architectural_13761_Floor-1.npz,high_quality_architectural/13761/Floor-1,2,"0,1,4,5,8",5,28009,28009,256x256,256x256,False,room_count_below_min,False,,
high_quality_architectural_13769_Floor-1.npz,high_quality_architectural/13769/Floor-1,2,"0,1,2,4,7,8",6,44413,44413,256x256,256x256,False,room_count_below_min,False,,
high_quality_architectural_13781_Floor-1.npz,high_quality_architectural/13781/Floor-1,2,"0,1,3,5,8",5,19063,19063,256x256,256x256,False,room_count_below_min,False,,
high_quality_architectural_13789_Floor-1.npz,high_quality_architectural/13789/Floor-1,2,"0,1,4,8",4,15949,15949,256x256,256x256,False,room_count_below_min,False,,
high_quality_architectural_13794_Floor-1.npz,high_quality_architectural/13794/Floor-1,1,"0,1,2,3,8",5,29833,29833,256x256,256x256,False,room_count_below_min,False,,
high_quality_architectural_13795_Floor-1.npz,high_quality_architectural/13795/Floor-1,2,"0,1,3,5,8",5,22452,22452,256x256,256x256,False,room_count_below_min,False,,
high_quality_architectural_13802_Floor-1.npz,high_quality_architectural/13802/Floor-1,0,"0,8",2,1069,1069,256x256,256x256,False,room_count_below_min,False,,
high_quality_architectural_13802_Floor-3.npz,high_quality_architectural/13802/Floor-3,2,"0,3,8",3,12411,12411,256x256,256x256,False,room_count_below_min,False,,
high_quality_architectural_13827_Floor-1.npz,high_quality_architectural/13827/Floor-1,1,"0,1,2,8",4,24875,24875,256x256,256x256,False,room_count_below_min,False,,
high_quality_architectural_13842_Floor-1.npz,high_quality_architectural/13842/Floor-1,2,"0,1,2,8",4,26710,26710,256x256,256x256,False,room_count_below_min,False,,
high_quality_architectural_1384_Floor-1.npz,high_quality_architectural/1384/Floor-1,2,"0,1,4,5,7,8",6,26762,26762,256x256,256x256,False,room_count_below_min,False,,
high_quality_architectural_13859_Floor-1.npz,high_quality_architectural/13859/Floor-1,2,"0,1,2,4,5,8",6,35669,35669,256x256,256x256,False,room_count_below_min,False,,
high_quality_architectural_1397_Floor-1.npz,high_quality_architectural/1397/Floor-1,1,"0,4,8",3,6461,6461,256x256,256x256,False,room_count_below_min,False,,
high_quality_architectural_14021_Floor-1.npz,high_quality_architectural/14021/Floor-1,1,"0,7,8",3,8491,8491,256x256,256x256,False,room_count_below_min,False,,
high_quality_architectural_14038_Floor-1.npz,high_quality_architectural/14038/Floor-1,2,"0,1,2,8",4,43380,43380,256x256,256x256,False,room_count_below_min,False,,
high_quality_architectural_14050_Floor-1.npz,high_quality_architectural/14050/Floor-1,1,"0,1,2,5,8",5,46110,46110,256x256,256x256,False,room_count_below_min,False,,
high_quality_architectural_14051_Floor-1.npz,high_quality_architectural/14051/Floor-1,1,"0,1,2,5,8",5,36826,36826,256x256,256x256,False,room_count_below_min,False,,
high_quality_architectural_14076_Floor-2.npz,high_quality_architectural/14076/Floor-2,0,"0,8",2,2426,2426,256x256,256x256,False,room_count_below_min,False,,
high_quality_architectural_14079_Floor-2.npz,high_quality_architectural/14079/Floor-2,1,"0,2,8",3,4680,4680,256x256,256x256,False,room_count_below_min,False,,
high_quality_architectural_14092_Floor-1.npz,high_quality_architectural/14092/Floor-1,2,"0,1,2,4,5,6,8",7,22717,22717,256x256,256x256,False,room_count_below_min,False,,
high_quality_architectural_14099_Floor-2.npz,high_quality_architectural/14099/Floor-2,2,"0,1,2,5,6,7,8",7,8090,8090,256x256,256x256,False,room_count_below_min,False,,
high_quality_architectural_14103_Floor-1.npz,high_quality_architectural/14103/Floor-1,2,"0,1,2,4,8",5,24921,24921,256x256,256x256,False,room_count_below_min,False,,
high_quality_architectural_14120_Floor-1.npz,high_quality_architectural/14120/Floor-1,2,"0,2,3,8",4,30345,30345,256x256,256x256,False,room_count_below_min,False,,
high_quality_architectural_14128_Floor-1.npz,high_quality_architectural/14128/Floor-1,1,"0,1,2,5,8",5,33700,33700,256x256,256x256,False,room_count_below_min,False,,
high_quality_architectural_14146_Floor-1.npz,high_quality_architectural/14146/Floor-1,2,"0,1,2,5,8",5,33721,33721,256x256,256x256,False,room_count_below_min,False,,
high_quality_architectural_14156_Floor-1.npz,high_quality_architectural/14156/Floor-1,2,"0,1,2,4,8",5,17503,17503,256x256,256x256,False,room_count_below_min,False,,
high_quality_architectural_14190_Floor-1.npz,high_quality_architectural/14190/Floor-1,0,"0,8",2,5607,5607,256x256,256x256,False,room_count_below_min,False,,
high_quality_architectural_14222_Floor-1.npz,high_quality_architectural/14222/Floor-1,2,"0,4,5,8",4,19545,19545,256x256,256x256,False,room_count_below_min,False,,
high_quality_architectural_14236_Floor-1.npz,high_quality_architectural/14236/Floor-1,1,"0,1,2,5,7,8",6,49166,49166,256x256,256x256,False,room_count_below_min,False,,
high_quality_architectural_14246_Floor-1.npz,high_quality_architectural/14246/Floor-1,0,"0,8",2,5791,5791,256x256,256x256,False,room_count_below_min,False,,
high_quality_architectural_1426_Floor-1.npz,high_quality_architectural/1426/Floor-1,0,"0,8",2,5072,5072,256x256,256x256,False,room_count_below_min,False,,
high_quality_architectural_14297_Floor-1.npz,high_quality_architectural/14297/Floor-1,1,"0,4,8",3,6202,6202,256x256,256x256,False,room_count_below_min,False,,
high_quality_architectural_14309_Floor-1.npz,high_quality_architectural/14309/Floor-1,2,"0,2,7,8",4,26912,26912,256x256,256x256,False,room_count_below_min,False,,
high_quality_architectural_14310_Floor-1.npz,high_quality_architectural/14310/Floor-1,2,"0,4,5,8",4,12587,12587,256x256,256x256,False,room_count_below_min,False,,
high_quality_architectural_14311_Floor-1.npz,high_quality_architectural/14311/Floor-1,2,"0,2,3,4,5,8",6,38696,38696,256x256,256x256,False,room_count_below_min,False,,
high_quality_architectural_14313_Floor-1.npz,high_quality_architectural/14313/Floor-1,1,"0,1,5,8",4,19665,19665,256x256,256x256,False,room_count_below_min,False,,
high_quality_architectural_14314_Floor-1.npz,high_quality_architectural/14314/Floor-1,2,"0,1,2,4,5,8",6,37708,37708,256x256,256x256,False,room_count_below_min,False,,
high_quality_architectural_14315_Floor-1.npz,high_quality_architectural/14315/Floor-1,0,"0,8",2,4950,4950,256x256,256x256,False,room_count_below_min,False,,
high_quality_architectural_14326_Floor-1.npz,high_quality_architectural/14326/Floor-1,2,"0,3,7,8",4,16580,16580,256x256,256x256,False,room_count_below_min,False,,
high_quality_architectural_14333_Floor-1.npz,high_quality_architectural/14333/Floor-1,2,"0,2,4,5,8",5,31087,31087,256x256,256x256,False,room_count_below_min,False,,
high_quality_architectural_14346_Floor-1.npz,high_quality_architectural/14346/Floor-1,2,"0,1,2,3,5,6,8",7,40319,40319,256x256,256x256,False,room_count_below_min,False,,
high_quality_architectural_14358_Floor-1.npz,high_quality_architectural/14358/Floor-1,2,"0,1,2,4,8",5,22277,22277,256x256,256x256,False,room_count_below_min,False,,
high_quality_architectural_14369_Floor-1.npz,high_quality_architectural/14369/Floor-1,2,"0,4,7,8",4,4108,4108,256x256,256x256,False,room_count_below_min,False,,
high_quality_architectural_1439_Floor-1.npz,high_quality_architectural/1439/Floor-1,1,"0,1,2,5,8",5,34637,34637,256x256,256x256,False,room_count_below_min,False,,
high_quality_architectural_14408_Floor-1.npz,high_quality_architectural/14408/Floor-1,0,"0,8",2,7174,7174,256x256,256x256,False,room_count_below_min,False,,
high_quality_architectural_14409_Floor-1.npz,high_quality_architectural/14409/Floor-1,2,"0,1,2,3,8",5,26390,26390,256x256,256x256,False,room_count_below_min,False,,
high_quality_architectural_14420_Floor-1.npz,high_quality_architectural/14420/Floor-1,2,"0,1,2,3,5,8",6,33011,33011,256x256,256x256,False,room_count_below_min,False,,
high_quality_architectural_14437_Floor-1.npz,high_quality_architectural/14437/Floor-1,2,"0,1,2,4,5,8",6,15494,15494,256x256,256x256,False,room_count_below_min,False,,
high_quality_architectural_14437_Floor-2.npz,high_quality_architectural/14437/Floor-2,0,"0,8",2,2732,2732,256x256,256x256,False,room_count_below_min,False,,
high_quality_architectural_14438_Floor-1.npz,high_quality_architectural/14438/Floor-1,2,"0,4,5,8",4,16899,16899,256x256,256x256,False,room_count_below_min,False,,
high_quality_architectural_14440_Floor-1.npz,high_quality_architectural/14440/Floor-1,2,"0,4,5,8",4,13923,13923,256x256,256x256,False,room_count_below_min,False,,
high_quality_architectural_14483_Floor-2.npz,high_quality_architectural/14483/Floor-2,2,"0,3,5,8",4,5655,5655,256x256,256x256,False,room_count_below_min,False,,
high_quality_architectural_14492_Floor-1.npz,high_quality_architectural/14492/Floor-1,1,"0,1,8",3,8455,8455,256x256,256x256,False,room_count_below_min,False,,
high_quality_architectural_14494_Floor-1.npz,high_quality_architectural/14494/Floor-1,2,"0,2,4,5,7,8",6,22646,22646,256x256,256x256,False,room_count_below_min,False,,
high_quality_architectural_14500_Floor-1.npz,high_quality_architectural/14500/Floor-1,1,"0,1,2,8",4,23174,23174,256x256,256x256,False,room_count_below_min,False,,
high_quality_architectural_14522_Floor-1.npz,high_quality_architectural/14522/Floor-1,0,"0,8",2,5694,5694,256x256,256x256,False,room_count_below_min,False,,
high_quality_architectural_14546_Floor-1.npz,high_quality_architectural/14546/Floor-1,2,"0,1,2,8",4,30861,30861,256x256,256x256,False,room_count_below_min,False,,
high_quality_architectural_14611_Floor-2.npz,high_quality_architectural/14611/Floor-2,0,"0,8",2,2264,2264,256x256,256x256,False,room_count_below_min,False,,
high_quality_architectural_14622_Floor-1.npz,high_quality_architectural/14622/Floor-1,2,"0,1,4,5,8",5,23923,23923,256x256,256x256,False,room_count_below_min,False,,
high_quality_architectural_14668_Floor-2.npz,high_quality_architectural/14668/Floor-2,2,"0,1,2,4,5,6,8",7,11776,11776,256x256,256x256,False,room_count_below_min,False,,
high_quality_architectural_14715_Floor-1.npz,high_quality_architectural/14715/Floor-1,2,"0,3,7,8",4,8995,8995,256x256,256x256,False,room_count_below_min,False,,
high_quality_architectural_14746_Floor-1.npz,high_quality_architectural/14746/Floor-1,0,"0,8",2,5543,5543,256x256,256x256,False,room_count_below_min,False,,
high_quality_architectural_14747_Floor-1.npz,high_quality_architectural/14747/Floor-1,0,"0,8",2,5180,5180,256x256,256x256,False,room_count_below_min,False,,
high_quality_architectural_14749_Floor-1.npz,high_quality_architectural/14749/Floor-1,0,"0,8",2,5466,5466,256x256,256x256,False,room_count_below_min,False,,
high_quality_architectural_14750_Floor-1.npz,high_quality_architectural/14750/Floor-1,2,"0,1,2,8",4,29012,29012,256x256,256x256,False,room_count_below_min,False,,
high_quality_architectural_14751_Floor-1.npz,high_quality_architectural/14751/Floor-1,0,"0,8",2,5957,5957,256x256,256x256,False,room_count_below_min,False,,
high_quality_architectural_14752_Floor-1.npz,high_quality_architectural/14752/Floor-1,0,"0,8",2,5890,5890,256x256,256x256,False,room_count_below_min,False,,
high_quality_architectural_14753_Floor-1.npz,high_quality_architectural/14753/Floor-1,0,"0,8",2,7065,7065,256x256,256x256,False,room_count_below_min,False,,
high_quality_architectural_14754_Floor-1.npz,high_quality_architectural/14754/Floor-1,0,"0,8",2,6217,6217,256x256,256x256,False,room_count_below_min,False,,
high_quality_architectural_14755_Floor-1.npz,high_quality_architectural/14755/Floor-1,0,"0,8",2,6035,6035,256x256,256x256,False,room_count_below_min,False,,
high_quality_architectural_14757_Floor-1.npz,high_quality_architectural/14757/Floor-1,0,"0,8",2,5249,5249,256x256,256x256,False,room_count_below_min,False,,
high_quality_architectural_14758_Floor-1.npz,high_quality_architectural/14758/Floor-1,0,"0,8",2,5889,5889,256x256,256x256,False,room_count_below_min,False,,
high_quality_architectural_14759_Floor-1.npz,high_quality_architectural/14759/Floor-1,0,"0,8",2,7886,7886,256x256,256x256,False,room_count_below_min,False,,
high_quality_architectural_14761_Floor-1.npz,high_quality_architectural/14761/Floor-1,0,"0,8",2,7444,7444,256x256,256x256,False,room_count_below_min,False,,
high_quality_architectural_14762_Floor-1.npz,high_quality_architectural/14762/Floor-1,0,"0,8",2,6854,6854,256x256,256x256,False,room_count_below_min,False,,
high_quality_architectural_14763_Floor-1.npz,high_quality_architectural/14763/Floor-1,0,"0,8",2,5036,5036,256x256,256x256,False,room_count_below_min,False,,
high_quality_architectural_14765_Floor-1.npz,high_quality_architectural/14765/Floor-1,0,"0,8",2,5404,5404,256x256,256x256,False,room_count_below_min,False,,
high_quality_architectural_14766_Floor-1.npz,high_quality_architectural/14766/Floor-1,0,"0,8",2,7357,7357,256x256,256x256,False,room_count_below_min,False,,
high_quality_architectural_1478_Floor-1.npz,high_quality_architectural/1478/Floor-1,2,"0,2,3,5,8",5,27372,27372,256x256,256x256,False,room_count_below_min,False,,
high_quality_architectural_14793_Floor-1.npz,high_quality_architectural/14793/Floor-1,2,"0,1,2,3,5,8",6,37762,37762,256x256,256x256,False,room_count_below_min,False,,
high_quality_architectural_1584_Floor-1.npz,high_quality_architectural/1584/Floor-1,2,"0,2,7,8",4,8734,8734,256x256,256x256,False,room_count_below_min,False,,
high_quality_architectural_1596_Floor-1.npz,high_quality_architectural/1596/Floor-1,2,"0,1,2,4,7,8",6,27362,27362,256x256,256x256,False,room_count_below_min,False,,
high_quality_architectural_1611_Floor-1.npz,high_quality_architectural/1611/Floor-1,2,"0,1,2,8",4,28505,28505,256x256,256x256,False,room_count_below_min,False,,
high_quality_architectural_1622_Floor-1.npz,high_quality_architectural/1622/Floor-1,2,"0,1,2,3,8",5,33866,33866,256x256,256x256,False,room_count_below_min,False,,
high_quality_architectural_163_Floor-2.npz,high_quality_architectural/163/Floor-2,1,"0,5,8",3,4178,4178,256x256,256x256,False,room_count_below_min,False,,
high_quality_architectural_1641_Floor-2.npz,high_quality_architectural/1641/Floor-2,0,"0,8",2,3227,3227,256x256,256x256,False,room_count_below_min,False,,
high_quality_architectural_1646_Floor-2.npz,high_quality_architectural/1646/Floor-2,2,"0,3,8",3,4155,4155,256x256,256x256,False,room_count_below_min,False,,
high_quality_architectural_1648_Floor-2.npz,high_quality_architectural/1648/Floor-2,1,"0,5,8",3,13943,13943,256x256,256x256,False,room_count_below_min,False,,
high_quality_architectural_1652_Floor-1.npz,high_quality_architectural/1652/Floor-1,2,"0,2,4,8",4,17543,17543,256x256,256x256,False,room_count_below_min,False,,
high_quality_architectural_1706_Floor-1.npz,high_quality_architectural/1706/Floor-1,2,"0,1,2,7,8",5,27143,27143,256x256,256x256,False,room_count_below_min,False,,
high_quality_architectural_1722_Floor-1.npz,high_quality_architectural/1722/Floor-1,2,"0,2,8",3,4193,4193,256x256,256x256,False,room_count_below_min,False,,
high_quality_architectural_1746_Floor-1.npz,high_quality_architectural/1746/Floor-1,2,"0,2,4,5,7,8",6,34251,34251,256x256,256x256,False,room_count_below_min,False,,
high_quality_architectural_1747_Floor-2.npz,high_quality_architectural/1747/Floor-2,2,"0,2,7,8",4,3646,3646,256x256,256x256,False,room_count_below_min,False,,
high_quality_architectural_1754_Floor-1.npz,high_quality_architectural/1754/Floor-1,2,"0,1,4,8",4,10215,10215,256x256,256x256,False,room_count_below_min,False,,
high_quality_architectural_1767_Floor-1.npz,high_quality_architectural/1767/Floor-1,2,"0,1,2,4,5,8",6,41489,41489,256x256,256x256,False,room_count_below_min,False,,
high_quality_architectural_1772_Floor-1.npz,high_quality_architectural/1772/Floor-1,1,"0,4,8",3,2380,2380,256x256,256x256,False,room_count_below_min,False,,
high_quality_architectural_1772_Floor-2.npz,high_quality_architectural/1772/Floor-2,2,"0,1,2,3,8",5,12383,12383,256x256,256x256,False,room_count_below_min,False,,
high_quality_architectural_1781_Floor-2.npz,high_quality_architectural/1781/Floor-2,0,"0,8",2,3441,3441,256x256,256x256,False,room_count_below_min,False,,
high_quality_architectural_1789_Floor-1.npz,high_quality_architectural/1789/Floor-1,2,"0,1,2,4,5,8",6,40581,40581,256x256,256x256,False,room_count_below_min,False,,
high_quality_architectural_1801_Floor-1.npz,high_quality_architectural/1801/Floor-1,0,"0,8",2,1028,1028,256x256,256x256,False,room_count_below_min,False,,
high_quality_architectural_1816_Floor-1.npz,high_quality_architectural/1816/Floor-1,0,"0,8",2,5395,5395,256x256,256x256,False,room_count_below_min,False,,
high_quality_architectural_1829_Floor-1.npz,high_quality_architectural/1829/Floor-1,2,"0,1,4,5,8",5,24726,24726,256x256,256x256,False,room_count_below_min,False,,
high_quality_architectural_1833_Floor-1.npz,high_quality_architectural/1833/Floor-1,1,"0,1,2,5,8",5,37845,37845,256x256,256x256,False,room_count_below_min,False,,
high_quality_architectural_1838_Floor-1.npz,high_quality_architectural/1838/Floor-1,2,"0,2,4,5,8",5,36743,36743,256x256,256x256,False,room_count_below_min,False,,
high_quality_architectural_1848_Floor-1.npz,high_quality_architectural/1848/Floor-1,2,"0,1,2,4,8",5,38236,38236,256x256,256x256,False,room_count_below_min,False,,
high_quality_architectural_1854_Floor-1.npz,high_quality_architectural/1854/Floor-1,2,"0,2,4,5,8",5,35197,35197,256x256,256x256,False,room_count_below_min,False,,
high_quality_architectural_1869_Floor-2.npz,high_quality_architectural/1869/Floor-2,0,"0,8",2,1588,1588,256x256,256x256,False,room_count_below_min,False,,
high_quality_architectural_188_Floor-1.npz,high_quality_architectural/188/Floor-1,2,"0,1,2,8",4,32644,32644,256x256,256x256,False,room_count_below_min,False,,
high_quality_architectural_1902_Floor-1.npz,high_quality_architectural/1902/Floor-1,2,"0,1,2,4,8",5,37923,37923,256x256,256x256,False,room_count_below_min,False,,
high_quality_architectural_1914_Floor-1.npz,high_quality_architectural/1914/Floor-1,1,"0,7,8",3,12393,12393,256x256,256x256,False,room_count_below_min,False,,
high_quality_architectural_193_Floor-1.npz,high_quality_architectural/193/Floor-1,2,"0,3,7,8",4,13234,13234,256x256,256x256,False,room_count_below_min,False,,
high_quality_architectural_1949_Floor-1.npz,high_quality_architectural/1949/Floor-1,2,"0,1,2,3,8",5,36534,36534,256x256,256x256,False,room_count_below_min,False,,
high_quality_architectural_1954_Floor-1.npz,high_quality_architectural/1954/Floor-1,2,"0,3,4,8",4,15718,15718,256x256,256x256,False,room_count_below_min,False,,
high_quality_architectural_1967_Floor-2.npz,high_quality_architectural/1967/Floor-2,0,"0,8",2,1761,1761,256x256,256x256,False,room_count_below_min,False,,
high_quality_architectural_20000_Floor-1.npz,high_quality_architectural/20000/Floor-1,0,"0,8",2,7187,7187,256x256,256x256,False,room_count_below_min,False,,
high_quality_architectural_20014_Floor-1.npz,high_quality_architectural/20014/Floor-1,0,"0,8",2,4505,4505,256x256,256x256,False,room_count_below_min,False,,
high_quality_architectural_2001_Floor-2.npz,high_quality_architectural/2001/Floor-2,2,"0,1,2,5,8",5,11464,11464,256x256,256x256,False,room_count_below_min,False,,
high_quality_architectural_20021_Floor-1.npz,high_quality_architectural/20021/Floor-1,1,"0,1,2,5,8",5,25849,25849,256x256,256x256,False,room_count_below_min,False,,
high_quality_architectural_20028_Floor-1.npz,high_quality_architectural/20028/Floor-1,2,"0,1,3,5,8",5,23780,23780,256x256,256x256,False,room_count_below_min,False,,
high_quality_architectural_20036_Floor-1.npz,high_quality_architectural/20036/Floor-1,2,"0,1,2,5,8",5,9693,9693,256x256,256x256,False,room_count_below_min,False,,
high_quality_architectural_2005_Floor-2.npz,high_quality_architectural/2005/Floor-2,2,"0,1,2,4,5,8",6,11270,11270,256x256,256x256,False,room_count_below_min,False,,
high_quality_architectural_2005_Floor-3.npz,high_quality_architectural/2005/Floor-3,1,"0,2,8",3,8433,8433,256x256,256x256,False,room_count_below_min,False,,
high_quality_architectural_20062_Floor-1.npz,high_quality_architectural/20062/Floor-1,0,"0,8",2,3230,3230,256x256,256x256,False,room_count_below_min,False,,
high_quality_architectural_20063_Floor-1.npz,high_quality_architectural/20063/Floor-1,0,"0,8",2,6470,6470,256x256,256x256,False,room_count_below_min,False,,
high_quality_architectural_20068_Floor-1.npz,high_quality_architectural/20068/Floor-1,1,"0,1,8",3,9166,9166,256x256,256x256,False,room_count_below_min,False,,
high_quality_architectural_20088_Floor-1.npz,high_quality_architectural/20088/Floor-1,2,"0,1,2,7,8",5,36529,36529,256x256,256x256,False,room_count_below_min,False,,
high_quality_architectural_20094_Floor-2.npz,high_quality_architectural/20094/Floor-2,2,"0,3,8",3,8402,8402,256x256,256x256,False,room_count_below_min,False,,
high_quality_architectural_2030_Floor-1.npz,high_quality_architectural/2030/Floor-1,2,"0,1,2,3,4,5,8",7,27659,27659,256x256,256x256,False,room_count_below_min,False,,
high_quality_architectural_2069_Floor-1.npz,high_quality_architectural/2069/Floor-1,0,"0,8",2,7033,7033,256x256,256x256,False,room_count_below_min,False,,
high_quality_architectural_2100_Floor-2.npz,high_quality_architectural/2100/Floor-2,2,"0,1,2,7,8",5,6404,6404,256x256,256x256,False,room_count_below_min,False,,
high_quality_architectural_2113_Floor-1.npz,high_quality_architectural/2113/Floor-1,2,"0,1,2,8",4,45654,45654,256x256,256x256,False,room_count_below_min,False,,
high_quality_architectural_2117_Floor-1.npz,high_quality_architectural/2117/Floor-1,2,"0,1,2,4,5,8",6,47022,47022,256x256,256x256,False,room_count_below_min,False,,
high_quality_architectural_2131_Floor-2.npz,high_quality_architectural/2131/Floor-2,1,"0,7,8",3,19563,19563,256x256,256x256,False,room_count_below_min,False,,
high_quality_architectural_2143_Floor-1.npz,high_quality_architectural/2143/Floor-1,2,"0,4,5,8",4,18476,18476,256x256,256x256,False,room_count_below_min,False,,
high_quality_architectural_2148_Floor-1.npz,high_quality_architectural/2148/Floor-1,1,"0,1,2,8",4,14933,14933,256x256,256x256,False,room_count_below_min,False,,
high_quality_architectural_2149_Floor-1.npz,high_quality_architectural/2149/Floor-1,1,"0,1,2,5,7,8",6,28330,28330,256x256,256x256,False,room_count_below_min,False,,
high_quality_architectural_2177_Floor-1.npz,high_quality_architectural/2177/Floor-1,2,"0,1,2,3,4,5,8",7,38035,38035,256x256,256x256,False,room_count_below_min,False,,
high_quality_architectural_2179_Floor-2.npz,high_quality_architectural/2179/Floor-2,1,"0,5,8",3,6731,6731,256x256,256x256,False,room_count_below_min,False,,
high_quality_architectural_2183_Floor-1.npz,high_quality_architectural/2183/Floor-1,0,"0,8",2,4775,4775,256x256,256x256,False,room_count_below_min,False,,
high_quality_architectural_2183_Floor-2.npz,high_quality_architectural/2183/Floor-2,0,"0,8",2,2083,2083,256x256,256x256,False,room_count_below_min,False,,
high_quality_architectural_2200_Floor-1.npz,high_quality_architectural/2200/Floor-1,2,"0,4,5,8",4,10224,10224,256x256,256x256,False,room_count_below_min,False,,
high_quality_architectural_2204_Floor-2.npz,high_quality_architectural/2204/Floor-2,0,"0,8",2,2784,2784,256x256,256x256,False,room_count_below_min,False,,
high_quality_architectural_232_Floor-1.npz,high_quality_architectural/232/Floor-1,2,"0,1,4,8",4,14569,14569,256x256,256x256,False,room_count_below_min,False,,
high_quality_architectural_233_Floor-1.npz,high_quality_architectural/233/Floor-1,1,"0,7,8",3,16078,16078,256x256,256x256,False,room_count_below_min,False,,
high_quality_architectural_239_Floor-1.npz,high_quality_architectural/239/Floor-1,2,"0,2,3,4,8",5,21583,21583,256x256,256x256,False,room_count_below_min,False,,
high_quality_architectural_242_Floor-1.npz,high_quality_architectural/242/Floor-1,1,"0,1,2,8",4,26084,26084,256x256,256x256,False,room_count_below_min,False,,
high_quality_architectural_24_Floor-2.npz,high_quality_architectural/24/Floor-2,0,"0,8",2,2233,2233,256x256,256x256,False,room_count_below_min,False,,
high_quality_architectural_2539_Floor-1.npz,high_quality_architectural/2539/Floor-1,0,"0,8",2,3993,3993,256x256,256x256,False,room_count_below_min,False,,
high_quality_architectural_2558_Floor-1.npz,high_quality_architectural/2558/Floor-1,0,"0,8",2,5110,5110,256x256,256x256,False,room_count_below_min,False,,
high_quality_architectural_2559_Floor-1.npz,high_quality_architectural/2559/Floor-1,0,"0,8",2,4249,4249,256x256,256x256,False,room_count_below_min,False,,
high_quality_architectural_2560_Floor-1.npz,high_quality_architectural/2560/Floor-1,0,"0,8",2,1603,1603,256x256,256x256,False,room_count_below_min,False,,
high_quality_architectural_2560_Floor-2.npz,high_quality_architectural/2560/Floor-2,0,"0,8",2,1205,1205,256x256,256x256,False,room_count_below_min,False,,
high_quality_architectural_2561_Floor-1.npz,high_quality_architectural/2561/Floor-1,0,"0,8",2,3229,3229,256x256,256x256,False,room_count_below_min,False,,
high_quality_architectural_2561_Floor-2.npz,high_quality_architectural/2561/Floor-2,0,"0,8",2,3765,3765,256x256,256x256,False,room_count_below_min,False,,
high_quality_architectural_2563_Floor-1.npz,high_quality_architectural/2563/Floor-1,0,"0,8",2,5765,5765,256x256,256x256,False,room_count_below_min,False,,
high_quality_architectural_2564_Floor-1.npz,high_quality_architectural/2564/Floor-1,0,"0,8",2,1129,1129,256x256,256x256,False,room_count_below_min,False,,
high_quality_architectural_2564_Floor-2.npz,high_quality_architectural/2564/Floor-2,0,"0,8",2,1086,1086,256x256,256x256,False,room_count_below_min,False,,
high_quality_architectural_2564_Floor-3.npz,high_quality_architectural/2564/Floor-3,0,"0,8",2,1004,1004,256x256,256x256,False,room_count_below_min,False,,
high_quality_architectural_2565_Floor-1.npz,high_quality_architectural/2565/Floor-1,0,"0,8",2,3267,3267,256x256,256x256,False,room_count_below_min,False,,
high_quality_architectural_2565_Floor-2.npz,high_quality_architectural/2565/Floor-2,0,"0,8",2,2311,2311,256x256,256x256,False,room_count_below_min,False,,
high_quality_architectural_2567_Floor-1.npz,high_quality_architectural/2567/Floor-1,0,"0,8",2,2227,2227,256x256,256x256,False,room_count_below_min,False,,
high_quality_architectural_2567_Floor-2.npz,high_quality_architectural/2567/Floor-2,0,"0,8",2,2340,2340,256x256,256x256,False,room_count_below_min,False,,
high_quality_architectural_2569_Floor-1.npz,high_quality_architectural/2569/Floor-1,0,"0,8",2,3615,3615,256x256,256x256,False,room_count_below_min,False,,
high_quality_architectural_2569_Floor-2.npz,high_quality_architectural/2569/Floor-2,0,"0,8",2,2839,2839,256x256,256x256,False,room_count_below_min,False,,
high_quality_architectural_2572_Floor-1.npz,high_quality_architectural/2572/Floor-1,0,"0,8",2,2692,2692,256x256,256x256,False,room_count_below_min,False,,
high_quality_architectural_2572_Floor-2.npz,high_quality_architectural/2572/Floor-2,0,"0,8",2,3101,3101,256x256,256x256,False,room_count_below_min,False,,
high_quality_architectural_2573_Floor-1.npz,high_quality_architectural/2573/Floor-1,0,"0,8",2,2398,2398,256x256,256x256,False,room_count_below_min,False,,
high_quality_architectural_2573_Floor-2.npz,high_quality_architectural/2573/Floor-2,0,"0,8",2,2425,2425,256x256,256x256,False,room_count_below_min,False,,
high_quality_architectural_2573_Floor-3.npz,high_quality_architectural/2573/Floor-3,0,"0,8",2,1653,1653,256x256,256x256,False,room_count_below_min,False,,
high_quality_architectural_2575_Floor-1.npz,high_quality_architectural/2575/Floor-1,0,"0,8",2,2235,2235,256x256,256x256,False,room_count_below_min,False,,
high_quality_architectural_2575_Floor-2.npz,high_quality_architectural/2575/Floor-2,0,"0,8",2,2170,2170,256x256,256x256,False,room_count_below_min,False,,
high_quality_architectural_2577_Floor-1.npz,high_quality_architectural/2577/Floor-1,0,"0,8",2,5845,5845,256x256,256x256,False,room_count_below_min,False,,
high_quality_architectural_2579_Floor-1.npz,high_quality_architectural/2579/Floor-1,0,"0,8",2,2358,2358,256x256,256x256,False,room_count_below_min,False,,
high_quality_architectural_2579_Floor-2.npz,high_quality_architectural/2579/Floor-2,0,"0,8",2,2175,2175,256x256,256x256,False,room_count_below_min,False,,
high_quality_architectural_2580_Floor-1.npz,high_quality_architectural/2580/Floor-1,0,"0,8",2,3084,3084,256x256,256x256,False,room_count_below_min,False,,
high_quality_architectural_2580_Floor-2.npz,high_quality_architectural/2580/Floor-2,0,"0,8",2,3043,3043,256x256,256x256,False,room_count_below_min,False,,
high_quality_architectural_2582_Floor-1.npz,high_quality_architectural/2582/Floor-1,0,"0,8",2,5657,5657,256x256,256x256,False,room_count_below_min,False,,
high_quality_architectural_2583_Floor-1.npz,high_quality_architectural/2583/Floor-1,0,"0,8",2,2714,2714,256x256,256x256,False,room_count_below_min,False,,
high_quality_architectural_2583_Floor-2.npz,high_quality_architectural/2583/Floor-2,0,"0,8",2,3307,3307,256x256,256x256,False,room_count_below_min,False,,
high_quality_architectural_2588_Floor-1.npz,high_quality_architectural/2588/Floor-1,0,"0,8",2,5259,5259,256x256,256x256,False,room_count_below_min,False,,
high_quality_architectural_2589_Floor-1.npz,high_quality_architectural/2589/Floor-1,0,"0,8",2,2689,2689,256x256,256x256,False,room_count_below_min,False,,
high_quality_architectural_2589_Floor-2.npz,high_quality_architectural/2589/Floor-2,0,"0,8",2,2707,2707,256x256,256x256,False,room_count_below_min,False,,
high_quality_architectural_2596_Floor-1.npz,high_quality_architectural/2596/Floor-1,2,"0,2,3,5,8",5,26701,26701,256x256,256x256,False,room_count_below_min,False,,
high_quality_architectural_259_Floor-2.npz,high_quality_architectural/259/Floor-2,1,"0,5,8",3,6509,6509,256x256,256x256,False,room_count_below_min,False,,
high_quality_architectural_2600_Floor-1.npz,high_quality_architectural/2600/Floor-1,2,"0,1,2,3,5,6,7,8",8,9866,9866,256x256,256x256,False,room_count_below_min,False,,
high_quality_architectural_277_Floor-1.npz,high_quality_architectural/277/Floor-1,0,"0,8",2,3447,3447,256x256,256x256,False,room_count_below_min,False,,
high_quality_architectural_2_Floor-1.npz,high_quality_architectural/2/Floor-1,2,"0,1,5,7,8",5,33351,33351,256x256,256x256,False,room_count_below_min,False,,
high_quality_architectural_3040_Floor-2.npz,high_quality_architectural/3040/Floor-2,2,"0,2,3,8",4,11135,11135,256x256,256x256,False,room_count_below_min,False,,
high_quality_architectural_312_Floor-1.npz,high_quality_architectural/312/Floor-1,1,"0,1,2,5,8",5,36976,36976,256x256,256x256,False,room_count_below_min,False,,
high_quality_architectural_3195_Floor-2.npz,high_quality_architectural/3195/Floor-2,2,"0,1,2,4,5,6,8",7,11145,11145,256x256,256x256,False,room_count_below_min,False,,
high_quality_architectural_3209_Floor-1.npz,high_quality_architectural/3209/Floor-1,1,"0,5,8",3,6836,6836,256x256,256x256,False,room_count_below_min,False,,
high_quality_architectural_3229_Floor-2.npz,high_quality_architectural/3229/Floor-2,2,"0,4,7,8",4,2912,2912,256x256,256x256,False,room_count_below_min,False,,
high_quality_architectural_3240_Floor-1.npz,high_quality_architectural/3240/Floor-1,2,"0,2,7,8",4,19715,19715,256x256,256x256,False,room_count_below_min,False,,
high_quality_architectural_3242_Floor-1.npz,high_quality_architectural/3242/Floor-1,2,"0,2,3,5,8",5,13329,13329,256x256,256x256,False,room_count_below_min,False,,
high_quality_architectural_3256_Floor-1.npz,high_quality_architectural/3256/Floor-1,2,"0,1,2,4,5,8",6,30454,30454,256x256,256x256,False,room_count_below_min,False,,
high_quality_architectural_3516_Floor-1.npz,high_quality_architectural/3516/Floor-1,2,"0,1,2,8",4,29767,29767,256x256,256x256,False,room_count_below_min,False,,
high_quality_architectural_3520_Floor-1.npz,high_quality_architectural/3520/Floor-1,1,"0,2,8",3,18665,18665,256x256,256x256,False,room_count_below_min,False,,
high_quality_architectural_3528_Floor-1.npz,high_quality_architectural/3528/Floor-1,2,"0,1,2,4,5,6,8",7,26464,26464,256x256,256x256,False,room_count_below_min,False,,
high_quality_architectural_3570_Floor-1.npz,high_quality_architectural/3570/Floor-1,2,"0,1,2,3,5,8",6,28438,28438,256x256,256x256,False,room_count_below_min,False,,
high_quality_architectural_357_Floor-1.npz,high_quality_architectural/357/Floor-1,0,"0,8",2,3054,3054,256x256,256x256,False,room_count_below_min,False,,
high_quality_architectural_3612_Floor-2.npz,high_quality_architectural/3612/Floor-2,2,"0,2,8",3,3717,3717,256x256,256x256,False,room_count_below_min,False,,
high_quality_architectural_3614_Floor-1.npz,high_quality_architectural/3614/Floor-1,0,"0,8",2,5882,5882,256x256,256x256,False,room_count_below_min,False,,
high_quality_architectural_3624_Floor-1.npz,high_quality_architectural/3624/Floor-1,1,"0,2,8",3,25433,25433,256x256,256x256,False,room_count_below_min,False,,
high_quality_architectural_3637_Floor-1.npz,high_quality_architectural/3637/Floor-1,2,"0,2,7,8",4,23803,23803,256x256,256x256,False,room_count_below_min,False,,
high_quality_architectural_3694_Floor-1.npz,high_quality_architectural/3694/Floor-1,0,"0,8",2,3412,3412,256x256,256x256,False,room_count_below_min,False,,
high_quality_architectural_3702_Floor-1.npz,high_quality_architectural/3702/Floor-1,2,"0,4,8",3,8641,8641,256x256,256x256,False,room_count_below_min,False,,
high_quality_architectural_3781_Floor-1.npz,high_quality_architectural/3781/Floor-1,1,"0,1,2,8",4,31388,31388,256x256,256x256,False,room_count_below_min,False,,
high_quality_architectural_3782_Floor-1.npz,high_quality_architectural/3782/Floor-1,2,"0,3,6,8",4,13063,13063,256x256,256x256,False,room_count_below_min,False,,
high_quality_architectural_3782_Floor-2.npz,high_quality_architectural/3782/Floor-2,0,"0,8",2,2428,2428,256x256,256x256,False,room_count_below_min,False,,
high_quality_architectural_3838_Floor-1.npz,high_quality_architectural/3838/Floor-1,2,"0,2,7,8",4,17371,17371,256x256,256x256,False,room_count_below_min,False,,
high_quality_architectural_3849_Floor-1.npz,high_quality_architectural/3849/Floor-1,1,"0,2,8",3,22438,22438,256x256,256x256,False,room_count_below_min,False,,
high_quality_architectural_384_Floor-2.npz,high_quality_architectural/384/Floor-2,2,"0,2,8",3,3925,3925,256x256,256x256,False,room_count_below_min,False,,
high_quality_architectural_3871_Floor-1.npz,high_quality_architectural/3871/Floor-1,2,"0,1,2,3,4,8",6,26669,26669,256x256,256x256,False,room_count_below_min,False,,
high_quality_architectural_3915_Floor-2.npz,high_quality_architectural/3915/Floor-2,0,"0,8",2,2042,2042,256x256,256x256,False,room_count_below_min,False,,
high_quality_architectural_3925_Floor-1.npz,high_quality_architectural/3925/Floor-1,2,"0,1,2,4,5,8",6,26981,26981,256x256,256x256,False,room_count_below_min,False,,
high_quality_architectural_3926_Floor-1.npz,high_quality_architectural/3926/Floor-1,2,"0,2,4,8",4,26540,26540,256x256,256x256,False,room_count_below_min,False,,
high_quality_architectural_3927_Floor-1.npz,high_quality_architectural/3927/Floor-1,1,"0,5,8",3,5945,5945,256x256,256x256,False,room_count_below_min,False,,
high_quality_architectural_393_Floor-1.npz,high_quality_architectural/393/Floor-1,2,"0,1,5,8",4,15846,15846,256x256,256x256,False,room_count_below_min,False,,
high_quality_architectural_393_Floor-2.npz,high_quality_architectural/393/Floor-2,2,"0,3,8",3,18812,18812,256x256,256x256,False,room_count_below_min,False,,
high_quality_architectural_3941_Floor-2.npz,high_quality_architectural/3941/Floor-2,0,"0,8",2,2430,2430,256x256,256x256,False,room_count_below_min,False,,
high_quality_architectural_3960_Floor-2.npz,high_quality_architectural/3960/Floor-2,0,"0,8",2,1598,1598,256x256,256x256,False,room_count_below_min,False,,
high_quality_architectural_39_Floor-1.npz,high_quality_architectural/39/Floor-1,1,"0,1,8",3,6573,6573,256x256,256x256,False,room_count_below_min,False,,
high_quality_architectural_3_Floor-1.npz,high_quality_architectural/3/Floor-1,2,"0,4,7,8",4,9583,9583,256x256,256x256,False,room_count_below_min,False,,
high_quality_architectural_4010_Floor-1.npz,high_quality_architectural/4010/Floor-1,0,"0,8",2,6259,6259,256x256,256x256,False,room_count_below_min,False,,
high_quality_architectural_4014_Floor-1.npz,high_quality_architectural/4014/Floor-1,0,"0,8",2,5514,5514,256x256,256x256,False,room_count_below_min,False,,
high_quality_architectural_4063_Floor-1.npz,high_quality_architectural/4063/Floor-1,1,"0,7,8",3,4590,4590,256x256,256x256,False,room_count_below_min,False,,
high_quality_architectural_407_Floor-2.npz,high_quality_architectural/407/Floor-2,1,"0,5,8",3,3136,3136,256x256,256x256,False,room_count_below_min,False,,
high_quality_architectural_4501_Floor-1.npz,high_quality_architectural/4501/Floor-1,1,"0,3,8",3,3323,3323,256x256,256x256,False,room_count_below_min,False,,
high_quality_architectural_4501_Floor-2.npz,high_quality_architectural/4501/Floor-2,2,"0,2,8",3,7703,7703,256x256,256x256,False,room_count_below_min,False,,
high_quality_architectural_4520_Floor-1.npz,high_quality_architectural/4520/Floor-1,0,"0,8",2,814,814,256x256,256x256,False,room_count_below_min,False,,
high_quality_architectural_4528_Floor-1.npz,high_quality_architectural/4528/Floor-1,2,"0,1,2,4,5,8",6,31487,31487,256x256,256x256,False,room_count_below_min,False,,
high_quality_architectural_4534_Floor-1.npz,high_quality_architectural/4534/Floor-1,1,"0,4,8",3,6262,6262,256x256,256x256,False,room_count_below_min,False,,
high_quality_architectural_4555_Floor-2.npz,high_quality_architectural/4555/Floor-2,2,"0,3,5,8",4,7627,7627,256x256,256x256,False,room_count_below_min,False,,
high_quality_architectural_4649_Floor-1.npz,high_quality_architectural/4649/Floor-1,2,"0,1,2,5,8",5,21691,21691,256x256,256x256,False,room_count_below_min,False,,
high_quality_architectural_4677_Floor-1.npz,high_quality_architectural/4677/Floor-1,2,"0,2,5,7,8",5,30111,30111,256x256,256x256,False,room_count_below_min,False,,
high_quality_architectural_4690_Floor-1.npz,high_quality_architectural/4690/Floor-1,1,"0,7,8",3,6449,6449,256x256,256x256,False,room_count_below_min,False,,
high_quality_architectural_4706_Floor-1.npz,high_quality_architectural/4706/Floor-1,1,"0,1,2,7,8",5,26480,26480,256x256,256x256,False,room_count_below_min,False,,
high_quality_architectural_471_Floor-1.npz,high_quality_architectural/471/Floor-1,2,"0,1,2,4,5,8",6,24260,24260,256x256,256x256,False,room_count_below_min,False,,
high_quality_architectural_4721_Floor-1.npz,high_quality_architectural/4721/Floor-1,0,"0,8",2,7126,7126,256x256,256x256,False,room_count_below_min,False,,
high_quality_architectural_4739_Floor-1.npz,high_quality_architectural/4739/Floor-1,2,"0,1,2,3,5,8",6,15418,15418,256x256,256x256,False,room_count_below_min,False,,
high_quality_architectural_4748_Floor-1.npz,high_quality_architectural/4748/Floor-1,1,"0,2,8",3,7772,7772,256x256,256x256,False,room_count_below_min,False,,
high_quality_architectural_4786_Floor-1.npz,high_quality_architectural/4786/Floor-1,0,"0,8",2,8215,8215,256x256,256x256,False,room_count_below_min,False,,
high_quality_architectural_4787_Floor-1.npz,high_quality_architectural/4787/Floor-1,2,"0,1,2,4,5,8",6,37594,37594,256x256,256x256,False,room_count_below_min,False,,
high_quality_architectural_4794_Floor-1.npz,high_quality_architectural/4794/Floor-1,0,"0,8",2,4295,4295,256x256,256x256,False,room_count_below_min,False,,
high_quality_architectural_4795_Floor-1.npz,high_quality_architectural/4795/Floor-1,1,"0,4,8",3,9248,9248,256x256,256x256,False,room_count_below_min,False,,
high_quality_architectural_4825_Floor-1.npz,high_quality_architectural/4825/Floor-1,2,"0,1,3,4,7,8",6,19164,19164,256x256,256x256,False,room_count_below_min,False,,
high_quality_architectural_4845_Floor-1.npz,high_quality_architectural/4845/Floor-1,2,"0,1,3,4,8",5,37623,37623,256x256,256x256,False,room_count_below_min,False,,
high_quality_architectural_4865_Floor-1.npz,high_quality_architectural/4865/Floor-1,1,"0,1,2,8",4,16910,16910,256x256,256x256,False,room_count_below_min,False,,
high_quality_architectural_4866_Floor-1.npz,high_quality_architectural/4866/Floor-1,1,"0,1,2,5,8",5,24941,24941,256x256,256x256,False,room_count_below_min,False,,
high_quality_architectural_4879_Floor-2.npz,high_quality_architectural/4879/Floor-2,2,"0,2,7,8",4,3122,3122,256x256,256x256,False,room_count_below_min,False,,
high_quality_architectural_4912_Floor-1.npz,high_quality_architectural/4912/Floor-1,2,"0,2,3,5,7,8",6,27719,27719,256x256,256x256,False,room_count_below_min,False,,
high_quality_architectural_4925_Floor-2.npz,high_quality_architectural/4925/Floor-2,0,"0,8",2,4683,4683,256x256,256x256,False,room_count_below_min,False,,
high_quality_architectural_4929_Floor-2.npz,high_quality_architectural/4929/Floor-2,2,"0,2,4,8",4,6376,6376,256x256,256x256,False,room_count_below_min,False,,
high_quality_architectural_4944_Floor-1.npz,high_quality_architectural/4944/Floor-1,2,"0,3,7,8",4,6362,6362,256x256,256x256,False,room_count_below_min,False,,
high_quality_architectural_4963_Floor-1.npz,high_quality_architectural/4963/Floor-1,0,"0,8",2,2259,2259,256x256,256x256,False,room_count_below_min,False,,
high_quality_architectural_4963_Floor-2.npz,high_quality_architectural/4963/Floor-2,0,"0,8",2,2101,2101,256x256,256x256,False,room_count_below_min,False,,
high_quality_architectural_4976_Floor-1.npz,high_quality_architectural/4976/Floor-1,0,"0,8",2,9036,9036,256x256,256x256,False,room_count_below_min,False,,
high_quality_architectural_4993_Floor-1.npz,high_quality_architectural/4993/Floor-1,2,"0,2,7,8",4,23851,23851,256x256,256x256,False,room_count_below_min,False,,
high_quality_architectural_5016_Floor-1.npz,high_quality_architectural/5016/Floor-1,0,"0,8",2,2319,2319,256x256,256x256,False,room_count_below_min,False,,
high_quality_architectural_5034_Floor-1.npz,high_quality_architectural/5034/Floor-1,1,"0,1,8",3,9416,9416,256x256,256x256,False,room_count_below_min,False,,
high_quality_architectural_504_Floor-2.npz,high_quality_architectural/504/Floor-2,2,"0,2,8",3,2443,2443,256x256,256x256,False,room_count_below_min,False,,
high_quality_architectural_5055_Floor-1.npz,high_quality_architectural/5055/Floor-1,0,"0,8",2,2947,2947,256x256,256x256,False,room_count_below_min,False,,
high_quality_architectural_5055_Floor-2.npz,high_quality_architectural/5055/Floor-2,0,"0,8",2,1621,1621,256x256,256x256,False,room_count_below_min,False,,
high_quality_architectural_5055_Floor-3.npz,high_quality_architectural/5055/Floor-3,0,"0,8",2,1506,1506,256x256,256x256,False,room_count_below_min,False,,
high_quality_architectural_5058_Floor-1.npz,high_quality_architectural/5058/Floor-1,2,"0,1,2,4,5,8",6,27794,27794,256x256,256x256,False,room_count_below_min,False,,
high_quality_architectural_5082_Floor-1.npz,high_quality_architectural/5082/Floor-1,0,"0,8",2,7338,7338,256x256,256x256,False,room_count_below_min,False,,
high_quality_architectural_5119_Floor-1.npz,high_quality_architectural/5119/Floor-1,2,"0,7,8",3,9128,9128,256x256,256x256,False,room_count_below_min,False,,
high_quality_architectural_5119_Floor-2.npz,high_quality_architectural/5119/Floor-2,2,"0,1,2,5,6,8",6,26160,26160,256x256,256x256,False,room_count_below_min,False,,
high_quality_architectural_5138_Floor-1.npz,high_quality_architectural/5138/Floor-1,2,"0,3,7,8",4,8794,8794,256x256,256x256,False,room_count_below_min,False,,
high_quality_architectural_5138_Floor-2.npz,high_quality_architectural/5138/Floor-2,1,"0,4,8",3,5713,5713,256x256,256x256,False,room_count_below_min,False,,
high_quality_architectural_5147_Floor-1.npz,high_quality_architectural/5147/Floor-1,1,"0,1,2,5,8",5,31318,31318,256x256,256x256,False,room_count_below_min,False,,
high_quality_architectural_534_Floor-1.npz,high_quality_architectural/534/Floor-1,0,"0,8",2,2396,2396,256x256,256x256,False,room_count_below_min,False,,
high_quality_architectural_543_Floor-1.npz,high_quality_architectural/543/Floor-1,1,"0,4,8",3,4902,4902,256x256,256x256,False,room_count_below_min,False,,
high_quality_architectural_543_Floor-3.npz,high_quality_architectural/543/Floor-3,2,"0,3,8",3,9226,9226,256x256,256x256,False,room_count_below_min,False,,
high_quality_architectural_546_Floor-1.npz,high_quality_architectural/546/Floor-1,1,"0,1,8",3,9918,9918,256x256,256x256,False,room_count_below_min,False,,
high_quality_architectural_5501_Floor-2.npz,high_quality_architectural/5501/Floor-2,0,"0,8",2,2849,2849,256x256,256x256,False,room_count_below_min,False,,
high_quality_architectural_5505_Floor-1.npz,high_quality_architectural/5505/Floor-1,1,"0,1,8",3,40027,40027,256x256,256x256,False,room_count_below_min,False,,
high_quality_architectural_552_Floor-1.npz,high_quality_architectural/552/Floor-1,0,"0,8",2,3948,3948,256x256,256x256,False,room_count_below_min,False,,
high_quality_architectural_5539_Floor-1.npz,high_quality_architectural/5539/Floor-1,1,"0,4,8",3,12166,12166,256x256,256x256,False,room_count_below_min,False,,
high_quality_architectural_5559_Floor-1.npz,high_quality_architectural/5559/Floor-1,1,"0,7,8",3,4104,4104,256x256,256x256,False,room_count_below_min,False,,
high_quality_architectural_5559_Floor-2.npz,high_quality_architectural/5559/Floor-2,1,"0,1,8",3,7491,7491,256x256,256x256,False,room_count_below_min,False,,
high_quality_architectural_5559_Floor-3.npz,high_quality_architectural/5559/Floor-3,1,"0,2,8",3,8290,8290,256x256,256x256,False,room_count_below_min,False,,
high_quality_architectural_5575_Floor-1.npz,high_quality_architectural/5575/Floor-1,2,"0,1,4,5,8",5,18254,18254,256x256,256x256,False,room_count_below_min,False,,
high_quality_architectural_5602_Floor-1.npz,high_quality_architectural/5602/Floor-1,0,"0,8",2,6934,6934,256x256,256x256,False,room_count_below_min,False,,
high_quality_architectural_5617_Floor-1.npz,high_quality_architectural/5617/Floor-1,1,"0,5,8",3,15434,15434,256x256,256x256,False,room_count_below_min,False,,
high_quality_architectural_5628_Floor-1.npz,high_quality_architectural/5628/Floor-1,2,"0,1,5,6,7,8",6,17863,17863,256x256,256x256,False,room_count_below_min,False,,
high_quality_architectural_5640_Floor-1.npz,high_quality_architectural/5640/Floor-1,1,"0,2,8",3,19190,19190,256x256,256x256,False,room_count_below_min,False,,
high_quality_architectural_5658_Floor-1.npz,high_quality_architectural/5658/Floor-1,2,"0,1,2,3,8",5,32038,32038,256x256,256x256,False,room_count_below_min,False,,
high_quality_architectural_5672_Floor-2.npz,high_quality_architectural/5672/Floor-2,2,"0,7,8",3,3489,3489,256x256,256x256,False,room_count_below_min,False,,
high_quality_architectural_571_Floor-1.npz,high_quality_architectural/571/Floor-1,1,"0,1,2,3,5,8",6,18298,18298,256x256,256x256,False,room_count_below_min,False,,
high_quality_architectural_571_Floor-2.npz,high_quality_architectural/571/Floor-2,0,"0,8",2,3143,3143,256x256,256x256,False,room_count_below_min,False,,
high_quality_architectural_5722_Floor-2.npz,high_quality_architectural/5722/Floor-2,1,"0,1,8",3,1339,1339,256x256,256x256,False,room_count_below_min,False,,
high_quality_architectural_5722_Floor-4.npz,high_quality_architectural/5722/Floor-4,1,"0,5,8",3,786,786,256x256,256x256,False,room_count_below_min,False,,
high_quality_architectural_5727_Floor-2.npz,high_quality_architectural/5727/Floor-2,2,"0,2,3,8",4,7793,7793,256x256,256x256,False,room_count_below_min,False,,
high_quality_architectural_5741_Floor-1.npz,high_quality_architectural/5741/Floor-1,2,"0,1,2,8",4,26625,26625,256x256,256x256,False,room_count_below_min,False,,
high_quality_architectural_5751_Floor-1.npz,high_quality_architectural/5751/Floor-1,1,"0,1,2,3,4,5,8",7,38675,38675,256x256,256x256,False,room_count_below_min,False,,
high_quality_architectural_5766_Floor-2.npz,high_quality_architectural/5766/Floor-2,2,"0,3,8",3,7060,7060,256x256,256x256,False,room_count_below_min,False,,
high_quality_architectural_5806_Floor-1.npz,high_quality_architectural/5806/Floor-1,0,"0,8",2,2682,2682,256x256,256x256,False,room_count_below_min,False,,
high_quality_architectural_5806_Floor-2.npz,high_quality_architectural/5806/Floor-2,0,"0,8",2,3624,3624,256x256,256x256,False,room_count_below_min,False,,
high_quality_architectural_5810_Floor-1.npz,high_quality_architectural/5810/Floor-1,2,"0,1,2,7,8",5,29089,29089,256x256,256x256,False,room_count_below_min,False,,
high_quality_architectural_5825_Floor-2.npz,high_quality_architectural/5825/Floor-2,2,"0,2,7,8",4,15778,15778,256x256,256x256,False,room_count_below_min,False,,
high_quality_architectural_5873_Floor-1.npz,high_quality_architectural/5873/Floor-1,2,"0,2,3,4,8",5,19018,19018,256x256,256x256,False,room_count_below_min,False,,
high_quality_architectural_5873_Floor-2.npz,high_quality_architectural/5873/Floor-2,1,"0,3,5,8",4,20398,20398,256x256,256x256,False,room_count_below_min,False,,
high_quality_architectural_5884_Floor-1.npz,high_quality_architectural/5884/Floor-1,0,"0,8",2,4637,4637,256x256,256x256,False,room_count_below_min,False,,
high_quality_architectural_5884_Floor-2.npz,high_quality_architectural/5884/Floor-2,1,"0,7,8",3,4946,4946,256x256,256x256,False,room_count_below_min,False,,
high_quality_architectural_58_Floor-1.npz,high_quality_architectural/58/Floor-1,2,"0,2,4,5,8",5,27672,27672,256x256,256x256,False,room_count_below_min,False,,
high_quality_architectural_5903_Floor-1.npz,high_quality_architectural/5903/Floor-1,0,"0,8",2,6160,6160,256x256,256x256,False,room_count_below_min,False,,
high_quality_architectural_5915_Floor-2.npz,high_quality_architectural/5915/Floor-2,2,"0,4,7,8",4,2091,2091,256x256,256x256,False,room_count_below_min,False,,
high_quality_architectural_5923_Floor-1.npz,high_quality_architectural/5923/Floor-1,1,"0,7,8",3,4322,4322,256x256,256x256,False,room_count_below_min,False,,
high_quality_architectural_5926_Floor-1.npz,high_quality_architectural/5926/Floor-1,0,"0,8",2,3376,3376,256x256,256x256,False,room_count_below_min,False,,
high_quality_architectural_5926_Floor-2.npz,high_quality_architectural/5926/Floor-2,0,"0,8",2,1725,1725,256x256,256x256,False,room_count_below_min,False,,
high_quality_architectural_5926_Floor-3.npz,high_quality_architectural/5926/Floor-3,0,"0,8",2,3012,3012,256x256,256x256,False,room_count_below_min,False,,
high_quality_architectural_5988_Floor-2.npz,high_quality_architectural/5988/Floor-2,2,"0,7,8",3,9791,9791,256x256,256x256,False,room_count_below_min,False,,
high_quality_architectural_6006_Floor-1.npz,high_quality_architectural/6006/Floor-1,2,"0,1,2,3,5,8",6,28683,28683,256x256,256x256,False,room_count_below_min,False,,
high_quality_architectural_6043_Floor-2.npz,high_quality_architectural/6043/Floor-2,1,"0,3,8",3,10187,10187,256x256,256x256,False,room_count_below_min,False,,
high_quality_architectural_6062_Floor-2.npz,high_quality_architectural/6062/Floor-2,2,"0,3,5,8",4,9234,9234,256x256,256x256,False,room_count_below_min,False,,
high_quality_architectural_6075_Floor-2.npz,high_quality_architectural/6075/Floor-2,0,"0,8",2,1879,1879,256x256,256x256,False,room_count_below_min,False,,
high_quality_architectural_6081_Floor-1.npz,high_quality_architectural/6081/Floor-1,2,"0,2,7,8",4,8734,8734,256x256,256x256,False,room_count_below_min,False,,
high_quality_architectural_6083_Floor-1.npz,high_quality_architectural/6083/Floor-1,0,"0,8",2,8171,8171,256x256,256x256,False,room_count_below_min,False,,
high_quality_architectural_6100_Floor-2.npz,high_quality_architectural/6100/Floor-2,1,"0,5,8",3,2405,2405,256x256,256x256,False,room_count_below_min,False,,
high_quality_architectural_6143_Floor-2.npz,high_quality_architectural/6143/Floor-2,1,"0,4,8",3,1318,1318,256x256,256x256,False,room_count_below_min,False,,
high_quality_architectural_6149_Floor-1.npz,high_quality_architectural/6149/Floor-1,1,"0,1,2,5,7,8",6,26125,26125,256x256,256x256,False,room_count_below_min,False,,
high_quality_architectural_6187_Floor-1.npz,high_quality_architectural/6187/Floor-1,1,"0,1,2,5,8",5,26604,26604,256x256,256x256,False,room_count_below_min,False,,
high_quality_architectural_6209_Floor-1.npz,high_quality_architectural/6209/Floor-1,1,"0,7,8",3,8576,8576,256x256,256x256,False,room_count_below_min,False,,
high_quality_architectural_6212_Floor-1.npz,high_quality_architectural/6212/Floor-1,0,"0,8",2,4808,4808,256x256,256x256,False,room_count_below_min,False,,
high_quality_architectural_6228_Floor-2.npz,high_quality_architectural/6228/Floor-2,0,"0,8",2,1166,1166,256x256,256x256,False,room_count_below_min,False,,
high_quality_architectural_6252_Floor-1.npz,high_quality_architectural/6252/Floor-1,0,"0,8",2,3034,3034,256x256,256x256,False,room_count_below_min,False,,
high_quality_architectural_6252_Floor-2.npz,high_quality_architectural/6252/Floor-2,0,"0,8",2,3871,3871,256x256,256x256,False,room_count_below_min,False,,
high_quality_architectural_6261_Floor-2.npz,high_quality_architectural/6261/Floor-2,2,"0,7,8",3,5576,5576,256x256,256x256,False,room_count_below_min,False,,
high_quality_architectural_6268_Floor-1.npz,high_quality_architectural/6268/Floor-1,2,"0,1,2,3,8",5,24412,24412,256x256,256x256,False,room_count_below_min,False,,
high_quality_architectural_6269_Floor-1.npz,high_quality_architectural/6269/Floor-1,0,"0,8",2,8807,8807,256x256,256x256,False,room_count_below_min,False,,
high_quality_architectural_6280_Floor-1.npz,high_quality_architectural/6280/Floor-1,2,"0,1,2,4,8",5,10582,10582,256x256,256x256,False,room_count_below_min,False,,
high_quality_architectural_6286_Floor-1.npz,high_quality_architectural/6286/Floor-1,2,"0,1,2,3,8",5,39491,39491,256x256,256x256,False,room_count_below_min,False,,
high_quality_architectural_6289_Floor-1.npz,high_quality_architectural/6289/Floor-1,1,"0,4,8",3,9613,9613,256x256,256x256,False,room_count_below_min,False,,
high_quality_architectural_6299_Floor-1.npz,high_quality_architectural/6299/Floor-1,2,"0,4,7,8",4,6833,6833,256x256,256x256,False,room_count_below_min,False,,
high_quality_architectural_6302_Floor-1.npz,high_quality_architectural/6302/Floor-1,2,"0,2,7,8",4,16245,16245,256x256,256x256,False,room_count_below_min,False,,
high_quality_architectural_6302_Floor-3.npz,high_quality_architectural/6302/Floor-3,2,"0,3,7,8",4,8867,8867,256x256,256x256,False,room_count_below_min,False,,
high_quality_architectural_6305_Floor-1.npz,high_quality_architectural/6305/Floor-1,1,"0,1,2,3,5,8",6,20421,20421,256x256,256x256,False,room_count_below_min,False,,
high_quality_architectural_6324_Floor-1.npz,high_quality_architectural/6324/Floor-1,0,"0,8",2,1361,1361,256x256,256x256,False,room_count_below_min,False,,
high_quality_architectural_6334_Floor-1.npz,high_quality_architectural/6334/Floor-1,0,"0,8",2,5402,5402,256x256,256x256,False,room_count_below_min,False,,
high_quality_architectural_6347_Floor-1.npz,high_quality_architectural/6347/Floor-1,2,"0,1,2,4,5,8",6,44995,44995,256x256,256x256,False,room_count_below_min,False,,
high_quality_architectural_6348_Floor-1.npz,high_quality_architectural/6348/Floor-1,1,"0,1,2,5,7,8",6,40162,40162,256x256,256x256,False,room_count_below_min,False,,
high_quality_architectural_6349_Floor-1.npz,high_quality_architectural/6349/Floor-1,1,"0,1,2,3,5,8",6,36956,36956,256x256,256x256,False,room_count_below_min,False,,
high_quality_architectural_6369_Floor-1.npz,high_quality_architectural/6369/Floor-1,2,"0,1,2,5,8",5,25227,25227,256x256,256x256,False,room_count_below_min,False,,
high_quality_architectural_6376_Floor-2.npz,high_quality_architectural/6376/Floor-2,2,"0,3,4,8",4,7713,7713,256x256,256x256,False,room_count_below_min,False,,
high_quality_architectural_6380_Floor-1.npz,high_quality_architectural/6380/Floor-1,1,"0,7,8",3,4114,4114,256x256,256x256,False,room_count_below_min,False,,
high_quality_architectural_638_Floor-1.npz,high_quality_architectural/638/Floor-1,0,"0,8",2,5825,5825,256x256,256x256,False,room_count_below_min,False,,
high_quality_architectural_6394_Floor-1.npz,high_quality_architectural/6394/Floor-1,0,"0,8",2,4766,4766,256x256,256x256,False,room_count_below_min,False,,
high_quality_architectural_6414_Floor-1.npz,high_quality_architectural/6414/Floor-1,1,"0,1,2,5,7,8",6,27970,27970,256x256,256x256,False,room_count_below_min,False,,
high_quality_architectural_6443_Floor-1.npz,high_quality_architectural/6443/Floor-1,0,"0,8",2,7741,7741,256x256,256x256,False,room_count_below_min,False,,
high_quality_architectural_6450_Floor-1.npz,high_quality_architectural/6450/Floor-1,2,"0,1,2,4,5,8",6,26842,26842,256x256,256x256,False,room_count_below_min,False,,
high_quality_architectural_6452_Floor-1.npz,high_quality_architectural/6452/Floor-1,2,"0,1,2,5,8",5,32846,32846,256x256,256x256,False,room_count_below_min,False,,
high_quality_architectural_6453_Floor-1.npz,high_quality_architectural/6453/Floor-1,2,"0,1,4,5,8",5,17915,17915,256x256,256x256,False,room_count_below_min,False,,
high_quality_architectural_6462_Floor-1.npz,high_quality_architectural/6462/Floor-1,2,"0,2,4,5,7,8",6,28683,28683,256x256,256x256,False,room_count_below_min,False,,
high_quality_architectural_6464_Floor-1.npz,high_quality_architectural/6464/Floor-1,2,"0,2,4,5,8",5,47832,47832,256x256,256x256,False,room_count_below_min,False,,
high_quality_architectural_6480_Floor-2.npz,high_quality_architectural/6480/Floor-2,2,"0,3,4,8",4,5471,5471,256x256,256x256,False,room_count_below_min,False,,
high_quality_architectural_6507_Floor-1.npz,high_quality_architectural/6507/Floor-1,2,"0,1,4,8",4,18220,18220,256x256,256x256,False,room_count_below_min,False,,
high_quality_architectural_6514_Floor-1.npz,high_quality_architectural/6514/Floor-1,1,"0,1,2,5,8",5,35232,35232,256x256,256x256,False,room_count_below_min,False,,
high_quality_architectural_6522_Floor-1.npz,high_quality_architectural/6522/Floor-1,1,"0,5,8",3,3889,3889,256x256,256x256,False,room_count_below_min,False,,
high_quality_architectural_6529_Floor-2.npz,high_quality_architectural/6529/Floor-2,0,"0,8",2,3356,3356,256x256,256x256,False,room_count_below_min,False,,
high_quality_architectural_6541_Floor-1.npz,high_quality_architectural/6541/Floor-1,1,"0,2,8",3,18533,18533,256x256,256x256,False,room_count_below_min,False,,
high_quality_architectural_6545_Floor-1.npz,high_quality_architectural/6545/Floor-1,2,"0,4,5,8",4,2687,2687,256x256,256x256,False,room_count_below_min,False,,
high_quality_architectural_6545_Floor-2.npz,high_quality_architectural/6545/Floor-2,0,"0,8",2,1324,1324,256x256,256x256,False,room_count_below_min,False,,
high_quality_architectural_6556_Floor-1.npz,high_quality_architectural/6556/Floor-1,2,"0,2,4,8",4,14668,14668,256x256,256x256,False,room_count_below_min,False,,
high_quality_architectural_6558_Floor-1.npz,high_quality_architectural/6558/Floor-1,2,"0,1,2,3,8",5,22029,22029,256x256,256x256,False,room_count_below_min,False,,
high_quality_architectural_6578_Floor-1.npz,high_quality_architectural/6578/Floor-1,2,"0,1,2,3,8",5,23267,23267,256x256,256x256,False,room_count_below_min,False,,
high_quality_architectural_6631_Floor-1.npz,high_quality_architectural/6631/Floor-1,2,"0,2,5,8",4,21382,21382,256x256,256x256,False,room_count_below_min,False,,
high_quality_architectural_6652_Floor-2.npz,high_quality_architectural/6652/Floor-2,2,"0,5,8",3,4877,4877,256x256,256x256,False,room_count_below_min,False,,
high_quality_architectural_6655_Floor-1.npz,high_quality_architectural/6655/Floor-1,2,"0,1,2,5,8",5,30286,30286,256x256,256x256,False,room_count_below_min,False,,
high_quality_architectural_6671_Floor-1.npz,high_quality_architectural/6671/Floor-1,1,"0,1,2,7,8",5,14861,14861,256x256,256x256,False,room_count_below_min,False,,
high_quality_architectural_6671_Floor-2.npz,high_quality_architectural/6671/Floor-2,0,"0,8",2,1872,1872,256x256,256x256,False,room_count_below_min,False,,
high_quality_architectural_6692_Floor-1.npz,high_quality_architectural/6692/Floor-1,0,"0,8",2,2136,2136,256x256,256x256,False,room_count_below_min,False,,
high_quality_architectural_6692_Floor-2.npz,high_quality_architectural/6692/Floor-2,2,"0,4,8",3,6061,6061,256x256,256x256,False,room_count_below_min,False,,
high_quality_architectural_6706_Floor-1.npz,high_quality_architectural/6706/Floor-1,1,"0,2,8",3,2570,2570,256x256,256x256,False,room_count_below_min,False,,
high_quality_architectural_6709_Floor-1.npz,high_quality_architectural/6709/Floor-1,2,"0,1,2,5,8",5,34845,34845,256x256,256x256,False,room_count_below_min,False,,
high_quality_architectural_6726_Floor-1.npz,high_quality_architectural/6726/Floor-1,2,"0,1,2,4,8",5,13346,13346,256x256,256x256,False,room_count_below_min,False,,
high_quality_architectural_675_Floor-1.npz,high_quality_architectural/675/Floor-1,0,0,1,0,0,256x256,256x256,False,room_count_below_min,False,,
high_quality_architectural_688_Floor-2.npz,high_quality_architectural/688/Floor-2,0,"0,8",2,1488,1488,256x256,256x256,False,room_count_below_min,False,,
high_quality_architectural_7036_Floor-1.npz,high_quality_architectural/7036/Floor-1,1,"0,7,8",3,1164,1164,256x256,256x256,False,room_count_below_min,False,,
high_quality_architectural_703_Floor-1.npz,high_quality_architectural/703/Floor-1,2,"0,1,2,4,5,7,8",7,28618,28618,256x256,256x256,False,room_count_below_min,False,,
high_quality_architectural_7044_Floor-1.npz,high_quality_architectural/7044/Floor-1,0,"0,8",2,4647,4647,256x256,256x256,False,room_count_below_min,False,,
high_quality_architectural_7050_Floor-1.npz,high_quality_architectural/7050/Floor-1,2,"0,2,8",3,19508,19508,256x256,256x256,False,room_count_below_min,False,,
high_quality_architectural_705_Floor-2.npz,high_quality_architectural/705/Floor-2,2,"0,1,2,3,6,8",6,14473,14473,256x256,256x256,False,room_count_below_min,False,,
high_quality_architectural_7065_Floor-1.npz,high_quality_architectural/7065/Floor-1,2,"0,1,2,3,4,5,8",7,21304,21304,256x256,256x256,False,room_count_below_min,False,,
high_quality_architectural_7067_Floor-1.npz,high_quality_architectural/7067/Floor-1,1,"0,1,2,8",4,26813,26813,256x256,256x256,False,room_count_below_min,False,,
high_quality_architectural_7088_Floor-1.npz,high_quality_architectural/7088/Floor-1,0,"0,8",2,3475,3475,256x256,256x256,False,room_count_below_min,False,,
high_quality_architectural_7095_Floor-1.npz,high_quality_architectural/7095/Floor-1,2,"0,1,2,3,4,5,8",7,27626,27626,256x256,256x256,False,room_count_below_min,False,,
high_quality_architectural_7103_Floor-1.npz,high_quality_architectural/7103/Floor-1,1,"0,1,8",3,11909,11909,256x256,256x256,False,room_count_below_min,False,,
high_quality_architectural_710_Floor-1.npz,high_quality_architectural/710/Floor-1,0,"0,8",2,5894,5894,256x256,256x256,False,room_count_below_min,False,,
high_quality_architectural_738_Floor-1.npz,high_quality_architectural/738/Floor-1,1,"0,1,2,3,8",5,23028,23028,256x256,256x256,False,room_count_below_min,False,,
high_quality_architectural_73_Floor-1.npz,high_quality_architectural/73/Floor-1,2,"0,2,3,4,5,8",6,25444,25444,256x256,256x256,False,room_count_below_min,False,,
high_quality_architectural_741_Floor-1.npz,high_quality_architectural/741/Floor-1,0,"0,8",2,5960,5960,256x256,256x256,False,room_count_below_min,False,,
high_quality_architectural_748_Floor-1.npz,high_quality_architectural/748/Floor-1,2,"0,1,2,4,8",5,17837,17837,256x256,256x256,False,room_count_below_min,False,,
high_quality_architectural_7550_Floor-1.npz,high_quality_architectural/7550/Floor-1,2,"0,4,7,8",4,11501,11501,256x256,256x256,False,room_count_below_min,False,,
high_quality_architectural_7639_Floor-1.npz,high_quality_architectural/7639/Floor-1,2,"0,2,5,8",4,30109,30109,256x256,256x256,False,room_count_below_min,False,,
high_quality_architectural_7647_Floor-1.npz,high_quality_architectural/7647/Floor-1,0,"0,8",2,4952,4952,256x256,256x256,False,room_count_below_min,False,,
high_quality_architectural_7675_Floor-1.npz,high_quality_architectural/7675/Floor-1,2,"0,2,3,8",4,24052,24052,256x256,256x256,False,room_count_below_min,False,,
high_quality_architectural_7691_Floor-1.npz,high_quality_architectural/7691/Floor-1,0,"0,8",2,3209,3209,256x256,256x256,False,room_count_below_min,False,,
high_quality_architectural_7696_Floor-1.npz,high_quality_architectural/7696/Floor-1,2,"0,1,2,4,8",5,36138,36138,256x256,256x256,False,room_count_below_min,False,,
high_quality_architectural_7705_Floor-1.npz,high_quality_architectural/7705/Floor-1,0,"0,8",2,5520,5520,256x256,256x256,False,room_count_below_min,False,,
high_quality_architectural_7712_Floor-1.npz,high_quality_architectural/7712/Floor-1,0,"0,8",2,9830,9830,256x256,256x256,False,room_count_below_min,False,,
high_quality_architectural_7714_Floor-1.npz,high_quality_architectural/7714/Floor-1,1,"0,4,8",3,8853,8853,256x256,256x256,False,room_count_below_min,False,,
high_quality_architectural_7718_Floor-2.npz,high_quality_architectural/7718/Floor-2,1,"0,5,8",3,7286,7286,256x256,256x256,False,room_count_below_min,False,,
high_quality_architectural_772_Floor-1.npz,high_quality_architectural/772/Floor-1,2,"0,1,2,3,4,5,8",7,31794,31794,256x256,256x256,False,room_count_below_min,False,,
high_quality_architectural_7754_Floor-1.npz,high_quality_architectural/7754/Floor-1,2,"0,1,2,4,5,7,8",7,28147,28147,256x256,256x256,False,room_count_below_min,False,,
high_quality_architectural_7766_Floor-1.npz,high_quality_architectural/7766/Floor-1,1,"0,1,2,8",4,8129,8129,256x256,256x256,False,room_count_below_min,False,,
high_quality_architectural_7766_Floor-2.npz,high_quality_architectural/7766/Floor-2,2,"0,3,8",3,5834,5834,256x256,256x256,False,room_count_below_min,False,,
high_quality_architectural_7805_Floor-1.npz,high_quality_architectural/7805/Floor-1,2,"0,1,2,5,8",5,36340,36340,256x256,256x256,False,room_count_below_min,False,,
high_quality_architectural_7819_Floor-1.npz,high_quality_architectural/7819/Floor-1,0,"0,8",2,2842,2842,256x256,256x256,False,room_count_below_min,False,,
high_quality_architectural_7819_Floor-2.npz,high_quality_architectural/7819/Floor-2,0,"0,8",2,2310,2310,256x256,256x256,False,room_count_below_min,False,,
high_quality_architectural_7838_Floor-1.npz,high_quality_architectural/7838/Floor-1,1,"0,4,8",3,10269,10269,256x256,256x256,False,room_count_below_min,False,,
high_quality_architectural_7854_Floor-1.npz,high_quality_architectural/7854/Floor-1,2,"0,1,7,8",4,11012,11012,256x256,256x256,False,room_count_below_min,False,,
high_quality_architectural_7869_Floor-1.npz,high_quality_architectural/7869/Floor-1,2,"0,2,3,4,5,8",6,31781,31781,256x256,256x256,False,room_count_below_min,False,,
high_quality_architectural_7870_Floor-1.npz,high_quality_architectural/7870/Floor-1,0,"0,8",2,3400,3400,256x256,256x256,False,room_count_below_min,False,,
high_quality_architectural_7870_Floor-2.npz,high_quality_architectural/7870/Floor-2,1,"0,2,8",3,2963,2963,256x256,256x256,False,room_count_below_min,False,,
high_quality_architectural_7880_Floor-1.npz,high_quality_architectural/7880/Floor-1,0,"0,8",2,2037,2037,256x256,256x256,False,room_count_below_min,False,,
high_quality_architectural_7880_Floor-2.npz,high_quality_architectural/7880/Floor-2,0,"0,8",2,2090,2090,256x256,256x256,False,room_count_below_min,False,,
high_quality_architectural_7918_Floor-1.npz,high_quality_architectural/7918/Floor-1,0,"0,8",2,2866,2866,256x256,256x256,False,room_count_below_min,False,,
high_quality_architectural_7955_Floor-1.npz,high_quality_architectural/7955/Floor-1,1,"0,7,8",3,8442,8442,256x256,256x256,False,room_count_below_min,False,,
high_quality_architectural_7964_Floor-2.npz,high_quality_architectural/7964/Floor-2,2,"0,5,8",3,13307,13307,256x256,256x256,False,room_count_below_min,False,,
high_quality_architectural_7965_Floor-1.npz,high_quality_architectural/7965/Floor-1,1,"0,5,8",3,4709,4709,256x256,256x256,False,room_count_below_min,False,,
high_quality_architectural_8009_Floor-2.npz,high_quality_architectural/8009/Floor-2,2,"0,3,4,8",4,7489,7489,256x256,256x256,False,room_count_below_min,False,,
high_quality_architectural_8029_Floor-1.npz,high_quality_architectural/8029/Floor-1,0,"0,8",2,4284,4284,256x256,256x256,False,room_count_below_min,False,,
high_quality_architectural_8049_Floor-1.npz,high_quality_architectural/8049/Floor-1,2,"0,1,4,5,8",5,11082,11082,256x256,256x256,False,room_count_below_min,False,,
high_quality_architectural_8059_Floor-1.npz,high_quality_architectural/8059/Floor-1,1,"0,1,2,8",4,21822,21822,256x256,256x256,False,room_count_below_min,False,,
high_quality_architectural_8060_Floor-1.npz,high_quality_architectural/8060/Floor-1,2,"0,7,8",3,31039,31039,256x256,256x256,False,room_count_below_min,False,,
high_quality_architectural_8066_Floor-1.npz,high_quality_architectural/8066/Floor-1,2,"0,7,8",3,8533,8533,256x256,256x256,False,room_count_below_min,False,,
high_quality_architectural_8066_Floor-3.npz,high_quality_architectural/8066/Floor-3,0,"0,8",2,1638,1638,256x256,256x256,False,room_count_below_min,False,,
high_quality_architectural_8091_Floor-1.npz,high_quality_architectural/8091/Floor-1,2,"0,1,2,3,8",5,32751,32751,256x256,256x256,False,room_count_below_min,False,,
high_quality_architectural_8096_Floor-2.npz,high_quality_architectural/8096/Floor-2,1,"0,5,8",3,5087,5087,256x256,256x256,False,room_count_below_min,False,,
high_quality_architectural_8117_Floor-1.npz,high_quality_architectural/8117/Floor-1,2,"0,7,8",3,5972,5972,256x256,256x256,False,room_count_below_min,False,,
high_quality_architectural_8117_Floor-2.npz,high_quality_architectural/8117/Floor-2,2,"0,1,2,4,5,6,8",7,7037,7037,256x256,256x256,False,room_count_below_min,False,,
high_quality_architectural_8127_Floor-1.npz,high_quality_architectural/8127/Floor-1,2,"0,1,2,4,5,8",6,33403,33403,256x256,256x256,False,room_count_below_min,False,,
high_quality_architectural_8158_Floor-2.npz,high_quality_architectural/8158/Floor-2,2,"0,3,4,8",4,10557,10557,256x256,256x256,False,room_count_below_min,False,,
high_quality_architectural_8184_Floor-1.npz,high_quality_architectural/8184/Floor-1,2,"0,1,2,5,7,8",6,31864,31864,256x256,256x256,False,room_count_below_min,False,,
high_quality_architectural_8207_Floor-1.npz,high_quality_architectural/8207/Floor-1,2,"0,1,3,4,8",5,20944,20944,256x256,256x256,False,room_count_below_min,False,,
high_quality_architectural_8224_Floor-1.npz,high_quality_architectural/8224/Floor-1,2,"0,2,3,5,8",5,34497,34497,256x256,256x256,False,room_count_below_min,False,,
high_quality_architectural_8246_Floor-1.npz,high_quality_architectural/8246/Floor-1,0,"0,8",2,4921,4921,256x256,256x256,False,room_count_below_min,False,,
high_quality_architectural_8251_Floor-2.npz,high_quality_architectural/8251/Floor-2,2,"0,1,2,4,5,6,8",7,10636,10636,256x256,256x256,False,room_count_below_min,False,,
high_quality_architectural_8269_Floor-1.npz,high_quality_architectural/8269/Floor-1,2,"0,2,5,8",4,26110,26110,256x256,256x256,False,room_count_below_min,False,,
high_quality_architectural_8281_Floor-2.npz,high_quality_architectural/8281/Floor-2,2,"0,3,8",3,7016,7016,256x256,256x256,False,room_count_below_min,False,,
high_quality_architectural_8299_Floor-1.npz,high_quality_architectural/8299/Floor-1,2,"0,2,7,8",4,5891,5891,256x256,256x256,False,room_count_below_min,False,,
high_quality_architectural_8308_Floor-1.npz,high_quality_architectural/8308/Floor-1,2,"0,1,2,4,7,8",6,38401,38401,256x256,256x256,False,room_count_below_min,False,,
high_quality_architectural_8320_Floor-1.npz,high_quality_architectural/8320/Floor-1,2,"0,1,2,3,8",5,6507,6507,256x256,256x256,False,room_count_below_min,False,,
high_quality_architectural_8320_Floor-2.npz,high_quality_architectural/8320/Floor-2,0,"0,8",2,3022,3022,256x256,256x256,False,room_count_below_min,False,,
high_quality_architectural_8327_Floor-3.npz,high_quality_architectural/8327/Floor-3,2,"0,7,8",3,3542,3542,256x256,256x256,False,room_count_below_min,False,,
high_quality_architectural_8328_Floor-1.npz,high_quality_architectural/8328/Floor-1,2,"0,7,8",3,5441,5441,256x256,256x256,False,room_count_below_min,False,,
high_quality_architectural_8343_Floor-1.npz,high_quality_architectural/8343/Floor-1,2,"0,1,2,4,8",5,20661,20661,256x256,256x256,False,room_count_below_min,False,,
high_quality_architectural_8424_Floor-1.npz,high_quality_architectural/8424/Floor-1,0,"0,8",2,7202,7202,256x256,256x256,False,room_count_below_min,False,,
high_quality_architectural_8452_Floor-2.npz,high_quality_architectural/8452/Floor-2,2,"0,3,8",3,14225,14225,256x256,256x256,False,room_count_below_min,False,,
high_quality_architectural_8469_Floor-1.npz,high_quality_architectural/8469/Floor-1,0,"0,8",2,6012,6012,256x256,256x256,False,room_count_below_min,False,,
high_quality_architectural_8509_Floor-1.npz,high_quality_architectural/8509/Floor-1,2,"0,2,8",3,19493,19493,256x256,256x256,False,room_count_below_min,False,,
high_quality_architectural_8517_Floor-2.npz,high_quality_architectural/8517/Floor-2,0,"0,8",2,548,548,256x256,256x256,False,room_count_below_min,False,,
high_quality_architectural_8582_Floor-1.npz,high_quality_architectural/8582/Floor-1,0,"0,8",2,11730,11730,256x256,256x256,False,room_count_below_min,False,,
high_quality_architectural_8596_Floor-1.npz,high_quality_architectural/8596/Floor-1,0,"0,8",2,4084,4084,256x256,256x256,False,room_count_below_min,False,,
high_quality_architectural_8608_Floor-1.npz,high_quality_architectural/8608/Floor-1,2,"0,1,2,3,4,8",6,40549,40549,256x256,256x256,False,room_count_below_min,False,,
high_quality_architectural_8629_Floor-1.npz,high_quality_architectural/8629/Floor-1,0,"0,8",2,2221,2221,256x256,256x256,False,room_count_below_min,False,,
high_quality_architectural_8638_Floor-2.npz,high_quality_architectural/8638/Floor-2,2,"0,1,2,4,8",5,12495,12495,256x256,256x256,False,room_count_below_min,False,,
high_quality_architectural_865_Floor-1.npz,high_quality_architectural/865/Floor-1,1,"0,1,2,5,8",5,35250,35250,256x256,256x256,False,room_count_below_min,False,,
high_quality_architectural_8685_Floor-1.npz,high_quality_architectural/8685/Floor-1,2,"0,2,3,8",4,6143,6143,256x256,256x256,False,room_count_below_min,False,,
high_quality_architectural_8690_Floor-1.npz,high_quality_architectural/8690/Floor-1,0,"0,8",2,5508,5508,256x256,256x256,False,room_count_below_min,False,,
high_quality_architectural_8719_Floor-1.npz,high_quality_architectural/8719/Floor-1,0,"0,8",2,4842,4842,256x256,256x256,False,room_count_below_min,False,,
high_quality_architectural_8737_Floor-1.npz,high_quality_architectural/8737/Floor-1,2,"0,1,2,4,8",5,15347,15347,256x256,256x256,False,room_count_below_min,False,,
high_quality_architectural_8737_Floor-2.npz,high_quality_architectural/8737/Floor-2,1,"0,7,8",3,12554,12554,256x256,256x256,False,room_count_below_min,False,,
high_quality_architectural_8752_Floor-2.npz,high_quality_architectural/8752/Floor-2,2,"0,3,4,8",4,7042,7042,256x256,256x256,False,room_count_below_min,False,,
high_quality_architectural_8805_Floor-1.npz,high_quality_architectural/8805/Floor-1,1,"0,1,3,8",4,18507,18507,256x256,256x256,False,room_count_below_min,False,,
high_quality_architectural_882_Floor-1.npz,high_quality_architectural/882/Floor-1,1,"0,1,5,8",4,22592,22592,256x256,256x256,False,room_count_below_min,False,,
high_quality_architectural_9001_Floor-1.npz,high_quality_architectural/9001/Floor-1,2,"0,1,2,3,7,8",6,12425,12425,256x256,256x256,False,room_count_below_min,False,,
high_quality_architectural_9008_Floor-1.npz,high_quality_architectural/9008/Floor-1,2,"0,1,2,5,8",5,36999,36999,256x256,256x256,False,room_count_below_min,False,,
high_quality_architectural_9019_Floor-1.npz,high_quality_architectural/9019/Floor-1,2,"0,1,2,8",4,38751,38751,256x256,256x256,False,room_count_below_min,False,,
high_quality_architectural_9035_Floor-1.npz,high_quality_architectural/9035/Floor-1,2,"0,2,4,5,8",5,31463,31463,256x256,256x256,False,room_count_below_min,False,,
high_quality_architectural_9038_Floor-1.npz,high_quality_architectural/9038/Floor-1,0,"0,8",2,4505,4505,256x256,256x256,False,room_count_below_min,False,,
high_quality_architectural_9042_Floor-1.npz,high_quality_architectural/9042/Floor-1,2,"0,2,4,5,6,8",6,21831,21831,256x256,256x256,False,room_count_below_min,False,,
high_quality_architectural_904_Floor-1.npz,high_quality_architectural/904/Floor-1,2,"0,2,7,8",4,23776,23776,256x256,256x256,False,room_count_below_min,False,,
high_quality_architectural_9118_Floor-2.npz,high_quality_architectural/9118/Floor-2,1,"0,5,8",3,7431,7431,256x256,256x256,False,room_count_below_min,False,,
high_quality_architectural_911_Floor-1.npz,high_quality_architectural/911/Floor-1,0,"0,8",2,2035,2035,256x256,256x256,False,room_count_below_min,False,,
high_quality_architectural_9138_Floor-1.npz,high_quality_architectural/9138/Floor-1,1,"0,7,8",3,19679,19679,256x256,256x256,False,room_count_below_min,False,,
high_quality_architectural_913_Floor-1.npz,high_quality_architectural/913/Floor-1,0,"0,8",2,2357,2357,256x256,256x256,False,room_count_below_min,False,,
high_quality_architectural_921_Floor-2.npz,high_quality_architectural/921/Floor-2,1,"0,5,8",3,10581,10581,256x256,256x256,False,room_count_below_min,False,,
high_quality_architectural_9222_Floor-1.npz,high_quality_architectural/9222/Floor-1,0,"0,8",2,5266,5266,256x256,256x256,False,room_count_below_min,False,,
high_quality_architectural_9228_Floor-1.npz,high_quality_architectural/9228/Floor-1,2,"0,1,2,3,5,8",6,32016,32016,256x256,256x256,False,room_count_below_min,False,,
high_quality_architectural_9231_Floor-1.npz,high_quality_architectural/9231/Floor-1,2,"0,1,4,5,8",5,13213,13213,256x256,256x256,False,room_count_below_min,False,,
high_quality_architectural_9232_Floor-1.npz,high_quality_architectural/9232/Floor-1,2,"0,1,2,3,4,5,8",7,48671,48671,256x256,256x256,False,room_count_below_min,False,,
high_quality_architectural_928_Floor-1.npz,high_quality_architectural/928/Floor-1,2,"0,1,2,4,5,8",6,24200,24200,256x256,256x256,False,room_count_below_min,False,,
high_quality_architectural_928_Floor-2.npz,high_quality_architectural/928/Floor-2,2,"0,1,2,7,8",5,8424,8424,256x256,256x256,False,room_count_below_min,False,,
high_quality_architectural_9292_Floor-1.npz,high_quality_architectural/9292/Floor-1,0,"0,8",2,74,74,256x256,256x256,False,room_count_below_min,False,,
high_quality_architectural_9295_Floor-1.npz,high_quality_architectural/9295/Floor-1,2,"0,3,4,8",4,15838,15838,256x256,256x256,False,room_count_below_min,False,,
high_quality_architectural_9304_Floor-2.npz,high_quality_architectural/9304/Floor-2,1,"0,2,8",3,5311,5311,256x256,256x256,False,room_count_below_min,False,,
high_quality_architectural_9312_Floor-1.npz,high_quality_architectural/9312/Floor-1,0,"0,8",2,8684,8684,256x256,256x256,False,room_count_below_min,False,,
high_quality_architectural_9346_Floor-2.npz,high_quality_architectural/9346/Floor-2,0,"0,8",2,2575,2575,256x256,256x256,False,room_count_below_min,False,,
high_quality_architectural_9422_Floor-1.npz,high_quality_architectural/9422/Floor-1,1,"0,5,8",3,13629,13629,256x256,256x256,False,room_count_below_min,False,,
high_quality_architectural_9424_Floor-1.npz,high_quality_architectural/9424/Floor-1,0,"0,8",2,6644,6644,256x256,256x256,False,room_count_below_min,False,,
high_quality_architectural_9439_Floor-1.npz,high_quality_architectural/9439/Floor-1,2,"0,1,2,4,8",5,33717,33717,256x256,256x256,False,room_count_below_min,False,,
high_quality_architectural_9452_Floor-1.npz,high_quality_architectural/9452/Floor-1,0,"0,8",2,5902,5902,256x256,256x256,False,room_count_below_min,False,,
high_quality_architectural_9461_Floor-1.npz,high_quality_architectural/9461/Floor-1,0,"0,8",2,4507,4507,256x256,256x256,False,room_count_below_min,False,,
high_quality_architectural_9461_Floor-2.npz,high_quality_architectural/9461/Floor-2,0,"0,8",2,1959,1959,256x256,256x256,False,room_count_below_min,False,,
high_quality_architectural_9492_Floor-1.npz,high_quality_architectural/9492/Floor-1,1,"0,1,2,5,8",5,39843,39843,256x256,256x256,False,room_count_below_min,False,,
high_quality_architectural_9504_Floor-1.npz,high_quality_architectural/9504/Floor-1,0,"0,8",2,1466,1466,256x256,256x256,False,room_count_below_min,False,,
high_quality_architectural_9504_Floor-2.npz,high_quality_architectural/9504/Floor-2,0,"0,8",2,646,646,256x256,256x256,False,room_count_below_min,False,,
high_quality_architectural_9505_Floor-1.npz,high_quality_architectural/9505/Floor-1,2,"0,2,4,8",4,18153,18153,256x256,256x256,False,room_count_below_min,False,,
high_quality_architectural_9534_Floor-1.npz,high_quality_architectural/9534/Floor-1,1,"0,1,2,8",4,10838,10838,256x256,256x256,False,room_count_below_min,False,,
high_quality_architectural_9534_Floor-2.npz,high_quality_architectural/9534/Floor-2,0,"0,8",2,1980,1980,256x256,256x256,False,room_count_below_min,False,,
high_quality_architectural_9535_Floor-1.npz,high_quality_architectural/9535/Floor-1,1,"0,5,8",3,2359,2359,256x256,256x256,False,room_count_below_min,False,,
high_quality_architectural_9535_Floor-2.npz,high_quality_architectural/9535/Floor-2,1,"0,5,8",3,1408,1408,256x256,256x256,False,room_count_below_min,False,,
high_quality_architectural_9535_Floor-3.npz,high_quality_architectural/9535/Floor-3,1,"0,5,8",3,1864,1864,256x256,256x256,False,room_count_below_min,False,,
high_quality_architectural_9556_Floor-1.npz,high_quality_architectural/9556/Floor-1,2,"0,1,2,5,7,8",6,24490,24490,256x256,256x256,False,room_count_below_min,False,,
high_quality_architectural_9557_Floor-1.npz,high_quality_architectural/9557/Floor-1,2,"0,1,3,8",4,19958,19958,256x256,256x256,False,room_count_below_min,False,,
high_quality_architectural_9583_Floor-2.npz,high_quality_architectural/9583/Floor-2,2,"0,3,7,8",4,13059,13059,256x256,256x256,False,room_count_below_min,False,,
high_quality_architectural_958_Floor-1.npz,high_quality_architectural/958/Floor-1,2,"0,1,2,4,8",5,22645,22645,256x256,256x256,False,room_count_below_min,False,,
high_quality_architectural_9598_Floor-1.npz,high_quality_architectural/9598/Floor-1,0,"0,8",2,5163,5163,256x256,256x256,False,room_count_below_min,False,,
high_quality_architectural_9602_Floor-1.npz,high_quality_architectural/9602/Floor-1,0,"0,8",2,7186,7186,256x256,256x256,False,room_count_below_min,False,,
high_quality_architectural_9629_Floor-1.npz,high_quality_architectural/9629/Floor-1,1,"0,5,8",3,9429,9429,256x256,256x256,False,room_count_below_min,False,,
high_quality_architectural_9633_Floor-1.npz,high_quality_architectural/9633/Floor-1,2,"0,1,2,8",4,29779,29779,256x256,256x256,False,room_count_below_min,False,,
high_quality_architectural_9640_Floor-1.npz,high_quality_architectural/9640/Floor-1,0,"0,8",2,7699,7699,256x256,256x256,False,room_count_below_min,False,,
high_quality_architectural_9727_Floor-2.npz,high_quality_architectural/9727/Floor-2,0,"0,8",2,743,743,256x256,256x256,False,room_count_below_min,False,,
high_quality_architectural_9730_Floor-1.npz,high_quality_architectural/9730/Floor-1,0,"0,8",2,4937,4937,256x256,256x256,False,room_count_below_min,False,,
high_quality_architectural_9748_Floor-2.npz,high_quality_architectural/9748/Floor-2,2,"0,3,8",3,12268,12268,256x256,256x256,False,room_count_below_min,False,,
high_quality_architectural_9822_Floor-1.npz,high_quality_architectural/9822/Floor-1,2,"0,1,2,4,8",5,41238,41238,256x256,256x256,False,room_count_below_min,False,,
high_quality_architectural_9825_Floor-1.npz,high_quality_architectural/9825/Floor-1,0,"0,8",2,5971,5971,256x256,256x256,False,room_count_below_min,False,,
high_quality_architectural_985_Floor-1.npz,high_quality_architectural/985/Floor-1,1,"0,1,2,8",4,14952,14952,256x256,256x256,False,room_count_below_min,False,,
high_quality_architectural_9875_Floor-3.npz,high_quality_architectural/9875/Floor-3,0,"0,8",2,1950,1950,256x256,256x256,False,room_count_below_min,False,,
high_quality_architectural_9881_Floor-1.npz,high_quality_architectural/9881/Floor-1,2,"0,2,4,5,8",5,38151,38151,256x256,256x256,False,room_count_below_min,False,,
